Date,Weekday,Week_Number,Month,Year,Hour,Country,Region,Site,Queue_Name,Channel,All_Units_Filter,Queue_Units_Filter,ASU_Tier_Filter,Business_Unit,planned_Volume,offered_Volume,handled_Volume,abandoned_Volume,backlog_Volume,aHT_Seconds,handle_Time_Total,Wait_Time_Avg,shrinkage_Percent,required_FTE,agent_Count,utilization_percent,Active_Agents,Service_Level_Percent,Occupancy_Percent
2023-09-29,Friday,39,September,2023,3,Bulgaria,EMEA,Bulgaria Hub,INBOUND_VOICE_TIER1,Chat,Consumer,Inbound,Tier 1,Banking,464,492,484,8,8,355,171820,5.772357724,28,5,6,71,4,86,89
2022-10-16,Sunday,41,October,2022,15,Kenya,EMEA,Kenya Hub,EMEA_CHAT_SUPPORT_T1,Email,Consumer,Support,Tier 1,Retail,91,79,66,13,13,272,17952,44.75949367,18,0,0,90,0,73,71
2022-06-29,Wednesday,26,June,2022,22,South Africa,EMEA,Cape Town,EMEA_CORE_EMAIL_T2,Email,Premium,Support,Tier 2,Telecom,359,370,358,12,12,593,212294,19.23243243,28,7,9,90,8,76,83
2025-07-31,Thursday,31,July,2025,6,Iceland,EMEA,Iceland Hub,INBOUND_VOICE_TIER1,Chat,Enterprise,Inbound,Tier 3,Telecom,307,318,308,10,10,856,263648,26.91823899,25,9,11,83,9,71,69
2022-07-06,Wednesday,27,July,2022,0,Luxembourg,EMEA,Luxembourg Hub,OUTBOUND_SALES_T2,Email,Enterprise,Outbound,Tier 1,Telecom,500,481,466,15,15,866,403556,27.00623701,34,14,19,66,13,72,86
2022-11-21,Monday,47,November,2022,13,Portugal,EMEA,Portugal Hub,INBOUND_VOICE_TIER1,Email,Consumer,Inbound,Tier 2,E-commerce,118,121,98,23,23,483,47334,91.80991736,25,1,1,65,1,81,83
2023-02-03,Friday,5,February,2023,3,Iceland,EMEA,Iceland Hub,OUTBOUND_SALES_T2,Chat,Premium,Outbound,Tier 2,Healthcare,289,284,275,9,9,805,221375,25.51056338,25,7,9,65,6,86,63
2025-03-04,Tuesday,10,March,2025,20,Hungary,EMEA,Hungary Hub,EMEA_CORE_EMAIL_TIER2,Chat,Enterprise,Support,Tier 1,E-commerce,161,145,132,13,13,663,87516,59.44137931,21,3,4,73,3,79,89
2024-10-26,Saturday,43,October,2024,7,France,EMEA,Paris,EMEA_CHAT_SUPPORT_T1,Chat,Premium,Support,Tier 1,Telecom,161,191,161,30,30,461,74221,72.40837696,33,2,3,66,2,75,63
2024-11-14,Thursday,46,November,2024,19,Slovakia,EMEA,Slovakia Hub,CUSTOMER_SUPPORT_CHAT_T1,Email,Enterprise,Customer Support,Tier 1,Retail,385,372,360,12,12,894,321840,28.83870968,26,11,14,79,11,90,71
2022-01-27,Thursday,4,January,2022,12,Czech Republic,EMEA,Czech Republic Hub,INBOUND_VOICE_TIER1,Voice,Premium,Inbound,Tier 1,Banking,139,133,113,20,20,691,78083,103.9097744,31,2,3,80,2,91,60
2021-05-16,Sunday,19,May,2021,14,Bulgaria,EMEA,Bulgaria Hub,RETENTION_VOICE_T2,Chat,Enterprise,Retention,Tier 3,Healthcare,275,268,261,7,7,346,90306,9.037313433,23,3,4,76,3,77,77
2022-04-27,Wednesday,17,April,2022,22,Spain,EMEA,Madrid,INBOUND_VOICE_TIER1,Voice,Consumer,Inbound,Tier 1,Telecom,81,78,66,12,12,450,29700,69.23076923,20,1,1,68,1,90,72
2024-10-17,Thursday,42,October,2024,9,Israel,EMEA,Israel Hub,EMEA_CHAT_SUPPORT_T1,Chat,Premium,Support,Tier 3,Telecom,396,385,363,22,22,801,290763,45.77142857,16,10,12,95,11,91,74
2023-06-13,Tuesday,24,June,2023,12,Sweden,EMEA,Sweden Hub,EMEA_EMAIL_SUPPORT_T3,Chat,Consumer,Support,Tier 1,E-commerce,474,467,466,1,1,319,148654,0.683083512,32,5,7,86,6,72,60
2023-08-30,Wednesday,35,August,2023,20,Ukraine,EMEA,Ukraine Hub,EMEA_CORE_EMAIL_T2,Voice,Enterprise,Support,Tier 2,Telecom,447,462,437,25,25,529,231173,28.62554113,30,8,10,78,8,83,85
2025-03-13,Thursday,11,March,2025,6,Finland,EMEA,Finland Hub,RETENTION_VOICE_T2,Voice,Enterprise,Retention,Tier 1,E-commerce,365,379,366,13,13,492,180072,16.87598945,30,6,8,72,6,89,60
2022-04-01,Friday,13,April,2022,3,Poland,EMEA,Poland Hub,OUTBOUND_SALES_T2,Voice,Enterprise,Outbound,Tier 2,Healthcare,103,94,75,19,19,803,60225,162.3085106,16,2,2,77,2,91,86
2022-03-14,Monday,11,March,2022,7,Germany,EMEA,Berlin,TECH_SUPPORT_EMAIL_T3,Voice,Enterprise,Tech Support,Tier 1,Retail,118,121,111,10,10,779,86469,64.38016529,25,3,4,82,3,78,82
2024-04-21,Sunday,16,April,2024,22,Morocco,EMEA,Morocco Hub,EMEA_EMAIL_SUPPORT_T3,Voice,Premium,Support,Tier 1,Telecom,108,133,128,5,5,348,44544,13.08270677,27,1,1,66,1,75,73
2021-09-01,Wednesday,35,September,2021,16,Netherlands,EMEA,Amsterdam,OUTBOUND_SALES_T2,Voice,Enterprise,Outbound,Tier 2,Retail,428,454,446,8,8,586,261356,10.32599119,21,9,11,93,10,73,68
2024-04-24,Wednesday,17,April,2024,22,Iceland,EMEA,Iceland Hub,EMEA_CHAT_SUPPORT_T1,Voice,Consumer,Support,Tier 2,E-commerce,364,352,342,10,10,441,150822,12.52840909,34,5,7,78,5,73,77
2023-04-22,Saturday,16,April,2023,18,Luxembourg,EMEA,Luxembourg Hub,EMEA_EMAIL_SUPPORT_T3,Chat,Premium,Support,Tier 3,E-commerce,75,72,48,24,24,493,23664,164.3333333,20,0,0,90,0,95,74
2021-10-08,Friday,40,October,2021,22,Finland,EMEA,Finland Hub,EMEA_EMAIL_SUPPORT_T3,Voice,Consumer,Support,Tier 2,Healthcare,234,255,230,25,25,800,184000,78.43137255,29,6,8,75,6,73,80
2023-12-12,Tuesday,50,December,2023,20,Sweden,EMEA,Sweden Hub,OUTBOUND_SALES_T2,Chat,Premium,Outbound,Tier 1,Healthcare,293,299,282,17,17,741,208962,42.13043478,33,7,9,68,6,76,80
2021-10-12,Tuesday,41,October,2021,15,Slovenia,EMEA,Slovenia Hub,EMEA_CHAT_SUPPORT_T1,Chat,Premium,Support,Tier 3,Banking,394,382,360,22,22,856,308160,49.29842932,34,10,13,67,9,85,73
2025-09-15,Monday,38,September,2025,23,Slovakia,EMEA,Slovakia Hub,EMEA_CHAT_SUPPORT_T1,Voice,Consumer,Support,Tier 3,Healthcare,188,204,194,10,10,664,128816,32.54901961,18,4,5,75,4,81,63
2025-07-13,Sunday,28,July,2025,13,France,EMEA,Paris,INBOUND_VOICE_TIER1,Email,Enterprise,Inbound,Tier 1,Healthcare,410,391,382,9,9,763,291466,17.56265985,28,10,13,86,11,84,78
2023-09-26,Tuesday,39,September,2023,21,Israel,EMEA,Israel Hub,TECH_SUPPORT_EMAIL_T3,Voice,Premium,Tech Support,Tier 2,Retail,67,65,51,14,14,201,10251,43.29230769,30,0,0,79,0,78,78
2022-05-06,Friday,18,May,2022,13,Bulgaria,EMEA,Bulgaria Hub,EMEA_RETAIL_VOICE_T2,Chat,Enterprise,Support,Tier 3,Healthcare,190,170,170,0,0,768,130560,0.0,15,4,5,70,4,86,63
2023-11-12,Sunday,45,November,2023,13,Finland,EMEA,Finland Hub,EMEA_CORE_EMAIL_T2,Chat,Premium,Support,Tier 2,E-commerce,321,340,327,13,13,797,260619,30.47352941,23,9,11,66,7,71,79
2021-05-25,Tuesday,21,May,2021,20,Sweden,EMEA,Sweden Hub,EMEA_CORE_EMAIL_TIER2,Voice,Consumer,Support,Tier 1,Healthcare,107,110,109,1,1,530,57770,4.818181818,15,2,2,84,2,84,83
2025-10-07,Tuesday,41,October,2025,8,Israel,EMEA,Israel Hub,EMEA_CORE_EMAIL_TIER2,Email,Consumer,Support,Tier 1,Retail,279,286,265,21,21,225,59625,16.52097902,33,2,3,83,2,73,83
2022-05-26,Thursday,21,May,2022,17,Poland,EMEA,Poland Hub,RETENTION_VOICE_T2,Voice,Enterprise,Retention,Tier 3,E-commerce,257,258,257,1,1,887,227959,3.437984496,26,7,9,92,8,73,66
2025-04-20,Sunday,16,April,2025,23,Morocco,EMEA,Morocco Hub,CUSTOMER_SUPPORT_CHAT_T1,Chat,Premium,Customer Support,Tier 3,E-commerce,220,247,225,22,22,393,88425,35.00404858,29,3,4,84,3,82,62
2023-10-03,Tuesday,40,October,2023,2,Bulgaria,EMEA,Bulgaria Hub,OUTBOUND_SALES_T2,Voice,Consumer,Outbound,Tier 3,Healthcare,466,467,464,3,3,337,156368,2.164882227,32,5,7,86,6,74,76
2022-04-07,Thursday,14,April,2022,12,Portugal,EMEA,Portugal Hub,EMEA_EMAIL_SUPPORT_T3,Email,Premium,Support,Tier 2,E-commerce,102,82,56,26,26,846,47376,268.2439024,27,1,1,88,1,89,85
2021-09-13,Monday,37,September,2021,12,Netherlands,EMEA,Amsterdam,EMEA_CORE_EMAIL_TIER2,Email,Enterprise,Support,Tier 2,Retail,210,223,212,11,11,658,139496,32.4573991,34,4,5,90,5,76,67
2023-01-08,Sunday,1,January,2023,3,Luxembourg,EMEA,Luxembourg Hub,EMEA_CORE_EMAIL_TIER2,Voice,Consumer,Support,Tier 3,Retail,168,193,180,13,13,889,160020,59.88082902,20,5,6,65,4,88,82
2024-07-11,Thursday,28,July,2024,10,South Africa,EMEA,Cape Town,CUSTOMER_SUPPORT_CHAT_T1,Email,Consumer,Customer Support,Tier 3,Banking,190,190,182,8,8,347,63154,14.61052632,15,2,2,77,2,87,64
2025-01-25,Saturday,4,January,2025,9,Netherlands,EMEA,Amsterdam,OUTBOUND_SALES_T2,Email,Enterprise,Outbound,Tier 3,Healthcare,288,278,261,17,17,830,216630,50.75539568,17,7,8,70,6,87,83
2025-01-19,Sunday,3,January,2025,6,Turkey,EMEA,Turkey Hub,EMEA_RETAIL_VOICE_T2,Voice,Enterprise,Support,Tier 3,Retail,261,290,262,28,28,200,52400,19.31034483,16,1,1,89,1,79,89
2021-04-19,Monday,16,April,2021,21,United Kingdom,EMEA,London,EMEA_CHAT_SUPPORT_T1,Voice,Enterprise,Support,Tier 3,E-commerce,379,390,378,12,12,714,269892,21.96923077,23,9,11,67,7,70,80
2022-05-16,Monday,20,May,2022,18,Germany,EMEA,Berlin,CUSTOMER_SUPPORT_CHAT_T1,Email,Consumer,Customer Support,Tier 1,E-commerce,241,252,226,26,26,307,69382,31.67460317,24,2,2,81,2,73,64
2024-11-16,Saturday,46,November,2024,10,Slovakia,EMEA,Slovakia Hub,TECH_SUPPORT_EMAIL_T3,Email,Premium,Tech Support,Tier 1,Healthcare,70,90,83,7,7,189,15687,14.7,24,0,0,76,0,71,71
2022-12-19,Monday,51,December,2022,9,Portugal,EMEA,Portugal Hub,EMEA_RETAIL_VOICE_T2,Email,Enterprise,Support,Tier 1,Telecom,365,389,363,26,26,783,284229,52.33419023,19,9,11,89,10,72,86
2021-02-10,Wednesday,6,February,2021,2,Turkey,EMEA,Turkey Hub,TECH_SUPPORT_EMAIL_T3,Email,Premium,Tech Support,Tier 2,Banking,223,207,193,14,14,538,103834,36.38647343,15,3,3,79,2,81,67
2021-06-17,Thursday,24,June,2021,18,Netherlands,EMEA,Amsterdam,EMEA_EMAIL_SUPPORT_T3,Voice,Premium,Support,Tier 2,E-commerce,428,428,410,18,18,256,104960,10.76635514,21,3,4,92,4,91,88
2024-05-07,Tuesday,19,May,2024,11,Denmark,EMEA,Denmark Hub,TECH_SUPPORT_EMAIL_T3,Email,Enterprise,Tech Support,Tier 3,Telecom,276,291,276,15,15,372,102672,19.17525773,30,3,4,88,4,82,86
2025-01-23,Thursday,4,January,2025,10,Finland,EMEA,Finland Hub,EMEA_CHAT_SUPPORT_T1,Email,Consumer,Support,Tier 3,E-commerce,436,441,411,30,30,761,312771,51.76870748,30,10,13,65,8,76,79
2022-08-19,Friday,33,August,2022,15,Slovakia,EMEA,Slovakia Hub,EMEA_EMAIL_SUPPORT_T3,Voice,Enterprise,Support,Tier 1,Healthcare,146,159,157,2,2,377,59189,4.742138365,29,2,3,76,2,87,90
2024-05-26,Sunday,21,May,2024,2,Spain,EMEA,Madrid,EMEA_CORE_EMAIL_T2,Chat,Premium,Support,Tier 2,Banking,306,290,283,7,7,850,240550,20.51724138,21,8,10,89,9,90,90
2021-08-29,Sunday,34,August,2021,0,Luxembourg,EMEA,Luxembourg Hub,TECH_SUPPORT_EMAIL_T3,Email,Consumer,Tech Support,Tier 3,Healthcare,50,79,55,24,24,238,13090,72.30379747,28,0,0,75,0,77,75
2024-09-06,Friday,36,September,2024,20,United Kingdom,EMEA,London,EMEA_CORE_EMAIL_TIER2,Email,Premium,Support,Tier 2,Banking,215,235,215,20,20,483,103845,41.10638298,20,3,4,86,3,92,66
2024-09-03,Tuesday,36,September,2024,8,Netherlands,EMEA,Amsterdam,RETENTION_VOICE_T2,Voice,Consumer,Retention,Tier 2,E-commerce,140,157,137,20,20,462,63294,58.85350318,26,2,3,74,2,75,66
2024-10-08,Tuesday,41,October,2024,4,Spain,EMEA,Madrid,EMEA_EMAIL_SUPPORT_T3,Email,Enterprise,Support,Tier 3,Banking,357,363,345,18,18,584,201480,28.95867769,34,6,8,71,6,81,65
2024-03-06,Wednesday,10,March,2024,18,Netherlands,EMEA,Amsterdam,RETENTION_VOICE_T2,Email,Enterprise,Retention,Tier 3,Banking,173,159,132,27,27,360,47520,61.13207547,26,1,1,82,1,86,72
2025-02-27,Thursday,9,February,2025,13,Spain,EMEA,Madrid,OUTBOUND_SALES_T2,Email,Enterprise,Outbound,Tier 1,Retail,272,254,245,9,9,359,87955,12.72047244,27,3,4,93,4,78,62
2025-02-21,Friday,8,February,2025,13,Romania,EMEA,Romania Hub,EMEA_EMAIL_SUPPORT_T3,Chat,Consumer,Support,Tier 3,Telecom,152,141,117,24,24,858,100386,146.0425532,17,3,4,93,4,75,84
2024-07-09,Tuesday,28,July,2024,2,Iceland,EMEA,Iceland Hub,EMEA_CORE_EMAIL_T2,Voice,Consumer,Support,Tier 3,Healthcare,258,276,264,12,12,774,204336,33.65217391,16,7,8,92,7,75,61
2021-02-25,Thursday,8,February,2021,16,Belgium,EMEA,Belgium Hub,EMEA_RETAIL_VOICE_T2,Voice,Consumer,Support,Tier 2,Healthcare,343,346,319,27,27,564,179916,44.01156069,15,6,7,86,6,77,60
2023-11-24,Friday,47,November,2023,17,Ireland,EMEA,Dublin,RETENTION_VOICE_T2,Email,Enterprise,Retention,Tier 2,Telecom,230,247,232,15,15,882,204624,53.56275304,25,7,9,91,8,83,90
2024-07-28,Sunday,30,July,2024,7,Sweden,EMEA,Sweden Hub,EMEA_CHAT_SUPPORT_T1,Voice,Consumer,Support,Tier 3,Retail,257,263,256,7,7,876,224256,23.31558935,18,7,8,93,7,89,80
2022-01-17,Monday,3,January,2022,6,Bulgaria,EMEA,Bulgaria Hub,EMEA_CHAT_SUPPORT_T1,Email,Premium,Support,Tier 3,Healthcare,158,159,132,27,27,188,24816,31.9245283,15,0,0,81,0,86,83
2021-04-22,Thursday,16,April,2021,8,Slovenia,EMEA,Slovenia Hub,TECH_SUPPORT_EMAIL_T3,Email,Consumer,Tech Support,Tier 2,Telecom,488,485,468,17,17,686,321048,24.04536082,18,11,13,94,12,82,84
2025-10-25,Saturday,43,October,2025,12,Morocco,EMEA,Morocco Hub,CUSTOMER_SUPPORT_CHAT_T1,Voice,Consumer,Customer Support,Tier 3,Banking,281,277,269,8,8,508,136652,14.67148014,24,4,5,94,5,75,77
2021-01-13,Wednesday,2,January,2021,4,Bulgaria,EMEA,Bulgaria Hub,OUTBOUND_SALES_T2,Chat,Premium,Outbound,Tier 2,Healthcare,189,174,174,0,0,673,117102,0.0,18,4,5,90,5,75,79
2022-06-06,Monday,23,June,2022,0,Italy,EMEA,Rome,EMEA_CHAT_SUPPORT_T1,Voice,Consumer,Support,Tier 1,Telecom,410,439,413,26,26,853,352289,50.51936219,31,12,16,92,15,73,77
2024-03-12,Tuesday,11,March,2024,1,Israel,EMEA,Israel Hub,TECH_SUPPORT_EMAIL_T3,Chat,Consumer,Tech Support,Tier 1,E-commerce,232,259,235,24,24,206,48410,19.08880309,35,1,1,87,1,74,73
2025-07-16,Wednesday,29,July,2025,18,Ireland,EMEA,Dublin,CUSTOMER_SUPPORT_CHAT_T1,Voice,Premium,Customer Support,Tier 3,Telecom,59,61,59,2,2,408,24072,13.37704918,17,0,0,66,0,90,70
2021-09-16,Thursday,37,September,2021,14,Czech Republic,EMEA,Czech Republic Hub,RETENTION_VOICE_T2,Email,Consumer,Retention,Tier 2,Healthcare,134,122,113,9,9,687,77631,50.68032787,20,2,2,87,2,95,90
2023-01-15,Sunday,2,January,2023,4,Slovenia,EMEA,Slovenia Hub,EMEA_CORE_EMAIL_TIER2,Email,Premium,Support,Tier 2,Telecom,201,200,179,21,21,481,86099,50.505,19,2,2,89,2,70,84
2022-02-08,Tuesday,6,February,2022,11,Ukraine,EMEA,Ukraine Hub,RETENTION_VOICE_T2,Email,Premium,Retention,Tier 3,E-commerce,375,375,351,24,24,861,302211,55.104,33,10,13,69,9,76,88
2025-06-12,Thursday,24,June,2025,4,Morocco,EMEA,Morocco Hub,EMEA_EMAIL_SUPPORT_T3,Voice,Premium,Support,Tier 2,Banking,395,400,395,5,5,721,284795,9.0125,15,9,10,69,7,82,63
2024-08-24,Saturday,34,August,2024,9,Greece,EMEA,Greece Hub,RETENTION_VOICE_T2,Voice,Premium,Retention,Tier 1,Healthcare,174,194,190,4,4,323,61370,6.659793814,16,2,2,79,2,90,73
2025-01-17,Friday,3,January,2025,15,Spain,EMEA,Madrid,INBOUND_VOICE_TIER1,Email,Consumer,Inbound,Tier 1,Healthcare,265,284,261,23,23,850,221850,68.83802817,28,7,9,92,8,84,90
2021-06-28,Monday,26,June,2021,0,Finland,EMEA,Finland Hub,INBOUND_VOICE_TIER1,Voice,Consumer,Inbound,Tier 3,E-commerce,128,146,125,21,21,216,27000,31.06849315,15,0,0,68,0,71,65
2024-06-08,Saturday,23,June,2024,2,Romania,EMEA,Romania Hub,CUSTOMER_SUPPORT_CHAT_T1,Voice,Premium,Customer Support,Tier 1,Healthcare,309,303,301,2,2,230,69230,1.518151815,27,2,3,90,3,71,64
2024-10-13,Sunday,41,October,2024,8,Belgium,EMEA,Belgium Hub,EMEA_CORE_EMAIL_TIER2,Voice,Consumer,Support,Tier 1,Telecom,72,98,79,19,19,214,16906,41.48979592,35,0,0,92,0,95,85
2021-02-23,Tuesday,8,February,2021,2,Norway,EMEA,Norway Hub,EMEA_CORE_EMAIL_TIER2,Chat,Enterprise,Support,Tier 2,E-commerce,178,188,173,15,15,538,93074,42.92553191,19,3,4,70,3,84,82
2021-12-30,Thursday,52,December,2021,21,Romania,EMEA,Romania Hub,INBOUND_VOICE_TIER1,Email,Consumer,Inbound,Tier 1,E-commerce,250,235,226,9,9,352,79552,13.48085106,20,2,2,85,2,85,83
2022-02-25,Friday,8,February,2022,20,Hungary,EMEA,Hungary Hub,CUSTOMER_SUPPORT_CHAT_T1,Email,Premium,Customer Support,Tier 1,Banking,387,382,373,9,9,245,91385,5.772251309,29,3,4,91,4,75,67
2021-02-12,Friday,6,February,2021,8,Germany,EMEA,Berlin,EMEA_EMAIL_SUPPORT_T3,Chat,Premium,Support,Tier 3,E-commerce,367,361,349,12,12,764,266636,25.39612188,16,9,10,93,9,95,90
2024-05-30,Thursday,22,May,2024,20,Netherlands,EMEA,Amsterdam,TECH_SUPPORT_EMAIL_T3,Chat,Premium,Tech Support,Tier 2,E-commerce,143,143,116,27,27,454,52664,85.72027972,28,1,1,72,1,90,73
2025-12-15,Monday,51,December,2025,5,Bulgaria,EMEA,Bulgaria Hub,EMEA_RETAIL_VOICE_T2,Chat,Enterprise,Support,Tier 1,Telecom,218,242,234,8,8,421,98514,13.91735537,27,3,4,88,4,71,90
2025-03-21,Friday,12,March,2025,3,Luxembourg,EMEA,Luxembourg Hub,INBOUND_VOICE_TIER1,Email,Consumer,Inbound,Tier 2,Healthcare,408,421,410,11,11,513,210330,13.40380048,32,7,9,69,6,89,89
2024-09-13,Friday,37,September,2024,9,Romania,EMEA,Romania Hub,EMEA_CORE_EMAIL_TIER2,Email,Premium,Support,Tier 3,Healthcare,483,463,452,11,11,894,404088,21.23974082,16,14,16,69,11,76,67
2024-05-09,Thursday,19,May,2024,13,Luxembourg,EMEA,Luxembourg Hub,INBOUND_VOICE_TIER1,Email,Premium,Inbound,Tier 2,Retail,319,336,307,29,29,635,194945,54.80654762,19,6,7,68,5,85,60
2024-11-13,Wednesday,46,November,2024,6,Spain,EMEA,Madrid,OUTBOUND_SALES_T2,Chat,Enterprise,Outbound,Tier 3,Banking,500,499,472,27,27,898,423856,48.58917836,15,14,16,95,15,83,84
2025-05-25,Sunday,21,May,2025,3,Ukraine,EMEA,Ukraine Hub,OUTBOUND_SALES_T2,Chat,Enterprise,Outbound,Tier 1,Retail,391,398,377,21,21,715,269555,37.72613065,15,9,10,85,9,70,74
2025-07-25,Friday,30,July,2025,7,Poland,EMEA,Poland Hub,EMEA_CORE_EMAIL_TIER2,Voice,Enterprise,Support,Tier 3,E-commerce,51,60,33,27,27,706,23298,317.7,29,0,0,72,0,84,81
2021-06-02,Wednesday,22,June,2021,14,Portugal,EMEA,Portugal Hub,CUSTOMER_SUPPORT_CHAT_T1,Voice,Enterprise,Customer Support,Tier 1,E-commerce,487,480,457,23,23,737,336809,35.31458333,30,11,14,83,12,90,90
2021-08-01,Sunday,30,August,2021,15,Spain,EMEA,Madrid,EMEA_CHAT_SUPPORT_T1,Chat,Premium,Support,Tier 2,Healthcare,210,230,220,10,10,794,174680,34.52173913,22,6,7,84,6,93,79
2023-07-29,Saturday,30,July,2023,1,Slovenia,EMEA,Slovenia Hub,EMEA_EMAIL_SUPPORT_T3,Email,Consumer,Support,Tier 2,Banking,428,417,402,15,15,706,283812,25.39568345,19,9,11,66,7,71,66
2025-11-19,Wednesday,47,November,2025,12,Luxembourg,EMEA,Luxembourg Hub,OUTBOUND_SALES_T2,Email,Enterprise,Outbound,Tier 2,Retail,63,73,59,14,14,240,14160,46.02739726,24,0,0,91,0,70,71
2023-06-11,Sunday,23,June,2023,0,Slovakia,EMEA,Slovakia Hub,TECH_SUPPORT_EMAIL_T3,Chat,Consumer,Tech Support,Tier 3,Banking,149,142,132,10,10,676,89232,47.6056338,31,3,4,88,4,73,67
2024-05-23,Thursday,21,May,2024,16,Portugal,EMEA,Portugal Hub,CUSTOMER_SUPPORT_CHAT_T1,Email,Premium,Customer Support,Tier 2,Banking,384,398,388,10,10,309,119892,7.763819096,17,4,5,65,3,86,79
2023-05-16,Tuesday,20,May,2023,19,Slovakia,EMEA,Slovakia Hub,EMEA_RETAIL_VOICE_T2,Email,Enterprise,Support,Tier 2,Healthcare,355,341,321,20,20,678,217638,39.76539589,29,7,9,92,8,89,79
2023-12-25,Monday,52,December,2023,15,Germany,EMEA,Berlin,CUSTOMER_SUPPORT_CHAT_T1,Chat,Enterprise,Customer Support,Tier 3,E-commerce,404,396,396,0,0,870,344520,0.0,18,11,13,74,10,70,87
2022-07-17,Sunday,28,July,2022,9,Slovenia,EMEA,Slovenia Hub,OUTBOUND_SALES_T2,Chat,Consumer,Outbound,Tier 2,Healthcare,356,373,358,15,15,519,185802,20.87131367,35,6,8,78,6,87,72
2024-04-07,Sunday,14,April,2024,4,Russia,EMEA,Russia Hub,CUSTOMER_SUPPORT_CHAT_T1,Chat,Consumer,Customer Support,Tier 1,E-commerce,278,275,268,7,7,520,139360,13.23636364,25,4,5,83,4,70,89
2021-07-13,Tuesday,28,July,2021,12,Slovenia,EMEA,Slovenia Hub,INBOUND_VOICE_TIER1,Voice,Consumer,Inbound,Tier 1,Healthcare,259,286,258,28,28,456,117648,44.64335664,23,4,5,79,4,95,75
2022-07-09,Saturday,27,July,2022,23,Portugal,EMEA,Portugal Hub,EMEA_EMAIL_SUPPORT_T3,Chat,Enterprise,Support,Tier 2,Healthcare,253,278,275,3,3,212,58300,2.287769784,17,2,2,69,1,76,89
2024-09-21,Saturday,38,September,2024,14,Norway,EMEA,Norway Hub,CUSTOMER_SUPPORT_CHAT_T1,Chat,Consumer,Customer Support,Tier 3,Banking,128,146,136,10,10,349,47464,23.90410959,24,1,1,73,1,71,69
2022-10-12,Wednesday,41,October,2022,1,Hungary,EMEA,Hungary Hub,OUTBOUND_SALES_T2,Chat,Premium,Outbound,Tier 2,Retail,433,418,413,5,5,420,173460,5.023923445,26,6,8,69,6,78,88
2025-02-22,Saturday,8,February,2025,14,Poland,EMEA,Poland Hub,EMEA_RETAIL_VOICE_T2,Voice,Enterprise,Support,Tier 3,E-commerce,459,449,428,21,21,297,127116,13.8908686,17,4,5,75,4,91,61
2025-09-29,Monday,40,September,2025,12,Romania,EMEA,Romania Hub,INBOUND_VOICE_TIER1,Voice,Premium,Inbound,Tier 1,Healthcare,437,444,444,0,0,464,206016,0.0,34,7,9,90,8,87,69
2021-03-07,Sunday,9,March,2021,2,Romania,EMEA,Romania Hub,EMEA_CHAT_SUPPORT_T1,Email,Premium,Support,Tier 2,Telecom,294,287,267,20,20,706,188502,49.19860627,19,6,7,86,6,87,85
2021-12-11,Saturday,49,December,2021,0,Germany,EMEA,Berlin,TECH_SUPPORT_EMAIL_T3,Chat,Enterprise,Tech Support,Tier 1,Retail,365,349,324,25,25,611,197964,43.76790831,28,6,8,71,6,95,75
2024-01-02,Tuesday,1,January,2024,14,Netherlands,EMEA,Amsterdam,EMEA_CORE_EMAIL_TIER2,Voice,Premium,Support,Tier 3,Retail,212,213,204,9,9,644,131376,27.21126761,27,4,5,95,5,86,66
2022-03-07,Monday,10,March,2022,18,Israel,EMEA,Israel Hub,EMEA_CORE_EMAIL_TIER2,Email,Consumer,Support,Tier 1,Banking,250,274,255,19,19,345,87975,23.92335766,23,3,4,76,3,72,64
2024-06-22,Saturday,25,June,2024,19,Belgium,EMEA,Belgium Hub,INBOUND_VOICE_TIER1,Chat,Premium,Inbound,Tier 3,Healthcare,495,520,494,26,26,775,382850,38.75,26,13,16,74,12,78,86
2022-07-22,Friday,29,July,2022,3,Greece,EMEA,Greece Hub,INBOUND_VOICE_TIER1,Voice,Premium,Inbound,Tier 2,Retail,377,381,366,15,15,478,174948,18.81889764,23,6,7,67,5,91,90
2021-10-06,Wednesday,40,October,2021,9,Turkey,EMEA,Turkey Hub,OUTBOUND_SALES_T2,Chat,Premium,Outbound,Tier 2,Banking,392,407,407,0,0,411,167277,0.0,27,5,6,65,4,84,61
2022-09-27,Tuesday,39,September,2022,22,Turkey,EMEA,Turkey Hub,EMEA_CORE_EMAIL_TIER2,Voice,Consumer,Support,Tier 3,Retail,437,441,414,27,27,237,98118,14.51020408,24,3,4,86,3,71,73
2022-06-18,Saturday,24,June,2022,16,Israel,EMEA,Israel Hub,RETENTION_VOICE_T2,Voice,Consumer,Retention,Tier 1,E-commerce,362,384,384,0,0,699,268416,0.0,16,9,10,68,7,80,83
2021-02-27,Saturday,8,February,2021,0,Luxembourg,EMEA,Luxembourg Hub,EMEA_CHAT_SUPPORT_T1,Email,Enterprise,Support,Tier 1,Healthcare,443,432,430,2,2,363,156090,1.680555556,34,5,7,90,6,91,74
2021-03-26,Friday,12,March,2021,21,Morocco,EMEA,Morocco Hub,EMEA_CORE_EMAIL_TIER2,Email,Enterprise,Support,Tier 2,Banking,430,460,456,4,4,668,304608,5.808695652,32,10,13,68,9,70,90
2023-11-16,Thursday,46,November,2023,7,Israel,EMEA,Israel Hub,EMEA_CORE_EMAIL_T2,Chat,Enterprise,Support,Tier 1,Banking,183,190,166,24,24,713,118358,90.06315789,28,4,5,85,4,94,64
2024-11-25,Monday,48,November,2024,2,Romania,EMEA,Romania Hub,EMEA_CHAT_SUPPORT_T1,Voice,Enterprise,Support,Tier 2,E-commerce,308,299,269,30,30,694,186686,69.63210702,21,6,7,92,6,72,81
2022-12-18,Sunday,50,December,2022,14,Hungary,EMEA,Hungary Hub,EMEA_EMAIL_SUPPORT_T3,Voice,Consumer,Support,Tier 1,Healthcare,236,220,193,27,27,605,116765,74.25,20,4,5,93,5,83,66
2021-03-01,Monday,9,March,2021,17,Poland,EMEA,Poland Hub,EMEA_RETAIL_VOICE_T2,Voice,Enterprise,Support,Tier 1,Retail,59,52,30,22,22,706,21180,298.6923077,28,0,0,84,0,91,88
2023-07-07,Friday,27,July,2023,0,United Kingdom,EMEA,London,EMEA_RETAIL_VOICE_T2,Voice,Enterprise,Support,Tier 1,Telecom,237,222,208,14,14,418,86944,26.36036036,18,3,4,69,3,79,73
2022-01-23,Sunday,3,January,2022,18,Portugal,EMEA,Portugal Hub,INBOUND_VOICE_TIER1,Voice,Consumer,Inbound,Tier 3,E-commerce,106,121,97,24,24,461,44717,91.43801653,29,1,1,82,1,84,65
2025-01-30,Thursday,5,January,2025,4,Italy,EMEA,Rome,EMEA_CORE_EMAIL_T2,Email,Consumer,Support,Tier 2,Banking,126,115,98,17,17,679,66542,100.373913,34,2,3,89,3,85,60
2023-09-04,Monday,36,September,2023,2,Germany,EMEA,Berlin,INBOUND_VOICE_TIER1,Email,Enterprise,Inbound,Tier 3,Healthcare,166,173,146,27,27,411,60006,64.14450867,17,2,2,78,2,94,68
2022-09-15,Thursday,37,September,2022,0,Portugal,EMEA,Portugal Hub,EMEA_EMAIL_SUPPORT_T3,Voice,Consumer,Support,Tier 1,Retail,392,381,379,2,2,873,330867,4.582677165,22,11,13,93,12,72,68
2024-11-06,Wednesday,45,November,2024,4,Poland,EMEA,Poland Hub,CUSTOMER_SUPPORT_CHAT_T1,Chat,Premium,Customer Support,Tier 2,Healthcare,281,266,262,4,4,388,101656,5.834586466,34,3,4,68,3,88,74
2022-04-07,Thursday,14,April,2022,8,Morocco,EMEA,Morocco Hub,OUTBOUND_SALES_T2,Voice,Consumer,Outbound,Tier 1,Healthcare,406,403,384,19,19,791,303744,37.29280397,28,10,13,86,11,82,88
2023-09-12,Tuesday,37,September,2023,18,Greece,EMEA,Greece Hub,CUSTOMER_SUPPORT_CHAT_T1,Chat,Enterprise,Customer Support,Tier 3,Healthcare,298,318,311,7,7,437,135907,9.619496855,21,4,5,89,4,85,67
2025-02-15,Saturday,7,February,2025,0,Romania,EMEA,Romania Hub,EMEA_CHAT_SUPPORT_T1,Email,Consumer,Support,Tier 3,Healthcare,278,263,246,17,17,294,72324,19.00380228,18,2,2,86,2,82,62
2025-02-01,Saturday,5,February,2025,22,Portugal,EMEA,Portugal Hub,RETENTION_VOICE_T2,Voice,Premium,Retention,Tier 2,Telecom,456,467,451,16,16,457,206107,15.65738758,28,7,9,73,7,92,72
2023-05-06,Saturday,18,May,2023,6,Greece,EMEA,Greece Hub,EMEA_RETAIL_VOICE_T2,Voice,Consumer,Support,Tier 1,Telecom,446,461,433,28,28,451,195283,27.39262473,22,6,7,84,6,70,85
2024-12-26,Thursday,52,December,2024,18,Ukraine,EMEA,Ukraine Hub,EMEA_CORE_EMAIL_TIER2,Voice,Enterprise,Support,Tier 1,Healthcare,191,182,155,27,27,550,85250,81.59340659,32,2,3,92,3,94,86
2025-01-20,Monday,4,January,2025,21,Morocco,EMEA,Morocco Hub,OUTBOUND_SALES_T2,Email,Premium,Outbound,Tier 2,Healthcare,363,343,338,5,5,566,191308,8.250728863,35,6,8,76,6,93,79
2024-04-29,Monday,18,April,2024,10,France,EMEA,Paris,EMEA_EMAIL_SUPPORT_T3,Chat,Enterprise,Support,Tier 3,Banking,221,236,236,0,0,742,175112,0.0,29,6,8,92,7,72,70
2023-06-27,Tuesday,26,June,2023,21,Iceland,EMEA,Iceland Hub,CUSTOMER_SUPPORT_CHAT_T1,Voice,Premium,Customer Support,Tier 1,Retail,301,312,300,12,12,373,111900,14.34615385,16,3,3,76,2,71,88
2023-08-15,Tuesday,33,August,2023,16,Slovakia,EMEA,Slovakia Hub,EMEA_RETAIL_VOICE_T2,Voice,Enterprise,Support,Tier 3,E-commerce,259,287,276,11,11,418,115368,16.02090592,32,4,5,76,4,83,90
2022-11-18,Friday,46,November,2022,20,Greece,EMEA,Greece Hub,EMEA_CORE_EMAIL_TIER2,Chat,Consumer,Support,Tier 3,Healthcare,232,242,226,16,16,461,104186,30.47933884,28,3,4,92,4,81,61
2023-04-29,Saturday,17,April,2023,9,Romania,EMEA,Romania Hub,EMEA_RETAIL_VOICE_T2,Email,Premium,Support,Tier 2,Banking,88,102,75,27,27,811,60825,214.6764706,30,2,3,86,3,88,65
2024-09-28,Saturday,39,September,2024,2,Poland,EMEA,Poland Hub,EMEA_CHAT_SUPPORT_T1,Voice,Premium,Support,Tier 1,Banking,386,404,392,12,12,211,82712,6.267326733,22,2,2,94,2,73,70
2021-06-11,Friday,23,June,2021,17,Belgium,EMEA,Belgium Hub,CUSTOMER_SUPPORT_CHAT_T1,Voice,Enterprise,Customer Support,Tier 1,Healthcare,461,462,459,3,3,672,308448,4.363636364,34,10,13,66,9,76,75
2025-09-23,Tuesday,39,September,2025,7,United Kingdom,EMEA,London,EMEA_CHAT_SUPPORT_T1,Email,Enterprise,Support,Tier 2,E-commerce,423,451,428,23,23,475,203300,24.22394678,34,7,9,86,8,83,70
2022-01-27,Thursday,4,January,2022,18,Germany,EMEA,Berlin,CUSTOMER_SUPPORT_CHAT_T1,Voice,Consumer,Customer Support,Tier 2,Retail,71,56,51,5,5,620,31620,55.35714286,33,1,1,84,1,78,84
2022-04-03,Sunday,13,April,2022,3,Bulgaria,EMEA,Bulgaria Hub,EMEA_CORE_EMAIL_T2,Chat,Premium,Support,Tier 3,Healthcare,290,278,257,21,21,580,149060,43.81294964,19,5,6,95,6,92,90
2025-12-03,Wednesday,49,December,2025,5,Luxembourg,EMEA,Luxembourg Hub,INBOUND_VOICE_TIER1,Email,Premium,Inbound,Tier 1,Banking,205,186,160,26,26,531,84960,74.22580645,28,2,3,67,2,83,89
2024-11-06,Wednesday,45,November,2024,5,Hungary,EMEA,Hungary Hub,INBOUND_VOICE_TIER1,Chat,Premium,Inbound,Tier 1,Retail,493,504,497,7,7,546,271362,7.583333333,31,9,12,81,10,73,74
2021-12-28,Tuesday,52,December,2021,9,South Africa,EMEA,Cape Town,EMEA_CORE_EMAIL_T2,Voice,Consumer,Support,Tier 1,Banking,317,299,291,8,8,799,232509,21.37792642,16,8,9,70,6,73,65
2022-05-09,Monday,19,May,2022,9,Luxembourg,EMEA,Luxembourg Hub,RETENTION_VOICE_T2,Voice,Enterprise,Retention,Tier 2,Retail,139,151,125,26,26,429,53625,73.86754967,31,1,1,89,1,74,76
2025-07-05,Saturday,27,July,2025,17,Denmark,EMEA,Denmark Hub,EMEA_CORE_EMAIL_TIER2,Chat,Consumer,Support,Tier 3,Banking,94,74,48,26,26,342,16416,120.1621622,17,0,0,78,0,86,87
2024-06-24,Monday,26,June,2024,4,Morocco,EMEA,Morocco Hub,INBOUND_VOICE_TIER1,Chat,Enterprise,Inbound,Tier 2,Telecom,489,493,466,27,27,623,290318,34.11967546,32,10,13,68,9,82,78
2023-11-17,Friday,46,November,2023,4,Ireland,EMEA,Dublin,INBOUND_VOICE_TIER1,Email,Enterprise,Inbound,Tier 1,E-commerce,106,99,78,21,21,641,49998,135.969697,23,1,1,69,1,77,75
2023-03-24,Friday,12,March,2023,11,Portugal,EMEA,Portugal Hub,RETENTION_VOICE_T2,Email,Premium,Retention,Tier 1,Banking,246,268,251,17,17,511,128261,32.4141791,18,4,5,94,5,92,71
2021-01-18,Monday,3,January,2021,22,Finland,EMEA,Finland Hub,RETENTION_VOICE_T2,Chat,Enterprise,Retention,Tier 1,Banking,183,184,174,10,10,688,119712,37.39130435,34,4,5,71,4,75,90
2022-07-22,Friday,29,July,2022,5,Belgium,EMEA,Belgium Hub,CUSTOMER_SUPPORT_CHAT_T1,Chat,Premium,Customer Support,Tier 3,Banking,223,244,241,3,3,659,158819,8.102459016,33,5,7,87,6,89,87
2025-10-08,Wednesday,41,October,2025,17,Ukraine,EMEA,Ukraine Hub,EMEA_CHAT_SUPPORT_T1,Chat,Premium,Support,Tier 2,E-commerce,129,130,127,3,3,747,94869,17.23846154,26,3,4,91,4,71,63
2023-10-14,Saturday,41,October,2023,18,Bulgaria,EMEA,Bulgaria Hub,OUTBOUND_SALES_T2,Voice,Consumer,Outbound,Tier 1,Healthcare,130,116,110,6,6,634,69740,32.79310345,35,2,3,72,2,88,76
2021-01-25,Monday,4,January,2021,22,South Africa,EMEA,Cape Town,OUTBOUND_SALES_T2,Voice,Consumer,Outbound,Tier 3,Retail,351,357,340,17,17,399,135660,19.0,23,4,5,89,4,88,78
2025-02-23,Sunday,8,February,2025,20,Spain,EMEA,Madrid,EMEA_CORE_EMAIL_TIER2,Email,Premium,Support,Tier 1,Banking,467,451,437,14,14,582,254334,18.06651885,24,8,10,67,7,87,67
2023-05-16,Tuesday,20,May,2023,0,France,EMEA,Paris,EMEA_CHAT_SUPPORT_T1,Voice,Premium,Support,Tier 1,Banking,426,437,420,17,17,636,267120,24.74141876,28,9,12,89,11,87,69
2022-03-13,Sunday,10,March,2022,14,Luxembourg,EMEA,Luxembourg Hub,CUSTOMER_SUPPORT_CHAT_T1,Voice,Premium,Customer Support,Tier 3,Banking,296,281,266,15,15,526,139916,28.07829181,30,4,5,77,4,81,84
2021-03-11,Thursday,10,March,2021,17,France,EMEA,Paris,TECH_SUPPORT_EMAIL_T3,Email,Premium,Tech Support,Tier 3,E-commerce,242,249,245,4,4,330,80850,5.301204819,32,2,3,67,2,88,70
2022-07-25,Monday,30,July,2022,9,Greece,EMEA,Greece Hub,INBOUND_VOICE_TIER1,Voice,Enterprise,Inbound,Tier 2,Banking,76,86,71,15,15,250,17750,43.60465116,35,0,0,89,0,84,85
2025-12-19,Friday,51,December,2025,2,Slovenia,EMEA,Slovenia Hub,EMEA_CHAT_SUPPORT_T1,Chat,Enterprise,Support,Tier 1,Retail,202,229,199,30,30,459,91341,60.13100437,25,3,4,71,3,88,76
2021-04-07,Wednesday,14,April,2021,13,Italy,EMEA,Rome,TECH_SUPPORT_EMAIL_T3,Voice,Enterprise,Tech Support,Tier 2,Banking,289,296,291,5,5,368,107088,6.216216216,32,3,4,67,3,70,67
2025-01-16,Thursday,3,January,2025,17,Netherlands,EMEA,Amsterdam,EMEA_CORE_EMAIL_T2,Chat,Enterprise,Support,Tier 2,Retail,300,298,270,28,28,366,98820,34.38926175,16,3,3,92,3,94,87
2022-11-19,Saturday,46,November,2022,18,Norway,EMEA,Norway Hub,EMEA_CHAT_SUPPORT_T1,Chat,Enterprise,Support,Tier 3,Healthcare,453,451,434,17,17,269,116746,10.13968958,31,4,5,76,4,82,72
2021-05-23,Sunday,20,May,2021,8,Sweden,EMEA,Sweden Hub,EMEA_CORE_EMAIL_TIER2,Chat,Consumer,Support,Tier 2,E-commerce,181,195,191,4,4,851,162541,17.45641026,26,5,6,71,4,92,67
2025-09-02,Tuesday,36,September,2025,16,Kenya,EMEA,Kenya Hub,TECH_SUPPORT_EMAIL_T3,Email,Enterprise,Tech Support,Tier 1,E-commerce,453,437,407,30,30,391,159137,26.84210526,35,5,7,95,7,75,74
2024-11-03,Sunday,44,November,2024,10,Ireland,EMEA,Dublin,EMEA_RETAIL_VOICE_T2,Voice,Premium,Support,Tier 1,Banking,402,426,417,9,9,886,369462,18.71830986,34,12,16,86,14,78,76
2025-05-05,Monday,19,May,2025,10,Portugal,EMEA,Portugal Hub,CUSTOMER_SUPPORT_CHAT_T1,Email,Consumer,Customer Support,Tier 2,E-commerce,224,209,198,11,11,459,90882,24.15789474,22,3,4,95,4,93,63
2022-07-18,Monday,29,July,2022,15,Denmark,EMEA,Denmark Hub,EMEA_CORE_EMAIL_T2,Voice,Premium,Support,Tier 1,Healthcare,202,193,173,20,20,750,129750,77.72020725,21,4,5,81,4,89,87
2025-05-26,Monday,22,May,2025,23,Kenya,EMEA,Kenya Hub,OUTBOUND_SALES_T2,Chat,Premium,Outbound,Tier 1,Retail,221,233,229,4,4,697,159613,11.96566524,30,5,7,81,6,95,70
2024-03-14,Thursday,11,March,2024,6,Ukraine,EMEA,Ukraine Hub,EMEA_EMAIL_SUPPORT_T3,Email,Consumer,Support,Tier 2,E-commerce,408,398,385,13,13,826,318010,26.9798995,20,11,13,78,10,95,73
2021-09-29,Wednesday,39,September,2021,7,Luxembourg,EMEA,Luxembourg Hub,EMEA_RETAIL_VOICE_T2,Email,Premium,Support,Tier 1,E-commerce,61,49,47,2,2,295,13865,12.04081633,19,0,0,72,0,89,70
2021-12-25,Saturday,51,December,2021,16,France,EMEA,Paris,EMEA_CORE_EMAIL_T2,Email,Premium,Support,Tier 2,E-commerce,393,422,397,25,25,885,351345,52.42890995,23,12,15,89,13,80,61
2022-09-22,Thursday,38,September,2022,8,Kenya,EMEA,Kenya Hub,INBOUND_VOICE_TIER1,Voice,Enterprise,Inbound,Tier 2,Healthcare,232,234,211,23,23,218,45998,21.42735043,25,1,1,80,1,81,73
2024-11-09,Saturday,45,November,2024,8,South Africa,EMEA,Cape Town,TECH_SUPPORT_EMAIL_T3,Voice,Consumer,Tech Support,Tier 3,Banking,56,55,54,1,1,639,34506,11.61818182,32,1,1,95,1,71,61
2023-04-30,Sunday,17,April,2023,12,Portugal,EMEA,Portugal Hub,EMEA_RETAIL_VOICE_T2,Email,Premium,Support,Tier 2,Banking,350,373,363,10,10,572,207636,15.33512064,15,7,8,88,7,83,77
2021-06-28,Monday,26,June,2021,4,Italy,EMEA,Rome,CUSTOMER_SUPPORT_CHAT_T1,Email,Enterprise,Customer Support,Tier 1,Healthcare,488,506,478,28,28,709,338902,39.23320158,25,11,14,94,13,91,89
2025-02-25,Tuesday,9,February,2025,4,Ireland,EMEA,Dublin,OUTBOUND_SALES_T2,Chat,Consumer,Outbound,Tier 3,E-commerce,471,497,477,20,20,642,306234,25.83501006,19,10,12,85,10,84,66
2022-03-09,Wednesday,10,March,2022,14,United Kingdom,EMEA,London,EMEA_CORE_EMAIL_T2,Chat,Consumer,Support,Tier 3,E-commerce,102,93,75,18,18,507,38025,98.12903226,34,1,1,71,1,70,83
2021-03-12,Friday,10,March,2021,4,Russia,EMEA,Russia Hub,INBOUND_VOICE_TIER1,Email,Premium,Inbound,Tier 2,Banking,329,346,334,12,12,787,262858,27.29479769,32,9,12,88,11,95,68
2025-02-06,Thursday,6,February,2025,20,Slovenia,EMEA,Slovenia Hub,EMEA_CORE_EMAIL_T2,Chat,Consumer,Support,Tier 3,E-commerce,265,280,273,7,7,782,213486,19.55,18,7,8,75,6,78,68
2023-08-08,Tuesday,32,August,2023,6,Ukraine,EMEA,Ukraine Hub,EMEA_CORE_EMAIL_T2,Voice,Consumer,Support,Tier 1,Telecom,419,414,414,0,0,554,229356,0.0,19,7,8,90,7,80,79
2023-12-25,Monday,52,December,2023,4,Hungary,EMEA,Hungary Hub,OUTBOUND_SALES_T2,Chat,Enterprise,Outbound,Tier 1,Healthcare,413,410,381,29,29,449,171069,31.75853659,31,5,7,83,6,71,69
2023-02-19,Sunday,7,February,2023,23,Norway,EMEA,Norway Hub,CUSTOMER_SUPPORT_CHAT_T1,Email,Enterprise,Customer Support,Tier 1,E-commerce,441,430,422,8,8,489,206358,9.097674419,27,7,9,95,9,73,88
2025-08-20,Wednesday,34,August,2025,21,Czech Republic,EMEA,Czech Republic Hub,RETENTION_VOICE_T2,Chat,Enterprise,Retention,Tier 2,Healthcare,162,173,150,23,23,444,66600,59.02890173,21,2,2,75,2,78,80
2024-10-07,Monday,41,October,2024,11,Belgium,EMEA,Belgium Hub,TECH_SUPPORT_EMAIL_T3,Voice,Premium,Tech Support,Tier 3,Banking,167,189,177,12,12,268,47436,17.01587302,28,1,1,88,1,70,73
2023-07-11,Tuesday,28,July,2023,1,Russia,EMEA,Russia Hub,CUSTOMER_SUPPORT_CHAT_T1,Email,Premium,Customer Support,Tier 3,Banking,480,487,467,20,20,823,384341,33.79876797,20,13,16,86,14,95,63
2023-01-03,Tuesday,1,January,2023,22,Portugal,EMEA,Portugal Hub,INBOUND_VOICE_TIER1,Chat,Consumer,Inbound,Tier 3,Retail,157,165,151,14,14,729,110079,61.85454545,15,3,3,84,3,87,90
2025-08-03,Sunday,31,August,2025,9,Kenya,EMEA,Kenya Hub,INBOUND_VOICE_TIER1,Chat,Premium,Inbound,Tier 1,Healthcare,59,67,41,26,26,285,11685,110.5970149,25,0,0,82,0,79,63
2025-09-22,Monday,39,September,2025,1,Czech Republic,EMEA,Czech Republic Hub,EMEA_CHAT_SUPPORT_T1,Email,Consumer,Support,Tier 1,Telecom,148,171,149,22,22,184,27416,23.67251462,15,0,0,87,0,79,68
2025-07-02,Wednesday,27,July,2025,13,Slovenia,EMEA,Slovenia Hub,EMEA_RETAIL_VOICE_T2,Email,Premium,Support,Tier 1,Banking,57,82,69,13,13,728,50232,115.4146341,28,1,1,95,1,93,72
2024-02-09,Friday,6,February,2024,23,Belgium,EMEA,Belgium Hub,EMEA_EMAIL_SUPPORT_T3,Email,Premium,Support,Tier 3,Banking,480,460,446,14,14,206,91876,6.269565217,29,3,4,75,3,93,88
2021-02-21,Sunday,7,February,2021,15,Greece,EMEA,Greece Hub,EMEA_EMAIL_SUPPORT_T3,Voice,Premium,Support,Tier 3,Banking,181,179,158,21,21,311,49138,36.48603352,32,1,1,79,1,77,66
2024-03-02,Saturday,9,March,2024,23,Belgium,EMEA,Belgium Hub,RETENTION_VOICE_T2,Email,Enterprise,Retention,Tier 2,Healthcare,105,131,126,5,5,642,80892,24.50381679,24,2,2,75,2,95,78
2023-02-24,Friday,8,February,2023,8,Greece,EMEA,Greece Hub,TECH_SUPPORT_EMAIL_T3,Voice,Premium,Tech Support,Tier 2,Retail,378,387,380,7,7,253,96140,4.57622739,21,3,4,76,3,72,90
2025-12-18,Thursday,51,December,2025,21,Spain,EMEA,Madrid,EMEA_CORE_EMAIL_T2,Email,Consumer,Support,Tier 2,Healthcare,268,285,285,0,0,632,180120,0.0,32,6,8,83,7,71,75
2024-03-12,Tuesday,11,March,2024,14,Romania,EMEA,Romania Hub,EMEA_RETAIL_VOICE_T2,Email,Premium,Support,Tier 3,E-commerce,271,283,270,13,13,644,173880,29.58303887,30,6,8,76,6,89,84
2024-06-03,Monday,23,June,2024,6,Ukraine,EMEA,Ukraine Hub,TECH_SUPPORT_EMAIL_T3,Email,Enterprise,Tech Support,Tier 3,Telecom,67,59,43,16,16,410,17630,111.1864407,18,0,0,74,0,71,85
2024-11-18,Monday,47,November,2024,7,Kenya,EMEA,Kenya Hub,RETENTION_VOICE_T2,Voice,Consumer,Retention,Tier 3,Retail,80,88,77,11,11,302,23254,37.75,26,0,0,86,0,85,87
2024-01-29,Monday,5,January,2024,23,Spain,EMEA,Madrid,TECH_SUPPORT_EMAIL_T3,Chat,Consumer,Tech Support,Tier 1,Telecom,114,140,124,16,16,193,23932,22.05714286,27,0,0,70,0,71,70
2024-09-21,Saturday,38,September,2024,23,South Africa,EMEA,Cape Town,TECH_SUPPORT_EMAIL_T3,Voice,Premium,Tech Support,Tier 1,Retail,245,272,262,10,10,605,158510,22.24264706,31,5,7,81,6,87,77
2023-02-10,Friday,6,February,2023,4,Turkey,EMEA,Turkey Hub,CUSTOMER_SUPPORT_CHAT_T1,Chat,Consumer,Customer Support,Tier 1,Healthcare,109,126,120,6,6,760,91200,36.19047619,22,3,4,67,3,74,78
2021-03-16,Tuesday,11,March,2021,7,Hungary,EMEA,Hungary Hub,EMEA_RETAIL_VOICE_T2,Chat,Enterprise,Support,Tier 3,Retail,421,409,383,26,26,267,102261,16.97310513,19,3,4,91,4,90,63
2021-08-04,Wednesday,31,August,2021,5,Portugal,EMEA,Portugal Hub,TECH_SUPPORT_EMAIL_T3,Chat,Enterprise,Tech Support,Tier 2,Retail,434,440,413,27,27,727,300251,44.61136364,27,10,13,88,11,90,64
2023-08-18,Friday,33,August,2023,22,Morocco,EMEA,Morocco Hub,EMEA_CHAT_SUPPORT_T1,Email,Consumer,Support,Tier 1,Retail,212,231,227,4,4,715,162305,12.38095238,15,5,6,76,5,74,84
2021-07-14,Wednesday,28,July,2021,14,Israel,EMEA,Israel Hub,OUTBOUND_SALES_T2,Chat,Premium,Outbound,Tier 1,Retail,286,285,261,24,24,232,60552,19.53684211,34,2,3,76,2,72,67
2021-09-12,Sunday,36,September,2021,18,Norway,EMEA,Norway Hub,EMEA_CORE_EMAIL_TIER2,Voice,Premium,Support,Tier 1,Banking,280,296,278,18,18,774,215172,47.06756757,15,7,8,82,7,79,60
2023-03-18,Saturday,11,March,2023,22,Finland,EMEA,Finland Hub,EMEA_EMAIL_SUPPORT_T3,Email,Enterprise,Support,Tier 1,Retail,130,136,118,18,18,806,95108,106.6764706,21,3,4,79,3,86,89
2023-12-03,Sunday,48,December,2023,3,Israel,EMEA,Israel Hub,EMEA_EMAIL_SUPPORT_T3,Voice,Consumer,Support,Tier 2,Retail,118,107,80,27,27,867,69360,218.7757009,22,2,2,68,1,95,86
2024-07-09,Tuesday,28,July,2024,22,Germany,EMEA,Berlin,CUSTOMER_SUPPORT_CHAT_T1,Email,Enterprise,Customer Support,Tier 3,Telecom,280,281,278,3,3,815,226570,8.701067616,18,7,8,68,5,87,74
2023-07-04,Tuesday,27,July,2023,16,Iceland,EMEA,Iceland Hub,TECH_SUPPORT_EMAIL_T3,Chat,Enterprise,Tech Support,Tier 2,Retail,128,116,95,21,21,293,27835,53.04310345,23,0,0,95,0,75,76
2025-12-15,Monday,51,December,2025,17,Netherlands,EMEA,Amsterdam,OUTBOUND_SALES_T2,Voice,Consumer,Outbound,Tier 1,Banking,256,266,266,0,0,541,143906,0.0,27,4,5,84,4,80,72
2021-06-15,Tuesday,24,June,2021,9,Belgium,EMEA,Belgium Hub,RETENTION_VOICE_T2,Voice,Consumer,Retention,Tier 2,E-commerce,94,96,94,2,2,841,79054,17.52083333,19,2,2,74,1,91,67
2022-07-28,Thursday,30,July,2022,4,France,EMEA,Paris,EMEA_EMAIL_SUPPORT_T3,Chat,Enterprise,Support,Tier 3,Retail,319,317,292,25,25,443,129356,34.93690852,19,4,5,65,3,85,86
2025-12-02,Tuesday,49,December,2025,17,Bulgaria,EMEA,Bulgaria Hub,EMEA_CORE_EMAIL_T2,Chat,Premium,Support,Tier 2,Banking,330,323,306,17,17,482,147492,25.36842105,29,5,6,78,5,94,75
2023-11-14,Tuesday,46,November,2023,11,United Kingdom,EMEA,London,EMEA_CHAT_SUPPORT_T1,Chat,Premium,Support,Tier 1,Telecom,159,152,123,29,29,634,77982,120.9605263,33,2,3,90,3,83,85
2023-05-13,Saturday,19,May,2023,22,Morocco,EMEA,Morocco Hub,INBOUND_VOICE_TIER1,Chat,Consumer,Inbound,Tier 1,E-commerce,78,90,87,3,3,715,62205,23.83333333,17,2,2,95,2,91,87
2025-04-14,Monday,16,April,2025,22,Russia,EMEA,Russia Hub,CUSTOMER_SUPPORT_CHAT_T1,Email,Premium,Customer Support,Tier 2,E-commerce,371,383,369,14,14,898,331362,32.82506527,33,11,15,75,11,80,74
2025-04-22,Tuesday,17,April,2025,3,Ireland,EMEA,Dublin,EMEA_CORE_EMAIL_TIER2,Voice,Consumer,Support,Tier 2,Healthcare,220,244,229,15,15,893,204497,54.89754098,26,7,9,84,8,92,86
2022-03-16,Wednesday,11,March,2022,16,Russia,EMEA,Russia Hub,TECH_SUPPORT_EMAIL_T3,Chat,Enterprise,Tech Support,Tier 3,Banking,248,250,227,23,23,477,108279,43.884,22,3,4,79,3,88,85
2021-08-03,Tuesday,31,August,2021,3,Norway,EMEA,Norway Hub,EMEA_CORE_EMAIL_TIER2,Email,Consumer,Support,Tier 1,Telecom,78,95,92,3,3,817,75164,25.8,35,2,3,79,2,79,81
2023-02-25,Saturday,8,February,2023,14,Italy,EMEA,Rome,RETENTION_VOICE_T2,Voice,Premium,Retention,Tier 3,Retail,398,399,386,13,13,380,146680,12.38095238,25,5,6,74,4,82,76
2021-05-06,Thursday,18,May,2021,3,Morocco,EMEA,Morocco Hub,EMEA_CORE_EMAIL_TIER2,Voice,Enterprise,Support,Tier 1,Retail,65,51,38,13,13,325,12350,82.84313725,25,0,0,67,0,72,72
2021-12-02,Thursday,48,December,2021,9,Ukraine,EMEA,Ukraine Hub,OUTBOUND_SALES_T2,Email,Enterprise,Outbound,Tier 2,Telecom,127,122,101,21,21,874,88274,150.442623,22,3,4,91,4,74,81
2021-07-01,Thursday,26,July,2021,14,Iceland,EMEA,Iceland Hub,EMEA_CORE_EMAIL_TIER2,Chat,Consumer,Support,Tier 1,Healthcare,258,240,240,0,0,693,166320,0.0,33,5,7,77,5,77,87
2023-07-15,Saturday,28,July,2023,22,Hungary,EMEA,Hungary Hub,EMEA_EMAIL_SUPPORT_T3,Voice,Premium,Support,Tier 1,E-commerce,469,465,440,25,25,776,341440,41.72043011,17,11,13,68,9,78,70
2022-04-21,Thursday,16,April,2022,1,Greece,EMEA,Greece Hub,CUSTOMER_SUPPORT_CHAT_T1,Chat,Consumer,Customer Support,Tier 1,Telecom,366,346,316,30,30,810,255960,70.23121387,25,8,10,77,8,90,61
2024-10-29,Tuesday,44,October,2024,8,Portugal,EMEA,Portugal Hub,EMEA_RETAIL_VOICE_T2,Voice,Enterprise,Support,Tier 3,Telecom,489,490,469,21,21,552,258888,23.65714286,32,8,11,79,9,79,78
2023-11-03,Friday,44,November,2023,6,United Kingdom,EMEA,London,EMEA_CORE_EMAIL_TIER2,Email,Premium,Support,Tier 2,Retail,57,85,58,27,27,603,34974,191.5411765,21,1,1,74,1,92,86
2024-10-28,Monday,44,October,2024,22,Netherlands,EMEA,Amsterdam,EMEA_CORE_EMAIL_T2,Chat,Consumer,Support,Tier 1,Telecom,490,479,476,3,3,510,242760,3.194154489,15,8,9,72,6,80,79
2023-09-24,Sunday,38,September,2023,16,Luxembourg,EMEA,Luxembourg Hub,RETENTION_VOICE_T2,Chat,Premium,Retention,Tier 1,Banking,207,235,233,2,2,825,192225,7.021276596,19,6,7,75,5,79,69
2024-12-29,Sunday,52,December,2024,0,Germany,EMEA,Berlin,EMEA_CHAT_SUPPORT_T1,Chat,Premium,Support,Tier 1,Healthcare,454,470,470,0,0,499,234530,0.0,28,8,10,85,9,86,64
2021-03-03,Wednesday,9,March,2021,23,Luxembourg,EMEA,Luxembourg Hub,TECH_SUPPORT_EMAIL_T3,Voice,Premium,Tech Support,Tier 1,Telecom,90,71,45,26,26,433,19485,158.5633803,22,0,0,82,0,79,87
2024-11-10,Sunday,45,November,2024,0,Sweden,EMEA,Sweden Hub,RETENTION_VOICE_T2,Voice,Premium,Retention,Tier 1,Healthcare,114,141,131,10,10,216,28296,15.31914894,25,0,0,91,0,83,68
2021-04-15,Thursday,15,April,2021,11,Russia,EMEA,Russia Hub,TECH_SUPPORT_EMAIL_T3,Email,Premium,Tech Support,Tier 2,Retail,290,297,284,13,13,272,77248,11.90572391,33,2,3,85,3,76,90
2023-06-17,Saturday,24,June,2023,1,Russia,EMEA,Russia Hub,RETENTION_VOICE_T2,Email,Enterprise,Retention,Tier 3,Retail,294,299,282,17,17,502,141564,28.54180602,32,4,5,66,3,88,80
2022-06-12,Sunday,23,June,2022,22,Netherlands,EMEA,Amsterdam,EMEA_EMAIL_SUPPORT_T3,Voice,Enterprise,Support,Tier 1,Banking,362,388,369,19,19,422,155718,20.66494845,27,5,6,85,5,95,71
2022-08-20,Saturday,33,August,2022,20,Slovenia,EMEA,Slovenia Hub,INBOUND_VOICE_TIER1,Voice,Consumer,Inbound,Tier 3,E-commerce,180,200,193,7,7,427,82411,14.945,30,2,3,72,2,74,84
2021-09-27,Monday,39,September,2021,19,Hungary,EMEA,Hungary Hub,OUTBOUND_SALES_T2,Voice,Enterprise,Outbound,Tier 3,Banking,383,369,352,17,17,362,127424,16.67750678,31,4,5,71,4,70,70
2022-05-16,Monday,20,May,2022,19,Ukraine,EMEA,Ukraine Hub,TECH_SUPPORT_EMAIL_T3,Voice,Consumer,Tech Support,Tier 1,Telecom,483,495,484,11,11,623,301532,13.84444444,16,10,12,91,11,83,71
2021-01-01,Friday,53,January,2021,6,Germany,EMEA,Berlin,EMEA_RETAIL_VOICE_T2,Voice,Consumer,Support,Tier 2,Banking,86,90,70,20,20,709,49630,157.5555556,24,1,1,65,1,81,73
2024-09-08,Sunday,36,September,2024,3,Turkey,EMEA,Turkey Hub,EMEA_CORE_EMAIL_TIER2,Chat,Enterprise,Support,Tier 3,Retail,358,342,325,17,17,675,219375,33.55263158,16,7,8,89,7,89,84
2024-10-07,Monday,41,October,2024,8,Germany,EMEA,Berlin,CUSTOMER_SUPPORT_CHAT_T1,Email,Premium,Customer Support,Tier 3,Retail,137,141,137,4,4,764,104668,21.67375887,18,3,4,70,3,92,70
2022-08-17,Wednesday,33,August,2022,19,Germany,EMEA,Berlin,TECH_SUPPORT_EMAIL_T3,Chat,Premium,Tech Support,Tier 1,Retail,424,439,424,15,15,471,199704,16.09339408,18,6,7,70,5,87,76
2025-03-11,Tuesday,11,March,2025,6,Hungary,EMEA,Hungary Hub,EMEA_EMAIL_SUPPORT_T3,Chat,Premium,Support,Tier 2,Healthcare,338,327,301,26,26,352,105952,27.98776758,34,3,4,95,4,81,74
2025-01-13,Monday,3,January,2025,21,France,EMEA,Paris,EMEA_EMAIL_SUPPORT_T3,Voice,Consumer,Support,Tier 2,Banking,296,305,287,18,18,841,241367,49.63278689,34,8,11,93,10,71,73
2023-02-09,Thursday,6,February,2023,0,Kenya,EMEA,Kenya Hub,EMEA_EMAIL_SUPPORT_T3,Email,Enterprise,Support,Tier 3,E-commerce,383,366,354,12,12,286,101244,9.37704918,29,3,4,93,4,76,87
2024-04-24,Wednesday,17,April,2024,20,Israel,EMEA,Israel Hub,EMEA_RETAIL_VOICE_T2,Voice,Consumer,Support,Tier 2,Banking,433,419,390,29,29,492,191880,34.05250597,33,6,8,95,8,85,89
2024-04-14,Sunday,15,April,2024,4,South Africa,EMEA,Cape Town,EMEA_CORE_EMAIL_T2,Email,Premium,Support,Tier 3,Banking,459,459,438,21,21,280,122640,12.81045752,16,4,5,77,4,82,73
2021-10-10,Sunday,40,October,2021,14,Hungary,EMEA,Hungary Hub,EMEA_CORE_EMAIL_T2,Email,Premium,Support,Tier 2,E-commerce,127,149,144,5,5,588,84672,19.73154362,34,2,3,94,3,73,84
2021-10-19,Tuesday,42,October,2021,10,Sweden,EMEA,Sweden Hub,TECH_SUPPORT_EMAIL_T3,Voice,Enterprise,Tech Support,Tier 1,Healthcare,365,351,322,29,29,560,180320,46.26780627,34,6,8,82,7,80,85
2023-05-19,Friday,20,May,2023,6,Hungary,EMEA,Hungary Hub,EMEA_EMAIL_SUPPORT_T3,Voice,Enterprise,Support,Tier 1,Banking,132,125,102,23,23,814,83028,149.776,23,2,2,86,2,83,68
2025-08-09,Saturday,32,August,2025,10,Turkey,EMEA,Turkey Hub,RETENTION_VOICE_T2,Voice,Consumer,Retention,Tier 1,Telecom,62,85,73,12,12,270,19710,38.11764706,26,0,0,67,0,70,87
2025-04-23,Wednesday,17,April,2025,19,Romania,EMEA,Romania Hub,TECH_SUPPORT_EMAIL_T3,Chat,Consumer,Tech Support,Tier 1,Telecom,237,251,235,16,16,858,201630,54.69322709,17,7,8,92,7,83,86
2021-08-22,Sunday,33,August,2021,7,Finland,EMEA,Finland Hub,EMEA_CORE_EMAIL_TIER2,Voice,Premium,Support,Tier 2,E-commerce,303,327,312,15,15,466,145392,21.37614679,30,5,7,95,7,87,78
2021-02-16,Tuesday,7,February,2021,12,Poland,EMEA,Poland Hub,EMEA_CORE_EMAIL_T2,Email,Premium,Support,Tier 2,E-commerce,210,198,198,0,0,577,114246,0.0,24,3,4,78,3,76,63
2023-02-14,Tuesday,7,February,2023,22,Iceland,EMEA,Iceland Hub,INBOUND_VOICE_TIER1,Voice,Consumer,Inbound,Tier 3,Banking,158,180,177,3,3,241,42657,4.016666667,19,1,1,88,1,88,61
2023-08-01,Tuesday,31,August,2023,16,Norway,EMEA,Norway Hub,EMEA_CORE_EMAIL_TIER2,Chat,Premium,Support,Tier 3,E-commerce,135,138,117,21,21,883,103311,134.3695652,24,3,4,67,3,94,63
2025-08-31,Sunday,35,August,2025,13,Turkey,EMEA,Turkey Hub,RETENTION_VOICE_T2,Email,Premium,Retention,Tier 3,E-commerce,220,236,217,19,19,747,162099,60.13983051,18,5,6,93,6,86,88
2025-04-05,Saturday,14,April,2025,7,Netherlands,EMEA,Amsterdam,RETENTION_VOICE_T2,Voice,Consumer,Retention,Tier 3,E-commerce,419,408,390,18,18,449,175110,19.80882353,15,6,7,70,5,94,90
2025-06-16,Monday,25,June,2025,20,Greece,EMEA,Greece Hub,EMEA_CORE_EMAIL_T2,Chat,Consumer,Support,Tier 2,Retail,133,114,84,30,30,423,35532,111.3157895,31,1,1,71,1,73,66
2023-06-05,Monday,23,June,2023,21,Norway,EMEA,Norway Hub,TECH_SUPPORT_EMAIL_T3,Voice,Premium,Tech Support,Tier 2,Banking,84,86,83,3,3,843,69969,29.40697674,29,2,3,80,2,81,70
2025-03-05,Wednesday,10,March,2025,4,Morocco,EMEA,Morocco Hub,CUSTOMER_SUPPORT_CHAT_T1,Email,Premium,Customer Support,Tier 1,Telecom,195,212,205,7,7,373,76465,12.31603774,21,2,2,91,2,92,85
2022-01-20,Thursday,3,January,2022,17,Hungary,EMEA,Hungary Hub,EMEA_RETAIL_VOICE_T2,Email,Premium,Support,Tier 2,E-commerce,401,416,400,16,16,546,218400,21.0,20,7,8,67,5,76,69
2022-07-06,Wednesday,27,July,2022,10,Norway,EMEA,Norway Hub,EMEA_CORE_EMAIL_TIER2,Email,Enterprise,Support,Tier 2,Healthcare,410,407,379,28,28,696,263784,47.88206388,20,9,11,88,10,85,83
2021-10-07,Thursday,40,October,2021,23,Russia,EMEA,Russia Hub,EMEA_CORE_EMAIL_T2,Chat,Consumer,Support,Tier 2,Healthcare,139,135,110,25,25,638,70180,118.1481481,23,2,2,76,2,74,88
2025-11-20,Thursday,47,November,2025,16,Spain,EMEA,Madrid,EMEA_EMAIL_SUPPORT_T3,Email,Enterprise,Support,Tier 1,Healthcare,350,349,326,23,23,772,251672,50.87679083,26,8,10,72,7,86,65
2023-11-08,Wednesday,45,November,2023,3,Finland,EMEA,Finland Hub,EMEA_CHAT_SUPPORT_T1,Voice,Enterprise,Support,Tier 2,E-commerce,327,343,334,9,9,232,77488,6.087463557,22,2,2,86,2,80,83
2025-06-02,Monday,23,June,2025,7,Russia,EMEA,Russia Hub,EMEA_CHAT_SUPPORT_T1,Email,Consumer,Support,Tier 2,Retail,327,335,309,26,26,491,151719,38.10746269,26,5,6,67,4,82,86
2022-11-04,Friday,44,November,2022,2,Netherlands,EMEA,Amsterdam,EMEA_CHAT_SUPPORT_T1,Email,Consumer,Support,Tier 3,Banking,388,399,387,12,12,393,152091,11.81954887,23,5,6,89,5,85,73
2025-03-14,Friday,11,March,2025,5,Greece,EMEA,Greece Hub,EMEA_RETAIL_VOICE_T2,Email,Premium,Support,Tier 3,Telecom,477,500,473,27,27,892,421916,48.168,24,14,17,92,16,83,65
2023-01-19,Thursday,3,January,2023,19,Bulgaria,EMEA,Bulgaria Hub,EMEA_CORE_EMAIL_T2,Voice,Premium,Support,Tier 1,Retail,414,430,421,9,9,770,324170,16.11627907,16,11,13,89,12,80,79
2022-08-05,Friday,31,August,2022,5,Iceland,EMEA,Iceland Hub,EMEA_CORE_EMAIL_T2,Voice,Premium,Support,Tier 3,Healthcare,326,325,302,23,23,807,243714,57.11076923,16,8,9,94,8,95,68
2023-07-25,Tuesday,30,July,2023,12,Spain,EMEA,Madrid,CUSTOMER_SUPPORT_CHAT_T1,Voice,Consumer,Customer Support,Tier 2,E-commerce,116,142,136,6,6,595,80920,25.14084507,35,2,3,86,3,82,86
2024-04-06,Saturday,14,April,2024,22,Luxembourg,EMEA,Luxembourg Hub,INBOUND_VOICE_TIER1,Email,Consumer,Inbound,Tier 1,Banking,375,402,378,24,24,894,337932,53.37313433,27,11,14,82,11,92,74
2022-07-23,Saturday,29,July,2022,11,Denmark,EMEA,Denmark Hub,RETENTION_VOICE_T2,Voice,Consumer,Retention,Tier 1,Telecom,473,497,468,29,29,800,374400,46.68008048,27,13,17,72,12,85,67
2023-10-29,Sunday,43,October,2023,0,Denmark,EMEA,Denmark Hub,TECH_SUPPORT_EMAIL_T3,Email,Enterprise,Tech Support,Tier 3,Retail,70,89,80,9,9,577,46160,58.34831461,31,1,1,84,1,87,64
2025-09-27,Saturday,39,September,2025,16,Spain,EMEA,Madrid,RETENTION_VOICE_T2,Email,Premium,Retention,Tier 2,Healthcare,178,188,160,28,28,508,81280,75.65957447,35,2,3,70,2,79,85
2022-07-19,Tuesday,29,July,2022,9,Romania,EMEA,Romania Hub,EMEA_CORE_EMAIL_T2,Email,Enterprise,Support,Tier 2,Banking,54,47,44,3,3,526,23144,33.57446809,34,0,0,70,0,84,77
2024-03-02,Saturday,9,March,2024,15,Italy,EMEA,Rome,RETENTION_VOICE_T2,Voice,Consumer,Retention,Tier 2,E-commerce,150,134,133,1,1,819,108927,6.111940299,29,3,4,66,3,78,68
2021-11-01,Monday,44,November,2021,13,Kenya,EMEA,Kenya Hub,TECH_SUPPORT_EMAIL_T3,Chat,Consumer,Tech Support,Tier 3,Banking,348,352,340,12,12,866,294440,29.52272727,16,10,12,74,9,88,65
2022-11-28,Monday,48,November,2022,1,Germany,EMEA,Berlin,EMEA_CORE_EMAIL_TIER2,Chat,Consumer,Support,Tier 1,E-commerce,189,186,168,18,18,820,137760,79.35483871,33,4,5,65,3,72,85
2025-10-20,Monday,43,October,2025,15,Poland,EMEA,Poland Hub,EMEA_CORE_EMAIL_TIER2,Email,Consumer,Support,Tier 3,E-commerce,317,317,300,17,17,811,243300,43.49211356,30,8,10,94,9,95,87
2024-05-20,Monday,21,May,2024,2,Belgium,EMEA,Belgium Hub,OUTBOUND_SALES_T2,Email,Premium,Outbound,Tier 3,Telecom,98,88,67,21,21,712,47704,169.9090909,15,1,1,88,1,72,61
2022-10-23,Sunday,42,October,2022,2,Spain,EMEA,Madrid,OUTBOUND_SALES_T2,Voice,Consumer,Outbound,Tier 3,Telecom,220,247,226,21,21,433,97858,36.81376518,33,3,4,93,4,82,86
2022-04-11,Monday,15,April,2022,15,Czech Republic,EMEA,Czech Republic Hub,CUSTOMER_SUPPORT_CHAT_T1,Chat,Enterprise,Customer Support,Tier 3,E-commerce,178,174,146,28,28,406,59276,65.33333333,32,2,3,77,2,78,77
2022-03-11,Friday,10,March,2022,13,Kenya,EMEA,Kenya Hub,EMEA_CHAT_SUPPORT_T1,Chat,Consumer,Support,Tier 1,Telecom,84,108,97,11,11,405,39285,41.25,21,1,1,75,1,74,66
2021-08-26,Thursday,34,August,2021,17,Russia,EMEA,Russia Hub,INBOUND_VOICE_TIER1,Chat,Consumer,Inbound,Tier 3,Telecom,344,348,340,8,8,544,184960,12.50574713,28,6,8,68,5,79,75
2025-07-30,Wednesday,31,July,2025,3,Germany,EMEA,Berlin,EMEA_CHAT_SUPPORT_T1,Voice,Premium,Support,Tier 1,Telecom,75,95,87,8,8,552,48024,46.48421053,31,1,1,94,1,90,81
2024-11-16,Saturday,46,November,2024,3,Poland,EMEA,Poland Hub,EMEA_CORE_EMAIL_TIER2,Email,Enterprise,Support,Tier 2,Retail,158,149,120,29,29,478,57360,93.03355705,24,1,1,91,1,70,67
2021-04-21,Wednesday,16,April,2021,10,Finland,EMEA,Finland Hub,CUSTOMER_SUPPORT_CHAT_T1,Voice,Premium,Customer Support,Tier 2,Retail,212,230,212,18,18,391,82892,30.6,15,2,2,68,1,73,61
2025-06-11,Wednesday,24,June,2025,21,South Africa,EMEA,Cape Town,INBOUND_VOICE_TIER1,Email,Premium,Inbound,Tier 1,Healthcare,346,343,323,20,20,454,146642,26.47230321,26,5,6,95,6,78,71
2021-09-14,Tuesday,37,September,2021,9,Czech Republic,EMEA,Czech Republic Hub,RETENTION_VOICE_T2,Chat,Premium,Retention,Tier 3,E-commerce,237,255,229,26,26,263,60227,26.81568627,17,2,2,76,2,89,66
2021-10-01,Friday,39,October,2021,0,Ukraine,EMEA,Ukraine Hub,RETENTION_VOICE_T2,Chat,Enterprise,Retention,Tier 3,Banking,199,208,179,29,29,522,93438,72.77884615,25,3,4,84,3,78,60
2025-03-23,Sunday,12,March,2025,22,Turkey,EMEA,Turkey Hub,EMEA_CHAT_SUPPORT_T1,Chat,Consumer,Support,Tier 3,Telecom,323,323,301,22,22,616,185416,41.95665635,19,6,7,66,5,88,74
2023-03-20,Monday,12,March,2023,0,South Africa,EMEA,Cape Town,EMEA_CORE_EMAIL_T2,Voice,Premium,Support,Tier 3,Healthcare,234,228,226,2,2,487,110062,4.271929825,21,3,4,92,4,76,64
2021-12-16,Thursday,50,December,2021,21,Belgium,EMEA,Belgium Hub,EMEA_CORE_EMAIL_TIER2,Chat,Enterprise,Support,Tier 2,Healthcare,327,352,323,29,29,278,89794,22.90340909,28,3,4,95,4,94,80
2025-06-29,Sunday,26,June,2025,23,Hungary,EMEA,Hungary Hub,TECH_SUPPORT_EMAIL_T3,Email,Premium,Tech Support,Tier 3,Banking,445,460,445,15,15,668,297260,21.7826087,35,10,14,95,13,88,73
2023-11-25,Saturday,47,November,2023,13,Morocco,EMEA,Morocco Hub,EMEA_CHAT_SUPPORT_T1,Voice,Premium,Support,Tier 2,E-commerce,116,140,126,14,14,596,75096,59.6,30,2,3,78,2,79,65
2023-03-09,Thursday,10,March,2023,0,Poland,EMEA,Poland Hub,EMEA_RETAIL_VOICE_T2,Email,Premium,Support,Tier 1,Healthcare,218,214,204,10,10,402,82008,18.78504673,19,2,2,65,1,70,71
2023-02-05,Sunday,5,February,2023,2,South Africa,EMEA,Cape Town,INBOUND_VOICE_TIER1,Email,Premium,Inbound,Tier 1,Healthcare,484,498,496,2,2,371,184016,1.489959839,18,6,7,69,5,72,78
2022-08-21,Sunday,33,August,2022,17,Bulgaria,EMEA,Bulgaria Hub,EMEA_CORE_EMAIL_TIER2,Email,Enterprise,Support,Tier 2,Telecom,87,82,53,29,29,807,42771,285.402439,32,1,1,84,1,81,73
2021-11-02,Tuesday,44,November,2021,4,Portugal,EMEA,Portugal Hub,RETENTION_VOICE_T2,Email,Premium,Retention,Tier 1,Telecom,413,404,378,26,26,640,241920,41.18811881,28,8,10,73,7,79,86
2025-01-01,Wednesday,1,January,2025,10,Romania,EMEA,Romania Hub,EMEA_CHAT_SUPPORT_T1,Voice,Enterprise,Support,Tier 3,Telecom,271,276,256,20,20,813,208128,58.91304348,28,7,9,83,7,76,84
2021-06-25,Friday,25,June,2021,20,Hungary,EMEA,Hungary Hub,OUTBOUND_SALES_T2,Voice,Consumer,Outbound,Tier 2,Telecom,476,486,469,17,17,258,121002,9.024691358,28,4,5,72,4,75,83
2025-06-06,Friday,23,June,2025,12,United Kingdom,EMEA,London,EMEA_EMAIL_SUPPORT_T3,Email,Consumer,Support,Tier 2,E-commerce,474,504,474,30,30,366,173484,21.78571429,34,6,8,70,6,93,89
2021-07-02,Friday,26,July,2021,11,Portugal,EMEA,Portugal Hub,RETENTION_VOICE_T2,Email,Premium,Retention,Tier 1,Healthcare,261,259,235,24,24,551,129485,51.05791506,27,4,5,67,3,92,79
2022-02-10,Thursday,6,February,2022,15,Kenya,EMEA,Kenya Hub,EMEA_EMAIL_SUPPORT_T3,Voice,Premium,Support,Tier 2,Healthcare,372,369,344,25,25,238,81872,16.12466125,26,2,3,73,2,92,72
2023-10-18,Wednesday,42,October,2023,5,Finland,EMEA,Finland Hub,TECH_SUPPORT_EMAIL_T3,Voice,Premium,Tech Support,Tier 3,Healthcare,329,330,322,8,8,440,141680,10.66666667,28,4,5,73,4,89,90
2024-01-01,Monday,1,January,2024,21,Morocco,EMEA,Morocco Hub,TECH_SUPPORT_EMAIL_T3,Voice,Consumer,Tech Support,Tier 2,Telecom,216,231,214,17,17,483,103362,35.54545455,31,3,4,88,4,89,80
2023-06-27,Tuesday,26,June,2023,20,Morocco,EMEA,Morocco Hub,TECH_SUPPORT_EMAIL_T3,Chat,Consumer,Tech Support,Tier 2,Retail,65,52,26,26,26,359,9334,179.5,27,0,0,93,0,74,89
2024-09-26,Thursday,39,September,2024,11,Denmark,EMEA,Denmark Hub,TECH_SUPPORT_EMAIL_T3,Voice,Premium,Tech Support,Tier 3,Retail,451,467,450,17,17,642,288900,23.37044968,26,10,13,75,10,70,63
2021-05-15,Saturday,19,May,2021,5,Netherlands,EMEA,Amsterdam,EMEA_CORE_EMAIL_T2,Chat,Enterprise,Support,Tier 2,Retail,216,200,173,27,27,287,49651,38.745,28,1,1,87,1,89,75
2022-12-18,Sunday,50,December,2022,10,France,EMEA,Paris,INBOUND_VOICE_TIER1,Email,Consumer,Inbound,Tier 1,Healthcare,437,433,412,21,21,624,257088,30.26327945,32,8,11,83,9,80,76
2022-09-13,Tuesday,37,September,2022,23,Slovakia,EMEA,Slovakia Hub,INBOUND_VOICE_TIER1,Chat,Consumer,Inbound,Tier 1,Banking,343,323,293,30,30,629,184297,58.42105263,35,6,8,65,5,93,84
2023-12-26,Tuesday,52,December,2023,15,Luxembourg,EMEA,Luxembourg Hub,CUSTOMER_SUPPORT_CHAT_T1,Email,Enterprise,Customer Support,Tier 1,Telecom,196,218,196,22,22,642,125832,64.78899083,15,4,5,84,4,93,80
2024-08-25,Sunday,34,August,2024,11,Morocco,EMEA,Morocco Hub,OUTBOUND_SALES_T2,Chat,Premium,Outbound,Tier 3,Healthcare,209,222,198,24,24,764,151272,82.59459459,21,5,6,81,5,90,90
2022-04-11,Monday,15,April,2022,8,Morocco,EMEA,Morocco Hub,CUSTOMER_SUPPORT_CHAT_T1,Chat,Consumer,Customer Support,Tier 2,Banking,355,347,344,3,3,267,91848,2.308357349,26,3,4,87,3,79,74
2021-05-28,Friday,21,May,2021,23,Italy,EMEA,Rome,EMEA_CORE_EMAIL_TIER2,Chat,Premium,Support,Tier 1,Healthcare,182,172,143,29,29,868,124124,146.3488372,25,4,5,77,4,78,76
2024-04-14,Sunday,15,April,2024,4,Iceland,EMEA,Iceland Hub,CUSTOMER_SUPPORT_CHAT_T1,Voice,Premium,Customer Support,Tier 3,Banking,176,190,177,13,13,442,78234,30.24210526,22,2,2,66,1,86,80
2022-10-01,Saturday,39,October,2022,16,France,EMEA,Paris,RETENTION_VOICE_T2,Email,Premium,Retention,Tier 1,Banking,466,467,466,1,1,528,246048,1.130620985,25,8,10,68,7,87,61
2022-07-29,Friday,30,July,2022,11,Italy,EMEA,Rome,EMEA_CHAT_SUPPORT_T1,Email,Enterprise,Support,Tier 1,Retail,340,352,352,0,0,318,111936,0.0,21,3,4,65,3,82,67
2024-03-08,Friday,10,March,2024,10,Netherlands,EMEA,Amsterdam,EMEA_CHAT_SUPPORT_T1,Chat,Enterprise,Support,Tier 2,E-commerce,135,143,134,9,9,304,40736,19.13286713,32,1,1,70,1,88,70
2022-05-12,Thursday,19,May,2022,0,South Africa,EMEA,Cape Town,EMEA_EMAIL_SUPPORT_T3,Chat,Consumer,Support,Tier 3,Healthcare,104,97,96,1,1,566,54336,5.835051546,22,1,1,69,1,88,80
2023-03-22,Wednesday,12,March,2023,0,Morocco,EMEA,Morocco Hub,EMEA_CORE_EMAIL_TIER2,Chat,Enterprise,Support,Tier 2,Healthcare,331,355,330,25,25,864,285120,60.84507042,16,9,10,95,10,86,60
2025-12-24,Wednesday,52,December,2025,5,South Africa,EMEA,Cape Town,TECH_SUPPORT_EMAIL_T3,Chat,Premium,Tech Support,Tier 3,Retail,278,293,265,28,28,185,49025,17.67918089,16,1,1,89,1,91,79
2021-12-20,Monday,51,December,2021,2,Turkey,EMEA,Turkey Hub,EMEA_CORE_EMAIL_TIER2,Chat,Premium,Support,Tier 2,Banking,320,309,293,16,16,830,243190,42.97734628,17,8,9,94,8,71,77
2024-12-31,Tuesday,1,December,2024,22,Italy,EMEA,Rome,EMEA_RETAIL_VOICE_T2,Chat,Consumer,Support,Tier 2,Banking,194,203,191,12,12,328,62648,19.38916256,28,2,3,72,2,70,72
2021-12-20,Monday,51,December,2021,19,Greece,EMEA,Greece Hub,EMEA_CORE_EMAIL_TIER2,Email,Enterprise,Support,Tier 1,Banking,252,269,252,17,17,615,154980,38.866171,33,5,7,81,6,92,88
2024-03-15,Friday,11,March,2024,23,Greece,EMEA,Greece Hub,EMEA_EMAIL_SUPPORT_T3,Voice,Enterprise,Support,Tier 1,E-commerce,493,523,501,22,22,739,370239,31.08604207,23,12,15,82,12,87,76
2021-12-08,Wednesday,49,December,2021,6,Italy,EMEA,Rome,EMEA_EMAIL_SUPPORT_T3,Voice,Premium,Support,Tier 2,E-commerce,58,64,57,7,7,561,31977,61.359375,15,1,1,74,1,87,68
2021-12-05,Sunday,48,December,2021,13,Finland,EMEA,Finland Hub,EMEA_CORE_EMAIL_TIER2,Chat,Premium,Support,Tier 3,Healthcare,329,332,310,22,22,196,60760,12.98795181,34,2,3,77,2,74,67
2024-05-04,Saturday,18,May,2024,19,Sweden,EMEA,Sweden Hub,OUTBOUND_SALES_T2,Voice,Consumer,Outbound,Tier 2,Healthcare,169,190,171,19,19,209,35739,20.9,25,1,1,88,1,95,82
2022-02-25,Friday,8,February,2022,21,Slovakia,EMEA,Slovakia Hub,EMEA_RETAIL_VOICE_T2,Chat,Consumer,Support,Tier 1,Retail,457,481,459,22,22,881,404379,40.2952183,27,14,18,69,12,76,66
2024-09-01,Sunday,35,September,2024,1,Norway,EMEA,Norway Hub,EMEA_CORE_EMAIL_TIER2,Voice,Consumer,Support,Tier 2,Telecom,210,215,214,1,1,802,171628,3.730232558,27,5,6,86,5,73,74
2021-03-14,Sunday,10,March,2021,8,Turkey,EMEA,Turkey Hub,EMEA_CORE_EMAIL_T2,Chat,Premium,Support,Tier 2,Telecom,199,201,193,8,8,506,97658,20.13930348,31,3,4,65,3,74,88
2021-05-07,Friday,18,May,2021,8,Greece,EMEA,Greece Hub,EMEA_CORE_EMAIL_TIER2,Chat,Enterprise,Support,Tier 1,Healthcare,212,238,222,16,16,351,77922,23.59663866,18,2,2,65,1,72,87
2024-10-11,Friday,41,October,2024,15,Russia,EMEA,Russia Hub,OUTBOUND_SALES_T2,Voice,Consumer,Outbound,Tier 1,Retail,139,142,126,16,16,471,59346,53.07042254,24,2,2,94,2,76,65
2022-08-31,Wednesday,35,August,2022,5,Iceland,EMEA,Iceland Hub,INBOUND_VOICE_TIER1,Voice,Consumer,Inbound,Tier 2,Telecom,180,164,154,10,10,722,111188,44.02439024,29,3,4,75,3,93,90
2021-11-06,Saturday,44,November,2021,14,Denmark,EMEA,Denmark Hub,EMEA_CORE_EMAIL_T2,Chat,Enterprise,Support,Tier 1,Banking,498,513,487,26,26,881,429047,44.65107212,34,14,19,77,15,76,82
2021-03-06,Saturday,9,March,2021,12,Kenya,EMEA,Kenya Hub,CUSTOMER_SUPPORT_CHAT_T1,Chat,Premium,Customer Support,Tier 1,E-commerce,157,152,134,18,18,275,36850,32.56578947,22,1,1,70,1,84,87
2025-08-06,Wednesday,32,August,2025,3,Turkey,EMEA,Turkey Hub,TECH_SUPPORT_EMAIL_T3,Email,Premium,Tech Support,Tier 3,Telecom,143,145,130,15,15,863,112190,89.27586207,23,3,4,73,3,94,83
2021-05-13,Thursday,19,May,2021,22,Finland,EMEA,Finland Hub,CUSTOMER_SUPPORT_CHAT_T1,Email,Consumer,Customer Support,Tier 2,E-commerce,168,191,161,30,30,408,65688,64.08376963,19,2,2,76,2,77,71
2023-07-10,Monday,28,July,2023,14,Hungary,EMEA,Hungary Hub,EMEA_CORE_EMAIL_T2,Chat,Enterprise,Support,Tier 2,Retail,332,361,341,20,20,449,153109,24.87534626,32,5,7,67,5,78,65
2021-06-22,Tuesday,25,June,2021,17,Poland,EMEA,Poland Hub,EMEA_RETAIL_VOICE_T2,Email,Premium,Support,Tier 1,Retail,376,370,358,12,12,637,228046,20.65945946,25,7,9,67,6,81,61
2021-05-18,Tuesday,20,May,2021,0,Norway,EMEA,Norway Hub,TECH_SUPPORT_EMAIL_T3,Email,Premium,Tech Support,Tier 1,Banking,52,60,55,5,5,633,34815,52.75,18,1,1,94,1,88,86
2022-10-24,Monday,43,October,2022,10,Ukraine,EMEA,Ukraine Hub,RETENTION_VOICE_T2,Email,Enterprise,Retention,Tier 3,Banking,262,290,266,24,24,513,136458,42.45517241,26,4,5,76,4,81,86
2022-09-21,Wednesday,38,September,2022,10,Ireland,EMEA,Dublin,EMEA_CORE_EMAIL_TIER2,Voice,Consumer,Support,Tier 1,Telecom,304,298,298,0,0,274,81652,0.0,27,2,3,84,3,87,82
2021-01-13,Wednesday,2,January,2021,0,Iceland,EMEA,Iceland Hub,CUSTOMER_SUPPORT_CHAT_T1,Email,Consumer,Customer Support,Tier 2,Banking,149,178,155,23,23,398,61690,51.42696629,34,2,3,73,2,91,79
2021-04-29,Thursday,17,April,2021,2,Spain,EMEA,Madrid,EMEA_CORE_EMAIL_TIER2,Chat,Premium,Support,Tier 3,Healthcare,478,497,484,13,13,449,217316,11.7444668,31,7,9,80,7,78,63
2025-03-06,Thursday,10,March,2025,3,Slovenia,EMEA,Slovenia Hub,EMEA_CHAT_SUPPORT_T1,Chat,Enterprise,Support,Tier 2,Banking,454,445,438,7,7,822,360036,12.93033708,35,12,16,82,13,93,72
2024-01-08,Monday,2,January,2024,21,Greece,EMEA,Greece Hub,RETENTION_VOICE_T2,Email,Enterprise,Retention,Tier 2,E-commerce,271,275,251,24,24,434,108934,37.87636364,29,3,4,94,4,87,60
2021-11-11,Thursday,45,November,2021,14,Hungary,EMEA,Hungary Hub,EMEA_EMAIL_SUPPORT_T3,Email,Premium,Support,Tier 2,Banking,124,108,102,6,6,648,66096,36.0,19,2,2,65,1,89,90
2022-04-20,Wednesday,16,April,2022,6,Netherlands,EMEA,Amsterdam,EMEA_CORE_EMAIL_T2,Chat,Enterprise,Support,Tier 1,E-commerce,149,155,134,21,21,426,57084,57.71612903,27,1,1,77,1,77,86
2025-09-27,Saturday,39,September,2025,14,Hungary,EMEA,Hungary Hub,EMEA_CORE_EMAIL_TIER2,Chat,Enterprise,Support,Tier 3,Healthcare,466,485,479,6,6,568,272072,7.026804124,22,9,11,86,9,70,73
2024-10-19,Saturday,42,October,2024,7,Czech Republic,EMEA,Czech Republic Hub,INBOUND_VOICE_TIER1,Email,Consumer,Inbound,Tier 3,E-commerce,388,406,396,10,10,621,245916,15.2955665,29,8,10,88,9,92,69
2021-09-25,Saturday,38,September,2021,17,Turkey,EMEA,Turkey Hub,OUTBOUND_SALES_T2,Email,Premium,Outbound,Tier 1,Banking,272,290,278,12,12,461,128158,19.07586207,25,4,5,86,4,77,80
2021-04-18,Sunday,15,April,2021,16,Portugal,EMEA,Portugal Hub,INBOUND_VOICE_TIER1,Chat,Consumer,Inbound,Tier 3,Banking,464,445,431,14,14,737,317647,23.18651685,25,11,14,90,13,80,83
2022-07-09,Saturday,27,July,2022,0,Slovakia,EMEA,Slovakia Hub,EMEA_CHAT_SUPPORT_T1,Voice,Premium,Support,Tier 3,Banking,174,159,140,19,19,620,86800,74.08805031,21,3,4,77,3,84,74
2021-06-24,Thursday,25,June,2021,1,Slovakia,EMEA,Slovakia Hub,EMEA_RETAIL_VOICE_T2,Email,Enterprise,Support,Tier 1,Retail,462,473,450,23,23,873,392850,42.45031712,17,13,15,65,10,71,76
2024-07-29,Monday,31,July,2024,16,Slovakia,EMEA,Slovakia Hub,EMEA_EMAIL_SUPPORT_T3,Voice,Consumer,Support,Tier 2,Healthcare,139,133,116,17,17,662,76792,84.61654135,25,2,3,91,3,73,61
2022-01-23,Sunday,3,January,2022,17,Bulgaria,EMEA,Bulgaria Hub,CUSTOMER_SUPPORT_CHAT_T1,Email,Consumer,Customer Support,Tier 1,E-commerce,425,444,442,2,2,256,113152,1.153153153,19,3,4,88,4,88,76
2025-05-28,Wednesday,22,May,2025,12,Turkey,EMEA,Turkey Hub,EMEA_CHAT_SUPPORT_T1,Voice,Premium,Support,Tier 1,Banking,375,380,359,21,21,783,281097,43.27105263,17,9,11,95,10,85,88
2024-06-01,Saturday,22,June,2024,6,Czech Republic,EMEA,Czech Republic Hub,EMEA_CHAT_SUPPORT_T1,Voice,Consumer,Support,Tier 2,Retail,283,265,263,2,2,635,167005,4.79245283,22,5,6,73,4,80,78
2025-06-17,Tuesday,25,June,2025,23,Finland,EMEA,Finland Hub,EMEA_EMAIL_SUPPORT_T3,Voice,Premium,Support,Tier 2,Healthcare,179,181,173,8,8,363,62799,16.0441989,17,2,2,93,2,89,65
2025-02-13,Thursday,7,February,2025,17,Belgium,EMEA,Belgium Hub,EMEA_CORE_EMAIL_T2,Voice,Enterprise,Support,Tier 3,Telecom,61,72,57,15,15,893,50901,186.0416667,27,1,1,93,1,93,81
2024-04-08,Monday,15,April,2024,16,Romania,EMEA,Romania Hub,EMEA_EMAIL_SUPPORT_T3,Voice,Premium,Support,Tier 1,Retail,176,205,190,15,15,221,41990,16.17073171,20,1,1,66,1,88,70
2022-11-17,Thursday,46,November,2022,22,Sweden,EMEA,Sweden Hub,EMEA_CHAT_SUPPORT_T1,Email,Enterprise,Support,Tier 3,E-commerce,284,270,248,22,22,467,115816,38.05185185,29,4,5,85,4,82,69
2024-10-09,Wednesday,41,October,2024,11,Italy,EMEA,Rome,INBOUND_VOICE_TIER1,Email,Premium,Inbound,Tier 1,E-commerce,234,237,213,24,24,487,103731,49.3164557,26,3,4,74,3,82,83
2023-01-23,Monday,4,January,2023,9,Belgium,EMEA,Belgium Hub,EMEA_EMAIL_SUPPORT_T3,Chat,Premium,Support,Tier 3,Banking,440,440,423,17,17,206,87138,7.959090909,16,3,3,86,3,79,80
2025-01-03,Friday,1,January,2025,12,Israel,EMEA,Israel Hub,OUTBOUND_SALES_T2,Email,Consumer,Outbound,Tier 2,Banking,200,225,213,12,12,624,132912,33.28,28,4,5,85,4,88,75
2023-05-13,Saturday,19,May,2023,23,Russia,EMEA,Russia Hub,EMEA_RETAIL_VOICE_T2,Chat,Consumer,Support,Tier 1,E-commerce,252,235,231,4,4,768,177408,13.07234043,32,6,8,91,7,76,89
2025-11-16,Sunday,46,November,2025,12,Morocco,EMEA,Morocco Hub,TECH_SUPPORT_EMAIL_T3,Chat,Premium,Tech Support,Tier 1,Telecom,329,333,310,23,23,796,246760,54.97897898,34,8,11,77,8,90,69
2021-05-06,Thursday,18,May,2021,5,Slovakia,EMEA,Slovakia Hub,EMEA_RETAIL_VOICE_T2,Chat,Enterprise,Support,Tier 2,Healthcare,458,465,455,10,10,676,307580,14.53763441,16,10,12,79,9,77,61
2025-04-13,Sunday,15,April,2025,23,Luxembourg,EMEA,Luxembourg Hub,EMEA_CORE_EMAIL_T2,Voice,Consumer,Support,Tier 2,Healthcare,125,117,107,10,10,359,38413,30.68376068,16,1,1,67,1,80,77
2023-06-05,Monday,23,June,2023,9,Turkey,EMEA,Turkey Hub,TECH_SUPPORT_EMAIL_T3,Voice,Premium,Tech Support,Tier 2,Banking,459,464,447,17,17,538,240486,19.7112069,15,8,9,74,7,79,67
2025-10-16,Thursday,42,October,2025,11,Portugal,EMEA,Portugal Hub,EMEA_CORE_EMAIL_TIER2,Chat,Consumer,Support,Tier 2,Banking,139,146,130,16,16,306,39780,33.53424658,19,1,1,90,1,77,74
2022-10-04,Tuesday,40,October,2022,11,Iceland,EMEA,Iceland Hub,TECH_SUPPORT_EMAIL_T3,Email,Enterprise,Tech Support,Tier 2,Retail,316,327,308,19,19,200,61600,11.62079511,35,2,3,88,3,93,84
2023-02-23,Thursday,8,February,2023,11,United Kingdom,EMEA,London,EMEA_CORE_EMAIL_TIER2,Chat,Enterprise,Support,Tier 1,Retail,466,457,428,29,29,524,224272,33.25164114,24,7,9,69,6,90,77
2025-05-02,Friday,18,May,2025,12,Netherlands,EMEA,Amsterdam,EMEA_CORE_EMAIL_T2,Chat,Premium,Support,Tier 2,Telecom,135,158,143,15,15,575,82225,54.58860759,16,2,2,86,2,77,68
2022-06-25,Saturday,25,June,2022,19,Denmark,EMEA,Denmark Hub,EMEA_EMAIL_SUPPORT_T3,Email,Consumer,Support,Tier 1,Retail,55,56,45,11,11,825,37125,162.0535714,16,1,1,85,1,72,79
2021-07-16,Friday,28,July,2021,13,Slovenia,EMEA,Slovenia Hub,INBOUND_VOICE_TIER1,Voice,Enterprise,Inbound,Tier 1,Telecom,425,420,402,18,18,618,248436,26.48571429,33,8,11,73,8,84,71
2021-10-09,Saturday,40,October,2021,19,Slovakia,EMEA,Slovakia Hub,TECH_SUPPORT_EMAIL_T3,Chat,Premium,Tech Support,Tier 1,Healthcare,62,62,33,29,29,575,18975,268.9516129,25,0,0,82,0,72,73
2024-06-12,Wednesday,24,June,2024,15,Morocco,EMEA,Morocco Hub,TECH_SUPPORT_EMAIL_T3,Chat,Enterprise,Tech Support,Tier 2,Retail,272,287,287,0,0,725,208075,0.0,18,7,8,77,6,95,64
2024-04-23,Tuesday,17,April,2024,20,Spain,EMEA,Madrid,INBOUND_VOICE_TIER1,Voice,Consumer,Inbound,Tier 1,Healthcare,315,310,291,19,19,426,123966,26.10967742,31,4,5,90,5,91,85
2024-10-16,Wednesday,42,October,2024,22,Morocco,EMEA,Morocco Hub,EMEA_EMAIL_SUPPORT_T3,Voice,Premium,Support,Tier 3,Telecom,384,378,354,24,24,566,200364,35.93650794,28,6,8,87,7,77,90
2022-07-22,Friday,29,July,2022,22,Italy,EMEA,Rome,EMEA_CORE_EMAIL_TIER2,Voice,Consumer,Support,Tier 1,Banking,453,435,431,4,4,285,122835,2.620689655,30,4,5,91,5,73,67
2021-12-29,Wednesday,52,December,2021,1,Morocco,EMEA,Morocco Hub,INBOUND_VOICE_TIER1,Chat,Enterprise,Inbound,Tier 3,Retail,390,376,363,13,13,830,301290,28.69680851,19,10,12,82,10,86,77
2021-08-08,Sunday,31,August,2021,5,Norway,EMEA,Norway Hub,RETENTION_VOICE_T2,Voice,Consumer,Retention,Tier 3,Healthcare,210,201,193,8,8,267,51531,10.62686567,33,1,1,73,1,93,69
2022-07-26,Tuesday,30,July,2022,1,Iceland,EMEA,Iceland Hub,INBOUND_VOICE_TIER1,Voice,Consumer,Inbound,Tier 2,Healthcare,483,504,475,29,29,192,91200,11.04761905,25,3,4,76,3,82,89
2021-03-02,Tuesday,9,March,2021,4,Poland,EMEA,Poland Hub,INBOUND_VOICE_TIER1,Voice,Premium,Inbound,Tier 2,Telecom,184,175,170,5,5,702,119340,20.05714286,30,4,5,95,5,93,72
2022-06-24,Friday,25,June,2022,18,Russia,EMEA,Russia Hub,INBOUND_VOICE_TIER1,Chat,Consumer,Inbound,Tier 3,Banking,452,441,422,19,19,629,265438,27.09977324,18,9,11,88,10,76,71
2025-10-22,Wednesday,43,October,2025,9,Belgium,EMEA,Belgium Hub,EMEA_CORE_EMAIL_TIER2,Chat,Consumer,Support,Tier 2,Healthcare,475,459,435,24,24,413,179655,21.59477124,22,6,7,68,5,91,82
2024-05-06,Monday,19,May,2024,2,Greece,EMEA,Greece Hub,EMEA_RETAIL_VOICE_T2,Chat,Consumer,Support,Tier 3,E-commerce,335,338,316,22,22,769,243004,50.05325444,33,8,11,73,8,71,65
2021-06-21,Monday,25,June,2021,6,Sweden,EMEA,Sweden Hub,INBOUND_VOICE_TIER1,Email,Premium,Inbound,Tier 3,Healthcare,113,137,129,8,8,265,34185,15.47445255,25,1,1,85,1,79,88
2022-08-03,Wednesday,31,August,2022,1,Norway,EMEA,Norway Hub,EMEA_CORE_EMAIL_T2,Chat,Enterprise,Support,Tier 3,E-commerce,78,105,85,20,20,854,72590,162.6666667,27,2,3,93,3,84,76
2022-05-25,Wednesday,21,May,2022,21,Sweden,EMEA,Sweden Hub,EMEA_RETAIL_VOICE_T2,Chat,Consumer,Support,Tier 2,Retail,260,275,264,11,11,256,67584,10.24,16,2,2,79,2,70,83
2022-05-09,Monday,19,May,2022,18,Morocco,EMEA,Morocco Hub,INBOUND_VOICE_TIER1,Chat,Consumer,Inbound,Tier 3,Banking,464,458,446,12,12,738,329148,19.33624454,18,11,13,71,9,89,88
2021-06-28,Monday,26,June,2021,3,Finland,EMEA,Finland Hub,EMEA_CHAT_SUPPORT_T1,Voice,Premium,Support,Tier 2,E-commerce,169,160,160,0,0,352,56320,0.0,19,1,1,75,1,85,76
2024-04-24,Wednesday,17,April,2024,1,Morocco,EMEA,Morocco Hub,TECH_SUPPORT_EMAIL_T3,Chat,Premium,Tech Support,Tier 2,Retail,474,501,493,8,8,812,400316,12.96606786,33,13,17,80,14,93,71
2024-12-19,Thursday,51,December,2024,1,Poland,EMEA,Poland Hub,EMEA_CORE_EMAIL_T2,Chat,Enterprise,Support,Tier 2,Banking,297,299,270,29,29,682,184140,66.14715719,20,6,7,87,6,91,86
2021-08-12,Thursday,32,August,2021,15,Sweden,EMEA,Sweden Hub,EMEA_CORE_EMAIL_T2,Chat,Premium,Support,Tier 3,Healthcare,415,419,419,0,0,445,186455,0.0,24,6,7,66,5,86,81
2023-10-26,Thursday,43,October,2023,14,Netherlands,EMEA,Amsterdam,OUTBOUND_SALES_T2,Voice,Enterprise,Outbound,Tier 2,Telecom,100,108,107,1,1,575,61525,5.324074074,31,2,3,65,2,81,70
2025-02-18,Tuesday,8,February,2025,10,Greece,EMEA,Greece Hub,OUTBOUND_SALES_T2,Chat,Premium,Outbound,Tier 1,E-commerce,462,444,426,18,18,599,255174,24.28378378,29,8,10,84,8,76,85
2025-12-17,Wednesday,51,December,2025,15,Iceland,EMEA,Iceland Hub,OUTBOUND_SALES_T2,Email,Enterprise,Outbound,Tier 3,Healthcare,450,467,452,15,15,449,202948,14.42184154,23,7,9,69,6,81,68
2024-12-23,Monday,52,December,2024,12,Turkey,EMEA,Turkey Hub,CUSTOMER_SUPPORT_CHAT_T1,Email,Premium,Customer Support,Tier 1,Healthcare,395,414,397,17,17,792,314424,32.52173913,29,10,13,75,10,88,90
2023-03-31,Friday,13,March,2023,4,Slovenia,EMEA,Slovenia Hub,EMEA_CORE_EMAIL_TIER2,Voice,Premium,Support,Tier 2,Retail,352,346,335,11,11,897,300495,28.51734104,21,10,12,84,10,81,79
2025-02-28,Friday,9,February,2025,17,Russia,EMEA,Russia Hub,OUTBOUND_SALES_T2,Email,Enterprise,Outbound,Tier 3,E-commerce,499,482,457,25,25,773,353261,40.093361,30,12,16,91,15,74,79
2022-06-02,Thursday,22,June,2022,8,Norway,EMEA,Norway Hub,EMEA_RETAIL_VOICE_T2,Chat,Consumer,Support,Tier 2,E-commerce,223,226,217,9,9,698,151466,27.79646018,17,5,6,93,6,86,66
2021-11-02,Tuesday,44,November,2021,1,Luxembourg,EMEA,Luxembourg Hub,EMEA_RETAIL_VOICE_T2,Chat,Premium,Support,Tier 3,Healthcare,468,481,478,3,3,317,151526,1.977130977,16,5,6,81,5,81,70
2024-01-03,Wednesday,1,January,2024,19,Romania,EMEA,Romania Hub,INBOUND_VOICE_TIER1,Chat,Enterprise,Inbound,Tier 1,E-commerce,426,411,396,15,15,678,268488,24.74452555,15,9,10,65,7,71,60
2023-06-07,Wednesday,23,June,2023,9,Bulgaria,EMEA,Bulgaria Hub,EMEA_CHAT_SUPPORT_T1,Voice,Consumer,Support,Tier 1,Healthcare,53,68,49,19,19,570,27930,159.2647059,20,0,0,89,0,95,80
2024-02-24,Saturday,8,February,2024,0,Portugal,EMEA,Portugal Hub,CUSTOMER_SUPPORT_CHAT_T1,Voice,Consumer,Customer Support,Tier 3,Retail,225,227,199,28,28,727,144673,89.67400881,16,5,6,76,5,71,71
2021-03-08,Monday,10,March,2021,9,Luxembourg,EMEA,Luxembourg Hub,RETENTION_VOICE_T2,Voice,Premium,Retention,Tier 2,Healthcare,304,330,307,23,23,518,159026,36.1030303,33,5,7,67,5,94,74
2024-08-11,Sunday,32,August,2024,21,Luxembourg,EMEA,Luxembourg Hub,EMEA_RETAIL_VOICE_T2,Email,Consumer,Support,Tier 1,Healthcare,287,278,278,0,0,668,185704,0.0,23,6,7,75,5,77,72
2025-01-24,Friday,4,January,2025,20,Italy,EMEA,Rome,EMEA_CORE_EMAIL_T2,Voice,Enterprise,Support,Tier 1,Healthcare,58,53,33,20,20,538,17754,203.0188679,25,0,0,71,0,85,83
2021-02-10,Wednesday,6,February,2021,19,Belgium,EMEA,Belgium Hub,EMEA_CHAT_SUPPORT_T1,Email,Enterprise,Support,Tier 2,E-commerce,289,284,277,7,7,571,158167,14.07394366,22,5,6,71,4,92,61
2021-07-11,Sunday,27,July,2021,3,Norway,EMEA,Norway Hub,TECH_SUPPORT_EMAIL_T3,Email,Enterprise,Tech Support,Tier 3,Banking,159,140,130,10,10,623,80990,44.5,22,2,2,83,2,86,68
2025-01-18,Saturday,3,January,2025,7,Netherlands,EMEA,Amsterdam,EMEA_EMAIL_SUPPORT_T3,Voice,Premium,Support,Tier 1,Retail,204,196,166,30,30,782,129812,119.6938776,25,4,5,69,3,90,75
2022-12-26,Monday,52,December,2022,0,Turkey,EMEA,Turkey Hub,TECH_SUPPORT_EMAIL_T3,Chat,Consumer,Tech Support,Tier 1,Telecom,434,447,417,30,30,828,345276,55.5704698,18,11,13,77,10,72,65
2023-10-22,Sunday,42,October,2023,16,Belgium,EMEA,Belgium Hub,EMEA_CORE_EMAIL_T2,Voice,Premium,Support,Tier 1,Retail,157,170,169,1,1,797,134693,4.688235294,18,4,5,69,3,90,61
2021-05-29,Saturday,21,May,2021,14,Slovakia,EMEA,Slovakia Hub,TECH_SUPPORT_EMAIL_T3,Voice,Consumer,Tech Support,Tier 2,Retail,93,82,61,21,21,834,50874,213.5853659,15,1,1,74,1,87,63
2024-05-29,Wednesday,22,May,2024,21,Romania,EMEA,Romania Hub,RETENTION_VOICE_T2,Chat,Premium,Retention,Tier 1,Banking,404,384,354,30,30,564,199656,44.0625,32,6,8,95,8,86,77
2024-05-21,Tuesday,21,May,2024,8,Portugal,EMEA,Portugal Hub,EMEA_CORE_EMAIL_TIER2,Chat,Consumer,Support,Tier 3,Retail,326,339,327,12,12,688,224976,24.3539823,34,7,9,67,6,86,64
2023-12-06,Wednesday,49,December,2023,21,Italy,EMEA,Rome,EMEA_RETAIL_VOICE_T2,Voice,Enterprise,Support,Tier 3,Banking,284,310,306,4,4,843,257958,10.87741935,20,8,10,82,8,74,81
2025-05-01,Thursday,18,May,2025,16,Ukraine,EMEA,Ukraine Hub,EMEA_CHAT_SUPPORT_T1,Email,Consumer,Support,Tier 2,Telecom,410,412,402,10,10,862,346524,20.9223301,19,12,14,78,11,78,71
2022-11-29,Tuesday,48,November,2022,9,Iceland,EMEA,Iceland Hub,TECH_SUPPORT_EMAIL_T3,Voice,Enterprise,Tech Support,Tier 2,Healthcare,123,123,108,15,15,355,38340,43.29268293,26,1,1,79,1,79,74
2022-07-23,Saturday,29,July,2022,15,Slovakia,EMEA,Slovakia Hub,OUTBOUND_SALES_T2,Email,Premium,Outbound,Tier 2,E-commerce,75,75,68,7,7,684,46512,63.84,28,1,1,66,1,85,88
2023-12-10,Sunday,49,December,2023,14,Norway,EMEA,Norway Hub,CUSTOMER_SUPPORT_CHAT_T1,Email,Premium,Customer Support,Tier 3,E-commerce,307,328,327,1,1,275,89925,0.838414634,22,3,4,84,3,85,74
2023-10-28,Saturday,43,October,2023,15,Denmark,EMEA,Denmark Hub,RETENTION_VOICE_T2,Email,Enterprise,Retention,Tier 1,Healthcare,120,103,80,23,23,749,59920,167.2524272,19,2,2,72,1,80,89
2025-10-23,Thursday,43,October,2025,21,Hungary,EMEA,Hungary Hub,TECH_SUPPORT_EMAIL_T3,Email,Enterprise,Tech Support,Tier 2,Banking,75,77,60,17,17,665,39900,146.8181818,25,1,1,74,1,90,75
2025-11-25,Tuesday,48,November,2025,21,Sweden,EMEA,Sweden Hub,CUSTOMER_SUPPORT_CHAT_T1,Voice,Enterprise,Customer Support,Tier 1,Telecom,238,260,241,19,19,537,129417,39.24230769,25,4,5,92,5,70,71
2021-09-15,Wednesday,37,September,2021,18,Finland,EMEA,Finland Hub,CUSTOMER_SUPPORT_CHAT_T1,Chat,Premium,Customer Support,Tier 1,Telecom,495,522,520,2,2,257,133640,0.98467433,22,4,5,89,4,93,71
2024-02-24,Saturday,8,February,2024,2,Netherlands,EMEA,Amsterdam,CUSTOMER_SUPPORT_CHAT_T1,Chat,Consumer,Customer Support,Tier 2,Banking,393,412,386,26,26,708,273288,44.67961165,16,9,10,78,8,72,65
2023-05-30,Tuesday,22,May,2023,10,Denmark,EMEA,Denmark Hub,CUSTOMER_SUPPORT_CHAT_T1,Chat,Premium,Customer Support,Tier 2,E-commerce,184,164,153,11,11,487,74511,32.66463415,23,2,2,95,2,84,75
2024-12-09,Monday,50,December,2024,7,Slovenia,EMEA,Slovenia Hub,EMEA_RETAIL_VOICE_T2,Chat,Enterprise,Support,Tier 2,E-commerce,360,356,345,11,11,448,154560,13.84269663,35,5,7,81,6,80,87
2021-02-03,Wednesday,5,February,2021,20,Morocco,EMEA,Morocco Hub,OUTBOUND_SALES_T2,Email,Premium,Outbound,Tier 2,E-commerce,374,393,377,16,16,539,203203,21.94402036,22,7,9,87,8,84,82
2024-06-04,Tuesday,23,June,2024,4,Israel,EMEA,Israel Hub,CUSTOMER_SUPPORT_CHAT_T1,Chat,Consumer,Customer Support,Tier 1,Telecom,372,396,368,28,28,405,149040,28.63636364,20,5,6,89,5,79,73
2023-04-24,Monday,17,April,2023,6,Israel,EMEA,Israel Hub,EMEA_CHAT_SUPPORT_T1,Voice,Consumer,Support,Tier 2,Retail,477,498,479,19,19,404,193516,15.41365462,23,6,7,71,5,93,77
2022-02-07,Monday,6,February,2022,0,Denmark,EMEA,Denmark Hub,EMEA_RETAIL_VOICE_T2,Chat,Enterprise,Support,Tier 2,Banking,494,509,506,3,3,279,141174,1.644400786,27,4,5,83,4,92,62
2021-09-19,Sunday,37,September,2021,7,Russia,EMEA,Russia Hub,EMEA_RETAIL_VOICE_T2,Chat,Consumer,Support,Tier 2,Retail,259,285,264,21,21,231,60984,17.02105263,32,2,3,70,2,90,76
2023-01-10,Tuesday,2,January,2023,17,Finland,EMEA,Finland Hub,EMEA_RETAIL_VOICE_T2,Voice,Premium,Support,Tier 2,Retail,82,94,72,22,22,363,26136,84.95744681,24,0,0,81,0,82,72
2024-07-24,Wednesday,30,July,2024,12,Czech Republic,EMEA,Czech Republic Hub,RETENTION_VOICE_T2,Email,Enterprise,Retention,Tier 1,E-commerce,242,229,228,1,1,496,113088,2.165938865,19,3,4,84,3,73,68
2022-12-25,Sunday,51,December,2022,9,Poland,EMEA,Poland Hub,EMEA_CHAT_SUPPORT_T1,Email,Enterprise,Support,Tier 1,Healthcare,390,374,353,21,21,745,262985,41.8315508,15,9,10,72,7,84,65
2025-03-07,Friday,10,March,2025,0,Iceland,EMEA,Iceland Hub,RETENTION_VOICE_T2,Email,Enterprise,Retention,Tier 3,E-commerce,411,404,393,11,11,500,196500,13.61386139,23,6,7,82,6,72,80
2025-02-06,Thursday,6,February,2025,20,Morocco,EMEA,Morocco Hub,RETENTION_VOICE_T2,Chat,Enterprise,Retention,Tier 2,Telecom,125,118,117,1,1,260,30420,2.203389831,28,1,1,65,1,72,72
2021-11-14,Sunday,45,November,2021,20,Finland,EMEA,Finland Hub,EMEA_CHAT_SUPPORT_T1,Voice,Enterprise,Support,Tier 2,Telecom,490,493,479,14,14,526,251954,14.93711968,16,8,9,89,8,92,68
2022-12-24,Saturday,51,December,2022,4,Slovakia,EMEA,Slovakia Hub,EMEA_CORE_EMAIL_T2,Voice,Consumer,Support,Tier 3,Retail,56,50,32,18,18,899,28768,323.64,22,0,0,88,0,80,79
2024-09-29,Sunday,39,September,2024,16,Denmark,EMEA,Denmark Hub,RETENTION_VOICE_T2,Chat,Premium,Retention,Tier 1,Retail,126,141,128,13,13,426,54528,39.27659574,18,1,1,79,1,71,75
2025-07-20,Sunday,29,July,2025,5,Italy,EMEA,Rome,RETENTION_VOICE_T2,Chat,Enterprise,Retention,Tier 2,Retail,166,146,139,7,7,778,108142,37.30136986,33,3,4,70,3,83,81
2025-01-09,Thursday,2,January,2025,4,Slovakia,EMEA,Slovakia Hub,EMEA_CORE_EMAIL_T2,Voice,Consumer,Support,Tier 3,E-commerce,203,202,176,26,26,555,97680,71.43564356,15,3,3,80,2,81,74
2023-12-27,Wednesday,52,December,2023,18,Netherlands,EMEA,Amsterdam,OUTBOUND_SALES_T2,Voice,Premium,Outbound,Tier 1,Telecom,271,288,284,4,4,459,130356,6.375,35,4,5,68,3,73,70
2025-04-05,Saturday,14,April,2025,20,Greece,EMEA,Greece Hub,OUTBOUND_SALES_T2,Chat,Consumer,Outbound,Tier 3,Telecom,63,48,41,7,7,373,15293,54.39583333,19,0,0,84,0,87,66
2021-06-19,Saturday,24,June,2021,2,Israel,EMEA,Israel Hub,OUTBOUND_SALES_T2,Email,Premium,Outbound,Tier 1,Healthcare,290,299,290,9,9,594,172260,17.87959866,29,5,6,85,5,80,79
2024-09-07,Saturday,36,September,2024,12,Finland,EMEA,Finland Hub,TECH_SUPPORT_EMAIL_T3,Chat,Consumer,Tech Support,Tier 3,Retail,283,304,304,0,0,287,87248,0.0,16,3,3,91,3,87,79
2025-04-17,Thursday,16,April,2025,21,Hungary,EMEA,Hungary Hub,EMEA_CHAT_SUPPORT_T1,Voice,Premium,Support,Tier 3,Banking,216,241,216,25,25,757,163512,78.52697095,32,5,7,69,5,70,85
2024-08-06,Tuesday,32,August,2024,19,Slovakia,EMEA,Slovakia Hub,INBOUND_VOICE_TIER1,Email,Enterprise,Inbound,Tier 1,E-commerce,237,234,211,23,23,367,77437,36.07264957,15,2,2,94,2,85,90
2023-11-29,Wednesday,48,November,2023,4,Belgium,EMEA,Belgium Hub,EMEA_CORE_EMAIL_T2,Email,Premium,Support,Tier 2,Banking,85,102,85,17,17,824,70040,137.3333333,17,2,2,68,1,92,66
2025-04-22,Tuesday,17,April,2025,16,Ireland,EMEA,Dublin,EMEA_RETAIL_VOICE_T2,Chat,Premium,Support,Tier 2,Retail,190,192,177,15,15,611,108147,47.734375,32,3,4,78,3,87,73
2024-01-17,Wednesday,3,January,2024,10,Poland,EMEA,Poland Hub,OUTBOUND_SALES_T2,Voice,Consumer,Outbound,Tier 3,Healthcare,183,163,137,26,26,899,123163,143.398773,33,4,5,69,3,76,72
2024-05-23,Thursday,21,May,2024,8,United Kingdom,EMEA,London,OUTBOUND_SALES_T2,Chat,Consumer,Outbound,Tier 2,Banking,230,233,233,0,0,717,167061,0.0,15,5,6,67,4,82,65
2021-05-08,Saturday,18,May,2021,6,Poland,EMEA,Poland Hub,CUSTOMER_SUPPORT_CHAT_T1,Email,Consumer,Customer Support,Tier 2,Healthcare,131,156,130,26,26,809,105170,134.8333333,16,3,3,90,3,83,67
2024-02-02,Friday,5,February,2024,21,Iceland,EMEA,Iceland Hub,EMEA_CORE_EMAIL_T2,Email,Consumer,Support,Tier 3,E-commerce,90,89,62,27,27,396,24552,120.1348315,20,0,0,81,0,71,85
2024-05-01,Wednesday,18,May,2024,20,Portugal,EMEA,Portugal Hub,EMEA_CHAT_SUPPORT_T1,Voice,Enterprise,Support,Tier 3,Banking,233,243,230,13,13,483,111090,25.83950617,19,3,4,86,3,82,79
2024-09-28,Saturday,39,September,2024,16,Greece,EMEA,Greece Hub,EMEA_CORE_EMAIL_T2,Email,Enterprise,Support,Tier 1,Retail,286,278,270,8,8,180,48600,5.179856115,35,1,1,78,1,90,86
2024-03-03,Sunday,9,March,2024,10,Iceland,EMEA,Iceland Hub,TECH_SUPPORT_EMAIL_T3,Chat,Premium,Tech Support,Tier 2,Healthcare,276,271,271,0,0,603,163413,0.0,22,5,6,79,5,94,86
2022-10-10,Monday,41,October,2022,13,Romania,EMEA,Romania Hub,EMEA_RETAIL_VOICE_T2,Voice,Enterprise,Support,Tier 2,E-commerce,226,217,198,19,19,387,76626,33.88479263,24,2,2,90,2,93,75
2022-09-08,Thursday,36,September,2022,10,Belgium,EMEA,Belgium Hub,EMEA_RETAIL_VOICE_T2,Chat,Enterprise,Support,Tier 2,Banking,138,164,135,29,29,847,114345,149.7743902,21,3,4,72,3,77,63
2024-07-12,Friday,28,July,2024,8,Czech Republic,EMEA,Czech Republic Hub,EMEA_CORE_EMAIL_TIER2,Voice,Premium,Support,Tier 3,Retail,177,204,190,14,14,540,102600,37.05882353,19,3,4,68,3,83,71
2024-10-14,Monday,42,October,2024,10,Belgium,EMEA,Belgium Hub,TECH_SUPPORT_EMAIL_T3,Voice,Premium,Tech Support,Tier 1,Retail,292,276,274,2,2,474,129876,3.434782609,27,4,5,85,4,93,89
2022-03-24,Thursday,12,March,2022,22,Greece,EMEA,Greece Hub,EMEA_RETAIL_VOICE_T2,Chat,Premium,Support,Tier 1,Banking,271,300,286,14,14,560,160160,26.13333333,15,5,6,88,5,80,88
2025-11-14,Friday,46,November,2025,2,Turkey,EMEA,Turkey Hub,INBOUND_VOICE_TIER1,Chat,Premium,Inbound,Tier 3,Retail,394,417,396,21,21,514,203544,25.88489209,25,7,9,73,7,74,75
2023-04-05,Wednesday,14,April,2023,12,Turkey,EMEA,Turkey Hub,OUTBOUND_SALES_T2,Chat,Premium,Outbound,Tier 2,E-commerce,57,64,56,8,8,693,38808,86.625,22,1,1,82,1,94,82
2021-08-25,Wednesday,34,August,2021,22,France,EMEA,Paris,OUTBOUND_SALES_T2,Email,Consumer,Outbound,Tier 1,Banking,83,93,68,25,25,369,25092,99.19354839,28,0,0,71,0,81,77
2025-11-25,Tuesday,48,November,2025,23,Spain,EMEA,Madrid,EMEA_CHAT_SUPPORT_T1,Email,Premium,Support,Tier 3,Telecom,365,369,356,13,13,607,216092,21.38482385,23,7,9,77,7,95,88
2023-01-09,Monday,2,January,2023,6,Ireland,EMEA,Dublin,EMEA_EMAIL_SUPPORT_T3,Voice,Enterprise,Support,Tier 1,Telecom,395,380,361,19,19,268,96748,13.4,18,3,4,74,3,91,73
2025-02-28,Friday,9,February,2025,22,Ireland,EMEA,Dublin,EMEA_CORE_EMAIL_T2,Email,Premium,Support,Tier 1,Telecom,118,128,116,12,12,698,80968,65.4375,24,2,2,92,2,83,69
2021-07-19,Monday,29,July,2021,3,Russia,EMEA,Russia Hub,EMEA_CORE_EMAIL_T2,Voice,Enterprise,Support,Tier 2,Healthcare,51,57,30,27,27,472,14160,223.5789474,18,0,0,82,0,74,70
2025-08-29,Friday,35,August,2025,2,Finland,EMEA,Finland Hub,EMEA_EMAIL_SUPPORT_T3,Email,Premium,Support,Tier 3,Healthcare,222,241,227,14,14,361,81947,20.97095436,19,2,2,80,2,80,72
2025-09-09,Tuesday,37,September,2025,4,United Kingdom,EMEA,London,INBOUND_VOICE_TIER1,Voice,Consumer,Inbound,Tier 2,Healthcare,410,409,397,12,12,220,87340,6.454767726,30,3,4,88,4,84,78
2022-03-25,Friday,12,March,2022,7,South Africa,EMEA,Cape Town,INBOUND_VOICE_TIER1,Email,Consumer,Inbound,Tier 1,Banking,414,423,423,0,0,534,225882,0.0,31,7,9,82,7,89,77
2021-09-05,Sunday,35,September,2021,6,Greece,EMEA,Greece Hub,EMEA_RETAIL_VOICE_T2,Email,Consumer,Support,Tier 2,Healthcare,448,445,444,1,1,388,172272,0.871910112,32,5,7,70,5,89,63
2022-11-12,Saturday,45,November,2022,19,Bulgaria,EMEA,Bulgaria Hub,TECH_SUPPORT_EMAIL_T3,Chat,Premium,Tech Support,Tier 2,Telecom,134,118,112,6,6,325,36400,16.52542373,22,1,1,92,1,70,79
2021-12-04,Saturday,48,December,2021,16,Ireland,EMEA,Dublin,EMEA_CORE_EMAIL_TIER2,Email,Consumer,Support,Tier 3,Healthcare,495,477,456,21,21,289,131784,12.72327044,34,4,5,70,4,74,87
2025-04-07,Monday,15,April,2025,2,Poland,EMEA,Poland Hub,EMEA_CORE_EMAIL_TIER2,Chat,Premium,Support,Tier 3,E-commerce,71,52,29,23,23,533,15457,235.75,29,0,0,89,0,70,61
2024-01-28,Sunday,4,January,2024,4,Norway,EMEA,Norway Hub,OUTBOUND_SALES_T2,Voice,Enterprise,Outbound,Tier 2,E-commerce,180,209,194,15,15,709,137546,50.88516746,22,4,5,94,5,86,63
2024-08-05,Monday,32,August,2024,18,Slovakia,EMEA,Slovakia Hub,TECH_SUPPORT_EMAIL_T3,Chat,Consumer,Tech Support,Tier 3,Banking,60,51,43,8,8,329,14147,51.60784314,20,0,0,89,0,94,74
2022-10-08,Saturday,40,October,2022,19,Slovenia,EMEA,Slovenia Hub,CUSTOMER_SUPPORT_CHAT_T1,Voice,Consumer,Customer Support,Tier 1,Banking,152,158,130,28,28,806,104780,142.835443,28,3,4,87,3,92,73
2022-08-26,Friday,34,August,2022,7,Iceland,EMEA,Iceland Hub,OUTBOUND_SALES_T2,Voice,Consumer,Outbound,Tier 2,Healthcare,50,60,38,22,22,193,7334,70.76666667,23,0,0,75,0,95,69
2024-03-09,Saturday,10,March,2024,14,Norway,EMEA,Norway Hub,EMEA_CORE_EMAIL_T2,Voice,Consumer,Support,Tier 2,Banking,455,478,473,5,5,885,418605,9.257322176,18,14,17,94,16,82,87
2022-07-22,Friday,29,July,2022,22,Czech Republic,EMEA,Czech Republic Hub,EMEA_CORE_EMAIL_TIER2,Voice,Enterprise,Support,Tier 1,Healthcare,491,483,464,19,19,365,169360,14.35817805,17,5,6,68,4,78,90
2022-03-05,Saturday,9,March,2022,15,Iceland,EMEA,Iceland Hub,INBOUND_VOICE_TIER1,Chat,Premium,Inbound,Tier 2,Healthcare,204,191,165,26,26,828,136620,112.7120419,19,4,5,92,5,84,89
2023-12-29,Friday,52,December,2023,0,Slovenia,EMEA,Slovenia Hub,EMEA_CORE_EMAIL_T2,Voice,Premium,Support,Tier 3,Retail,81,97,79,18,18,835,65965,154.9484536,29,2,3,87,3,91,81
2021-12-14,Tuesday,50,December,2021,11,Slovenia,EMEA,Slovenia Hub,EMEA_CORE_EMAIL_T2,Email,Enterprise,Support,Tier 1,Telecom,107,137,126,11,11,377,47502,30.27007299,31,1,1,95,1,78,90
2025-04-02,Wednesday,14,April,2025,7,Romania,EMEA,Romania Hub,EMEA_CORE_EMAIL_TIER2,Chat,Enterprise,Support,Tier 2,Healthcare,407,391,383,8,8,347,132901,7.099744246,15,4,5,71,4,72,87
2024-11-23,Saturday,47,November,2024,22,Germany,EMEA,Berlin,EMEA_EMAIL_SUPPORT_T3,Email,Consumer,Support,Tier 3,Banking,188,215,186,29,29,318,59148,42.89302326,19,2,2,66,1,93,62
2021-04-16,Friday,15,April,2021,18,Netherlands,EMEA,Amsterdam,OUTBOUND_SALES_T2,Voice,Enterprise,Outbound,Tier 1,Banking,122,116,102,14,14,306,31212,36.93103448,21,1,1,70,1,93,84
2024-12-10,Tuesday,50,December,2024,1,Kenya,EMEA,Kenya Hub,TECH_SUPPORT_EMAIL_T3,Chat,Enterprise,Tech Support,Tier 2,Retail,169,161,154,7,7,218,33572,9.47826087,33,1,1,86,1,79,60
2025-01-14,Tuesday,3,January,2025,5,Hungary,EMEA,Hungary Hub,EMEA_CHAT_SUPPORT_T1,Voice,Premium,Support,Tier 1,Healthcare,203,230,205,25,25,692,141860,75.2173913,27,4,5,78,4,73,80
2021-04-30,Friday,17,April,2021,17,Czech Republic,EMEA,Czech Republic Hub,EMEA_EMAIL_SUPPORT_T3,Voice,Consumer,Support,Tier 2,Retail,219,222,207,15,15,469,97083,31.68918919,25,3,4,81,3,88,68
2023-09-29,Friday,39,September,2023,4,Turkey,EMEA,Turkey Hub,EMEA_EMAIL_SUPPORT_T3,Voice,Enterprise,Support,Tier 3,Retail,376,360,345,15,15,278,95910,11.58333333,26,3,4,65,3,86,86
2025-03-04,Tuesday,10,March,2025,11,Belgium,EMEA,Belgium Hub,OUTBOUND_SALES_T2,Voice,Consumer,Outbound,Tier 2,E-commerce,407,396,385,11,11,412,158620,11.44444444,21,5,6,95,6,94,70
2021-04-28,Wednesday,17,April,2021,3,Norway,EMEA,Norway Hub,INBOUND_VOICE_TIER1,Email,Premium,Inbound,Tier 3,Retail,298,323,305,18,18,689,210145,38.39628483,16,7,8,66,5,80,84
2021-07-21,Wednesday,29,July,2021,7,Hungary,EMEA,Hungary Hub,INBOUND_VOICE_TIER1,Chat,Consumer,Inbound,Tier 2,Banking,455,454,448,6,6,839,375872,11.08810573,28,13,17,67,11,85,62
2021-08-18,Wednesday,33,August,2021,23,Luxembourg,EMEA,Luxembourg Hub,RETENTION_VOICE_T2,Email,Premium,Retention,Tier 2,Healthcare,418,443,435,8,8,657,285795,11.86455982,32,9,12,86,10,75,90
2023-06-24,Saturday,25,June,2023,13,France,EMEA,Paris,OUTBOUND_SALES_T2,Chat,Consumer,Outbound,Tier 1,Telecom,349,366,339,27,27,890,301710,65.6557377,26,10,13,65,8,93,78
2023-10-17,Tuesday,42,October,2023,11,Romania,EMEA,Romania Hub,EMEA_CHAT_SUPPORT_T1,Voice,Consumer,Support,Tier 2,E-commerce,260,277,257,20,20,418,107426,30.18050542,26,3,4,92,4,90,65
2022-11-27,Sunday,47,November,2022,19,Denmark,EMEA,Denmark Hub,RETENTION_VOICE_T2,Email,Enterprise,Retention,Tier 2,Telecom,215,195,194,1,1,614,119116,3.148717949,24,4,5,81,4,82,81
2022-12-14,Wednesday,50,December,2022,6,Slovenia,EMEA,Slovenia Hub,CUSTOMER_SUPPORT_CHAT_T1,Email,Enterprise,Customer Support,Tier 2,Banking,325,319,305,14,14,619,188795,27.1661442,16,6,7,85,6,81,66
2022-03-29,Tuesday,13,March,2022,15,Slovakia,EMEA,Slovakia Hub,OUTBOUND_SALES_T2,Email,Consumer,Outbound,Tier 3,Banking,435,450,439,11,11,302,132578,7.382222222,30,4,5,95,5,88,81
2022-10-20,Thursday,42,October,2022,3,United Kingdom,EMEA,London,EMEA_CORE_EMAIL_TIER2,Chat,Consumer,Support,Tier 3,Banking,267,263,257,6,6,525,134925,11.97718631,35,4,5,70,4,95,82
2025-01-13,Monday,3,January,2025,0,Iceland,EMEA,Iceland Hub,EMEA_RETAIL_VOICE_T2,Email,Enterprise,Support,Tier 2,E-commerce,395,395,386,9,9,743,286798,16.92911392,28,9,12,93,11,81,80
2021-01-20,Wednesday,3,January,2021,6,Denmark,EMEA,Denmark Hub,EMEA_EMAIL_SUPPORT_T3,Email,Enterprise,Support,Tier 1,Healthcare,468,474,474,0,0,671,318054,0.0,28,11,14,87,12,79,85
2023-09-14,Thursday,37,September,2023,4,Slovenia,EMEA,Slovenia Hub,EMEA_EMAIL_SUPPORT_T3,Email,Consumer,Support,Tier 1,Banking,71,84,69,15,15,237,16353,42.32142857,33,0,0,74,0,84,81
2024-03-11,Monday,11,March,2024,18,Ireland,EMEA,Dublin,EMEA_CHAT_SUPPORT_T1,Chat,Enterprise,Support,Tier 3,Healthcare,180,180,177,3,3,437,77349,7.283333333,35,2,3,71,2,94,75
2021-03-24,Wednesday,12,March,2021,5,Luxembourg,EMEA,Luxembourg Hub,TECH_SUPPORT_EMAIL_T3,Email,Premium,Tech Support,Tier 2,Telecom,352,368,339,29,29,830,281370,65.4076087,29,9,12,89,11,79,60
2023-01-04,Wednesday,1,January,2023,11,Belgium,EMEA,Belgium Hub,EMEA_CORE_EMAIL_TIER2,Email,Premium,Support,Tier 3,Retail,148,140,125,15,15,889,111125,95.25,18,3,4,92,4,78,60
2022-07-12,Tuesday,28,July,2022,3,Belgium,EMEA,Belgium Hub,EMEA_CORE_EMAIL_T2,Email,Premium,Support,Tier 3,Telecom,346,353,337,16,16,522,175914,23.66005666,18,6,7,89,6,95,63
2022-09-26,Monday,39,September,2022,19,Iceland,EMEA,Iceland Hub,OUTBOUND_SALES_T2,Voice,Premium,Outbound,Tier 1,Retail,376,379,357,22,22,324,115668,18.80738786,16,4,5,73,4,80,78
2022-06-04,Saturday,22,June,2022,23,South Africa,EMEA,Cape Town,EMEA_EMAIL_SUPPORT_T3,Chat,Premium,Support,Tier 2,E-commerce,479,501,497,4,4,655,325535,5.229540918,34,11,15,91,14,83,61
2021-04-28,Wednesday,17,April,2021,21,Czech Republic,EMEA,Czech Republic Hub,EMEA_RETAIL_VOICE_T2,Chat,Premium,Support,Tier 2,E-commerce,73,74,50,24,24,432,21600,140.1081081,22,0,0,71,0,94,76
2021-09-30,Thursday,39,September,2021,23,South Africa,EMEA,Cape Town,TECH_SUPPORT_EMAIL_T3,Chat,Enterprise,Tech Support,Tier 1,Telecom,203,205,184,21,21,606,111504,62.07804878,35,3,4,88,4,95,76
2025-01-02,Thursday,1,January,2025,22,Greece,EMEA,Greece Hub,EMEA_RETAIL_VOICE_T2,Chat,Premium,Support,Tier 2,Banking,144,154,152,2,2,639,97128,8.298701299,28,3,4,91,4,71,64
2024-05-06,Monday,19,May,2024,7,Russia,EMEA,Russia Hub,EMEA_EMAIL_SUPPORT_T3,Email,Consumer,Support,Tier 3,E-commerce,462,483,461,22,22,652,300572,29.69772257,20,10,12,79,9,95,68
2024-04-21,Sunday,16,April,2024,22,South Africa,EMEA,Cape Town,EMEA_CORE_EMAIL_TIER2,Voice,Enterprise,Support,Tier 2,Retail,307,321,310,11,11,353,109430,12.09657321,21,3,4,71,3,94,78
2021-09-12,Sunday,36,September,2021,11,Sweden,EMEA,Sweden Hub,CUSTOMER_SUPPORT_CHAT_T1,Voice,Premium,Customer Support,Tier 3,Retail,308,308,292,16,16,305,89060,15.84415584,18,3,4,86,3,88,88
2025-03-17,Monday,12,March,2025,2,Slovenia,EMEA,Slovenia Hub,EMEA_CORE_EMAIL_T2,Chat,Enterprise,Support,Tier 1,Banking,272,279,270,9,9,255,68850,8.225806452,19,2,2,79,2,91,65
2024-03-02,Saturday,9,March,2024,11,Bulgaria,EMEA,Bulgaria Hub,EMEA_CORE_EMAIL_TIER2,Voice,Consumer,Support,Tier 2,E-commerce,324,354,349,5,5,180,62820,2.542372881,20,2,2,88,2,81,82
2025-01-25,Saturday,4,January,2025,9,United Kingdom,EMEA,London,EMEA_EMAIL_SUPPORT_T3,Voice,Consumer,Support,Tier 2,E-commerce,117,97,95,2,2,208,19760,4.288659794,28,0,0,83,0,87,61
2024-12-07,Saturday,49,December,2024,12,Netherlands,EMEA,Amsterdam,RETENTION_VOICE_T2,Email,Premium,Retention,Tier 1,Telecom,131,129,105,24,24,293,30765,54.51162791,29,1,1,94,1,83,82
2024-07-31,Wednesday,31,July,2024,11,Poland,EMEA,Poland Hub,OUTBOUND_SALES_T2,Email,Consumer,Outbound,Tier 1,E-commerce,142,166,160,6,6,586,93760,21.18072289,27,3,4,66,3,77,76
2024-08-24,Saturday,34,August,2024,10,Slovenia,EMEA,Slovenia Hub,EMEA_CORE_EMAIL_T2,Chat,Consumer,Support,Tier 2,Healthcare,315,308,292,16,16,332,96944,17.24675325,19,3,4,79,3,78,87
2023-01-11,Wednesday,2,January,2023,17,Portugal,EMEA,Portugal Hub,EMEA_CORE_EMAIL_TIER2,Email,Premium,Support,Tier 1,Healthcare,64,44,36,8,8,426,15336,77.45454545,24,0,0,72,0,73,90
2024-01-22,Monday,4,January,2024,4,Norway,EMEA,Norway Hub,EMEA_CORE_EMAIL_TIER2,Voice,Premium,Support,Tier 1,Banking,107,95,67,28,28,627,42009,184.8,28,1,1,67,1,91,90
2021-09-22,Wednesday,38,September,2021,7,Slovakia,EMEA,Slovakia Hub,RETENTION_VOICE_T2,Chat,Enterprise,Retention,Tier 1,Banking,447,447,418,29,29,248,103664,16.08948546,29,3,4,92,4,88,71
2024-09-08,Sunday,36,September,2024,3,Turkey,EMEA,Turkey Hub,RETENTION_VOICE_T2,Chat,Consumer,Retention,Tier 3,Retail,86,90,71,19,19,345,24495,72.83333333,28,0,0,77,0,75,71
2022-06-03,Friday,22,June,2022,3,Poland,EMEA,Poland Hub,EMEA_EMAIL_SUPPORT_T3,Voice,Premium,Support,Tier 1,Banking,199,181,163,18,18,747,121761,74.28729282,31,4,5,79,4,85,88
2025-05-11,Sunday,19,May,2025,11,Kenya,EMEA,Kenya Hub,TECH_SUPPORT_EMAIL_T3,Email,Consumer,Tech Support,Tier 2,E-commerce,81,104,75,29,29,641,48075,178.7403846,17,1,1,72,1,95,73
2024-02-08,Thursday,6,February,2024,16,Spain,EMEA,Madrid,TECH_SUPPORT_EMAIL_T3,Email,Enterprise,Tech Support,Tier 1,Healthcare,66,96,96,0,0,181,17376,0.0,19,0,0,73,0,83,80
2024-10-09,Wednesday,41,October,2024,15,Iceland,EMEA,Iceland Hub,EMEA_CHAT_SUPPORT_T1,Chat,Enterprise,Support,Tier 1,Telecom,352,353,323,30,30,628,202844,53.37110482,19,7,8,86,7,83,62
2024-04-11,Thursday,15,April,2024,23,Russia,EMEA,Russia Hub,EMEA_CORE_EMAIL_T2,Voice,Consumer,Support,Tier 3,Banking,223,230,223,7,7,530,118190,16.13043478,31,4,5,92,5,83,78
2023-10-06,Friday,40,October,2023,8,Norway,EMEA,Norway Hub,RETENTION_VOICE_T2,Voice,Consumer,Retention,Tier 2,Healthcare,105,106,89,17,17,667,59363,106.9716981,30,2,3,85,3,93,86
2024-06-13,Thursday,24,June,2024,1,France,EMEA,Paris,EMEA_CHAT_SUPPORT_T1,Email,Consumer,Support,Tier 1,Telecom,332,328,326,2,2,897,292422,5.469512195,15,10,12,75,9,88,72
2022-07-25,Monday,30,July,2022,5,Italy,EMEA,Rome,INBOUND_VOICE_TIER1,Voice,Enterprise,Inbound,Tier 2,Telecom,233,213,202,11,11,899,181598,46.42723005,17,6,7,85,6,94,69
2023-08-18,Friday,33,August,2023,5,Israel,EMEA,Israel Hub,TECH_SUPPORT_EMAIL_T3,Chat,Enterprise,Tech Support,Tier 2,Healthcare,367,356,353,3,3,752,265456,6.337078652,31,9,12,95,11,95,88
2021-01-09,Saturday,1,January,2021,13,Finland,EMEA,Finland Hub,TECH_SUPPORT_EMAIL_T3,Voice,Premium,Tech Support,Tier 3,Banking,429,454,428,26,26,646,276488,36.99559471,26,9,11,93,10,78,76
2021-09-27,Monday,39,September,2021,9,Slovenia,EMEA,Slovenia Hub,TECH_SUPPORT_EMAIL_T3,Chat,Consumer,Tech Support,Tier 2,Banking,108,101,79,22,22,438,34602,95.40594059,33,1,1,79,1,83,85
2023-10-11,Wednesday,41,October,2023,14,Slovakia,EMEA,Slovakia Hub,INBOUND_VOICE_TIER1,Email,Premium,Inbound,Tier 2,Banking,63,45,25,20,20,194,4850,86.22222222,35,0,0,86,0,77,88
2023-07-27,Thursday,30,July,2023,18,France,EMEA,Paris,RETENTION_VOICE_T2,Email,Premium,Retention,Tier 3,Telecom,64,82,62,20,20,467,28954,113.902439,35,1,1,74,1,73,62
2023-12-18,Monday,51,December,2023,4,Netherlands,EMEA,Amsterdam,CUSTOMER_SUPPORT_CHAT_T1,Chat,Consumer,Customer Support,Tier 3,Telecom,97,97,95,2,2,522,49590,10.7628866,24,1,1,95,1,83,62
2025-01-20,Monday,4,January,2025,20,Ireland,EMEA,Dublin,EMEA_EMAIL_SUPPORT_T3,Voice,Enterprise,Support,Tier 1,Telecom,350,351,342,9,9,323,110466,8.282051282,27,3,4,65,3,72,89
2023-08-13,Sunday,32,August,2023,11,Slovakia,EMEA,Slovakia Hub,TECH_SUPPORT_EMAIL_T3,Chat,Premium,Tech Support,Tier 2,E-commerce,190,199,177,22,22,501,88677,55.38693467,24,3,4,84,3,88,67
2021-11-05,Friday,44,November,2021,13,Spain,EMEA,Madrid,EMEA_CORE_EMAIL_TIER2,Chat,Consumer,Support,Tier 2,Telecom,179,195,176,19,19,346,60896,33.71282051,31,2,3,85,3,92,64
2021-06-29,Tuesday,26,June,2021,21,Czech Republic,EMEA,Czech Republic Hub,CUSTOMER_SUPPORT_CHAT_T1,Voice,Enterprise,Customer Support,Tier 3,E-commerce,424,427,418,9,9,555,231990,11.69789227,21,8,10,86,9,89,66
2023-08-05,Saturday,31,August,2023,18,Slovenia,EMEA,Slovenia Hub,EMEA_CORE_EMAIL_TIER2,Email,Premium,Support,Tier 1,Banking,332,338,309,29,29,775,239475,66.49408284,23,8,10,88,9,73,90
2024-09-26,Thursday,39,September,2024,2,Bulgaria,EMEA,Bulgaria Hub,TECH_SUPPORT_EMAIL_T3,Email,Consumer,Tech Support,Tier 2,Telecom,281,265,242,23,23,372,90024,32.28679245,16,3,3,77,2,71,86
2025-08-07,Thursday,32,August,2025,8,Luxembourg,EMEA,Luxembourg Hub,RETENTION_VOICE_T2,Chat,Premium,Retention,Tier 2,Banking,244,231,222,9,9,193,42846,7.51948052,25,1,1,87,1,74,65
2025-03-05,Wednesday,10,March,2025,2,Spain,EMEA,Madrid,CUSTOMER_SUPPORT_CHAT_T1,Chat,Enterprise,Customer Support,Tier 2,Banking,358,387,387,0,0,884,342108,0.0,34,11,15,72,11,85,90
2024-12-28,Saturday,52,December,2024,9,Russia,EMEA,Russia Hub,OUTBOUND_SALES_T2,Chat,Premium,Outbound,Tier 3,Banking,454,458,438,20,20,573,250974,25.02183406,24,8,10,89,9,81,79
2023-05-24,Wednesday,21,May,2023,3,United Kingdom,EMEA,London,EMEA_CORE_EMAIL_T2,Voice,Enterprise,Support,Tier 2,Retail,324,323,316,7,7,741,234156,16.05882353,29,8,10,78,8,83,82
2022-07-30,Saturday,30,July,2022,8,Belgium,EMEA,Belgium Hub,EMEA_RETAIL_VOICE_T2,Chat,Enterprise,Support,Tier 2,Healthcare,111,105,95,10,10,196,18620,18.66666667,32,0,0,83,0,71,71
2021-06-17,Thursday,24,June,2021,11,Russia,EMEA,Russia Hub,EMEA_RETAIL_VOICE_T2,Chat,Enterprise,Support,Tier 2,E-commerce,383,405,398,7,7,315,125370,5.444444444,34,4,5,95,5,70,76
2024-07-24,Wednesday,30,July,2024,2,South Africa,EMEA,Cape Town,TECH_SUPPORT_EMAIL_T3,Email,Premium,Tech Support,Tier 2,Healthcare,51,60,45,15,15,597,26865,149.25,27,0,0,89,0,89,63
2023-06-17,Saturday,24,June,2023,8,Turkey,EMEA,Turkey Hub,INBOUND_VOICE_TIER1,Email,Consumer,Inbound,Tier 2,Retail,241,255,231,24,24,492,113652,46.30588235,23,3,4,73,3,85,74
2025-11-06,Thursday,45,November,2025,0,Morocco,EMEA,Morocco Hub,INBOUND_VOICE_TIER1,Chat,Premium,Inbound,Tier 3,Telecom,430,434,425,9,9,471,200175,9.767281106,24,6,7,90,6,84,67
2022-10-13,Thursday,41,October,2022,12,United Kingdom,EMEA,London,CUSTOMER_SUPPORT_CHAT_T1,Email,Premium,Customer Support,Tier 2,Banking,337,355,325,30,30,424,137800,35.83098592,34,4,5,85,4,85,89
2025-12-28,Sunday,52,December,2025,19,Norway,EMEA,Norway Hub,EMEA_CORE_EMAIL_T2,Email,Enterprise,Support,Tier 2,Healthcare,474,467,466,1,1,561,261426,1.201284797,25,9,11,69,8,94,89
2023-01-13,Friday,2,January,2023,3,Norway,EMEA,Norway Hub,EMEA_RETAIL_VOICE_T2,Email,Premium,Support,Tier 2,Healthcare,67,97,84,13,13,313,26292,41.94845361,22,0,0,94,0,76,72
2024-03-29,Friday,13,March,2024,12,Slovakia,EMEA,Slovakia Hub,OUTBOUND_SALES_T2,Email,Enterprise,Outbound,Tier 3,E-commerce,120,131,113,18,18,201,22713,27.61832061,33,0,0,70,0,71,66
2025-09-09,Tuesday,37,September,2025,4,Poland,EMEA,Poland Hub,OUTBOUND_SALES_T2,Voice,Consumer,Outbound,Tier 3,Retail,467,454,432,22,22,200,86400,9.691629956,31,3,4,89,4,74,70
2021-02-25,Thursday,8,February,2021,2,Belgium,EMEA,Belgium Hub,EMEA_CORE_EMAIL_TIER2,Voice,Consumer,Support,Tier 2,Banking,370,364,344,20,20,731,251464,40.16483516,32,8,11,66,7,73,70
2025-03-03,Monday,10,March,2025,17,Russia,EMEA,Russia Hub,EMEA_EMAIL_SUPPORT_T3,Email,Premium,Support,Tier 2,Healthcare,255,243,219,24,24,652,142788,64.39506173,22,4,5,84,4,86,74
2022-09-02,Friday,35,September,2022,12,Sweden,EMEA,Sweden Hub,EMEA_CORE_EMAIL_T2,Voice,Consumer,Support,Tier 1,Healthcare,348,360,344,16,16,523,179912,23.24444444,30,6,8,88,7,90,75
2023-03-15,Wednesday,11,March,2023,4,Spain,EMEA,Madrid,OUTBOUND_SALES_T2,Voice,Premium,Outbound,Tier 2,Healthcare,101,93,80,13,13,394,31520,55.07526882,27,1,1,76,1,84,83
2024-11-14,Thursday,46,November,2024,11,Ukraine,EMEA,Ukraine Hub,EMEA_CORE_EMAIL_T2,Voice,Consumer,Support,Tier 2,E-commerce,233,231,215,16,16,599,128785,41.48917749,32,4,5,67,3,77,84
2021-12-22,Wednesday,51,December,2021,19,Netherlands,EMEA,Amsterdam,RETENTION_VOICE_T2,Email,Enterprise,Retention,Tier 3,E-commerce,319,320,307,13,13,719,220733,29.209375,26,7,9,68,6,88,67
2024-03-25,Monday,13,March,2024,8,Slovenia,EMEA,Slovenia Hub,TECH_SUPPORT_EMAIL_T3,Voice,Consumer,Tech Support,Tier 2,Banking,405,411,409,2,2,747,305523,3.635036496,24,10,12,82,10,72,65
2021-05-15,Saturday,19,May,2021,23,Belgium,EMEA,Belgium Hub,EMEA_CORE_EMAIL_T2,Chat,Premium,Support,Tier 2,Healthcare,132,160,149,11,11,658,98042,45.2375,19,3,4,87,3,85,65
2025-12-12,Friday,50,December,2025,20,Iceland,EMEA,Iceland Hub,INBOUND_VOICE_TIER1,Chat,Consumer,Inbound,Tier 1,E-commerce,422,426,407,19,19,663,269841,29.57042254,29,9,12,77,9,80,73
2025-05-16,Friday,20,May,2025,19,Italy,EMEA,Rome,RETENTION_VOICE_T2,Chat,Premium,Retention,Tier 3,Banking,237,247,221,26,26,541,119561,56.94736842,26,4,5,94,5,88,78
2022-03-28,Monday,13,March,2022,8,Slovakia,EMEA,Slovakia Hub,EMEA_CORE_EMAIL_T2,Chat,Enterprise,Support,Tier 1,Retail,495,523,519,4,4,191,99129,1.460803059,26,3,4,74,3,94,74
2024-11-17,Sunday,46,November,2024,10,Norway,EMEA,Norway Hub,EMEA_CORE_EMAIL_TIER2,Chat,Consumer,Support,Tier 3,Banking,145,133,111,22,22,836,92796,138.2857143,25,3,4,88,4,93,62
2024-09-29,Sunday,39,September,2024,0,Greece,EMEA,Greece Hub,EMEA_RETAIL_VOICE_T2,Chat,Enterprise,Support,Tier 2,E-commerce,246,233,209,24,24,181,37829,18.64377682,29,1,1,85,1,93,90
2021-04-21,Wednesday,16,April,2021,18,Norway,EMEA,Norway Hub,CUSTOMER_SUPPORT_CHAT_T1,Email,Consumer,Customer Support,Tier 2,Banking,476,492,480,12,12,722,346560,17.6097561,35,12,16,87,14,92,79
2022-03-13,Sunday,10,March,2022,18,Morocco,EMEA,Morocco Hub,EMEA_CORE_EMAIL_T2,Chat,Premium,Support,Tier 2,Banking,87,82,60,22,22,869,52140,233.1463415,19,1,1,85,1,80,78
2023-10-06,Friday,40,October,2023,20,Slovakia,EMEA,Slovakia Hub,CUSTOMER_SUPPORT_CHAT_T1,Chat,Enterprise,Customer Support,Tier 3,Healthcare,168,180,151,29,29,873,131823,140.65,30,4,5,91,5,79,65
2022-09-09,Friday,36,September,2022,3,Poland,EMEA,Poland Hub,EMEA_CORE_EMAIL_T2,Email,Enterprise,Support,Tier 1,Retail,126,145,122,23,23,316,38552,50.12413793,22,1,1,66,1,76,63
2025-11-19,Wednesday,47,November,2025,4,Sweden,EMEA,Sweden Hub,OUTBOUND_SALES_T2,Email,Consumer,Outbound,Tier 1,Healthcare,202,198,171,27,27,861,147231,117.4090909,25,5,6,71,4,90,76
2025-02-06,Thursday,6,February,2025,23,Netherlands,EMEA,Amsterdam,EMEA_CORE_EMAIL_TIER2,Voice,Consumer,Support,Tier 1,Telecom,344,343,343,0,0,641,219863,0.0,18,7,8,89,7,81,74
2024-06-28,Friday,26,June,2024,23,Sweden,EMEA,Sweden Hub,EMEA_EMAIL_SUPPORT_T3,Chat,Premium,Support,Tier 1,Healthcare,158,178,154,24,24,615,94710,82.92134831,18,3,4,91,4,87,88
2021-03-03,Wednesday,9,March,2021,18,Poland,EMEA,Poland Hub,EMEA_EMAIL_SUPPORT_T3,Chat,Premium,Support,Tier 3,Telecom,269,258,251,7,7,811,203561,22.00387597,30,7,9,71,6,73,66
2021-06-11,Friday,23,June,2021,18,Portugal,EMEA,Portugal Hub,INBOUND_VOICE_TIER1,Email,Enterprise,Inbound,Tier 3,Banking,363,362,342,20,20,479,163818,26.4640884,15,5,6,65,4,90,74
2024-12-08,Sunday,49,December,2024,3,Romania,EMEA,Romania Hub,EMEA_CHAT_SUPPORT_T1,Chat,Premium,Support,Tier 1,Banking,424,422,418,4,4,271,113278,2.568720379,24,3,4,75,3,95,69
2022-10-29,Saturday,43,October,2022,3,Poland,EMEA,Poland Hub,TECH_SUPPORT_EMAIL_T3,Email,Enterprise,Tech Support,Tier 2,Banking,481,494,476,18,18,818,389368,29.80566802,23,13,16,87,14,81,64
2025-01-09,Thursday,2,January,2025,2,Slovakia,EMEA,Slovakia Hub,EMEA_RETAIL_VOICE_T2,Chat,Consumer,Support,Tier 3,Banking,482,503,485,18,18,714,346290,25.55069583,32,12,16,79,13,72,73
2021-04-21,Wednesday,16,April,2021,19,Hungary,EMEA,Hungary Hub,EMEA_RETAIL_VOICE_T2,Voice,Consumer,Support,Tier 1,E-commerce,491,499,484,15,15,454,219736,13.64729459,29,7,9,65,6,72,89
2025-09-15,Monday,38,September,2025,9,Denmark,EMEA,Denmark Hub,EMEA_EMAIL_SUPPORT_T3,Chat,Premium,Support,Tier 3,Healthcare,282,305,299,6,6,800,239200,15.73770492,15,8,9,69,6,85,82
2023-07-26,Wednesday,30,July,2023,23,Luxembourg,EMEA,Luxembourg Hub,EMEA_RETAIL_VOICE_T2,Email,Premium,Support,Tier 3,Telecom,100,119,116,3,3,403,46748,10.15966387,16,1,1,71,1,79,83
2025-02-21,Friday,8,February,2025,16,Hungary,EMEA,Hungary Hub,CUSTOMER_SUPPORT_CHAT_T1,Chat,Enterprise,Customer Support,Tier 2,Retail,212,212,208,4,4,694,144352,13.09433962,33,5,7,82,6,72,66
2021-09-20,Monday,38,September,2021,21,Italy,EMEA,Rome,OUTBOUND_SALES_T2,Email,Premium,Outbound,Tier 1,Healthcare,328,310,291,19,19,445,129495,27.27419355,20,4,5,90,5,74,88
2025-08-01,Friday,31,August,2025,20,Ukraine,EMEA,Ukraine Hub,INBOUND_VOICE_TIER1,Voice,Enterprise,Inbound,Tier 2,Banking,374,365,361,4,4,660,238260,7.232876712,21,8,10,89,9,72,62
2023-01-14,Saturday,2,January,2023,14,Bulgaria,EMEA,Bulgaria Hub,OUTBOUND_SALES_T2,Chat,Consumer,Outbound,Tier 3,Retail,114,119,100,19,19,721,72100,115.1176471,26,2,3,84,3,72,62
2023-09-27,Wednesday,39,September,2023,0,Iceland,EMEA,Iceland Hub,EMEA_EMAIL_SUPPORT_T3,Email,Enterprise,Support,Tier 3,E-commerce,472,467,453,14,14,736,333408,22.06423983,35,11,15,68,10,82,88
2022-05-04,Wednesday,18,May,2022,20,Greece,EMEA,Greece Hub,EMEA_CHAT_SUPPORT_T1,Voice,Enterprise,Support,Tier 2,Telecom,342,355,355,0,0,651,231105,0.0,30,8,10,70,7,93,60
2023-12-21,Thursday,51,December,2023,7,Iceland,EMEA,Iceland Hub,EMEA_RETAIL_VOICE_T2,Email,Enterprise,Support,Tier 2,Banking,337,366,346,20,20,895,309670,48.90710383,16,10,12,84,10,76,87
2023-03-21,Tuesday,12,March,2023,21,Denmark,EMEA,Denmark Hub,EMEA_CHAT_SUPPORT_T1,Voice,Premium,Support,Tier 3,Telecom,456,469,446,23,23,710,316660,34.81876333,33,10,13,92,12,86,81
2023-09-09,Saturday,36,September,2023,10,Spain,EMEA,Madrid,INBOUND_VOICE_TIER1,Chat,Premium,Inbound,Tier 3,Telecom,500,522,508,14,14,760,386080,20.38314176,30,13,17,67,11,93,80
2022-11-23,Wednesday,47,November,2022,6,Turkey,EMEA,Turkey Hub,EMEA_EMAIL_SUPPORT_T3,Voice,Consumer,Support,Tier 1,Telecom,281,289,264,25,25,248,65472,21.4532872,24,2,2,67,1,74,62
2022-01-11,Tuesday,2,January,2022,14,Italy,EMEA,Rome,EMEA_RETAIL_VOICE_T2,Chat,Enterprise,Support,Tier 2,Retail,233,255,242,13,13,865,209330,44.09803922,29,7,9,70,6,86,62
2021-04-05,Monday,14,April,2021,19,Italy,EMEA,Rome,TECH_SUPPORT_EMAIL_T3,Email,Premium,Tech Support,Tier 3,Healthcare,308,338,308,30,30,805,247940,71.44970414,24,8,10,85,9,74,69
2025-10-21,Tuesday,43,October,2025,9,Netherlands,EMEA,Amsterdam,TECH_SUPPORT_EMAIL_T3,Email,Premium,Tech Support,Tier 1,Retail,340,368,339,29,29,316,107124,24.90217391,18,3,4,91,4,73,80
2024-03-30,Saturday,13,March,2024,1,Luxembourg,EMEA,Luxembourg Hub,RETENTION_VOICE_T2,Chat,Consumer,Retention,Tier 1,E-commerce,175,192,181,11,11,266,48146,15.23958333,33,1,1,77,1,71,87
2022-11-13,Sunday,45,November,2022,3,Luxembourg,EMEA,Luxembourg Hub,EMEA_RETAIL_VOICE_T2,Chat,Premium,Support,Tier 1,Healthcare,472,466,436,30,30,772,336592,49.69957082,32,11,15,78,12,85,88
2024-09-26,Thursday,39,September,2024,2,Denmark,EMEA,Denmark Hub,EMEA_RETAIL_VOICE_T2,Chat,Premium,Support,Tier 2,E-commerce,451,460,453,7,7,365,165345,5.554347826,25,5,6,66,4,70,68
2025-05-21,Wednesday,21,May,2025,19,United Kingdom,EMEA,London,EMEA_CORE_EMAIL_TIER2,Chat,Consumer,Support,Tier 2,Telecom,211,213,183,30,30,272,49776,38.30985915,19,1,1,70,1,85,67
2023-12-09,Saturday,49,December,2023,7,Netherlands,EMEA,Amsterdam,INBOUND_VOICE_TIER1,Chat,Enterprise,Inbound,Tier 3,Retail,488,514,506,8,8,753,381018,11.71984436,15,13,15,73,11,93,80
2022-02-07,Monday,6,February,2022,5,Portugal,EMEA,Portugal Hub,CUSTOMER_SUPPORT_CHAT_T1,Email,Consumer,Customer Support,Tier 1,Banking,370,366,343,23,23,344,117992,21.61748634,29,4,5,75,4,93,76
2022-05-05,Thursday,18,May,2022,10,Kenya,EMEA,Kenya Hub,EMEA_CHAT_SUPPORT_T1,Chat,Consumer,Support,Tier 1,Retail,268,269,240,29,29,222,53280,23.9330855,35,1,1,66,1,76,65
2025-09-05,Friday,36,September,2025,21,Netherlands,EMEA,Amsterdam,RETENTION_VOICE_T2,Chat,Enterprise,Retention,Tier 2,Retail,63,63,54,9,9,275,14850,39.28571429,18,0,0,88,0,83,76
2023-03-22,Wednesday,12,March,2023,1,Denmark,EMEA,Denmark Hub,CUSTOMER_SUPPORT_CHAT_T1,Voice,Consumer,Customer Support,Tier 1,Healthcare,441,461,433,28,28,547,236851,33.22342733,18,8,9,68,6,74,60
2023-06-13,Tuesday,24,June,2023,11,Israel,EMEA,Israel Hub,EMEA_RETAIL_VOICE_T2,Chat,Consumer,Support,Tier 2,E-commerce,321,311,284,27,27,815,231460,70.75562701,20,8,10,66,7,80,75
2021-08-12,Thursday,32,August,2021,20,France,EMEA,Paris,INBOUND_VOICE_TIER1,Chat,Consumer,Inbound,Tier 3,E-commerce,488,498,472,26,26,668,315296,34.87550201,24,10,12,70,8,82,90
2021-11-28,Sunday,47,November,2021,23,Poland,EMEA,Poland Hub,EMEA_EMAIL_SUPPORT_T3,Email,Premium,Support,Tier 2,Telecom,318,326,313,13,13,188,58844,7.496932515,29,2,3,79,2,82,68
2022-07-11,Monday,28,July,2022,9,Ukraine,EMEA,Ukraine Hub,EMEA_CORE_EMAIL_T2,Voice,Premium,Support,Tier 3,E-commerce,395,413,398,15,15,344,136912,12.49394673,29,4,5,85,4,70,80
2025-08-03,Sunday,31,August,2025,23,United Kingdom,EMEA,London,INBOUND_VOICE_TIER1,Voice,Premium,Inbound,Tier 2,Healthcare,212,193,165,28,28,660,108900,95.75129534,22,3,4,77,3,91,65
2022-03-01,Tuesday,9,March,2022,12,Finland,EMEA,Finland Hub,EMEA_CHAT_SUPPORT_T1,Email,Enterprise,Support,Tier 3,Telecom,108,126,112,14,14,874,97888,97.11111111,17,3,4,92,4,86,62
2024-07-13,Saturday,28,July,2024,10,Morocco,EMEA,Morocco Hub,EMEA_CORE_EMAIL_TIER2,Chat,Premium,Support,Tier 2,Retail,158,162,134,28,28,620,83080,107.1604938,24,2,2,81,2,76,61
2023-11-22,Wednesday,47,November,2023,18,United Kingdom,EMEA,London,EMEA_CHAT_SUPPORT_T1,Email,Consumer,Support,Tier 3,E-commerce,268,296,296,0,0,740,219040,0.0,18,7,8,86,7,94,62
2023-03-30,Thursday,13,March,2023,5,Kenya,EMEA,Kenya Hub,INBOUND_VOICE_TIER1,Voice,Premium,Inbound,Tier 2,E-commerce,260,286,267,19,19,670,178890,44.51048951,24,6,7,81,6,78,87
2021-06-19,Saturday,24,June,2021,14,Russia,EMEA,Russia Hub,RETENTION_VOICE_T2,Chat,Consumer,Retention,Tier 1,E-commerce,417,428,423,5,5,557,235611,6.507009346,35,8,11,75,8,95,68
2023-11-24,Friday,47,November,2023,19,Denmark,EMEA,Denmark Hub,CUSTOMER_SUPPORT_CHAT_T1,Email,Enterprise,Customer Support,Tier 1,Retail,340,356,351,5,5,565,198315,7.935393258,32,6,8,72,6,85,89
2023-12-28,Thursday,52,December,2023,13,Ukraine,EMEA,Ukraine Hub,EMEA_EMAIL_SUPPORT_T3,Chat,Premium,Support,Tier 3,Healthcare,435,426,414,12,12,686,284004,19.32394366,32,9,12,90,11,84,69
2025-09-06,Saturday,36,September,2025,14,Slovakia,EMEA,Slovakia Hub,TECH_SUPPORT_EMAIL_T3,Email,Consumer,Tech Support,Tier 1,Banking,121,133,117,16,16,202,23634,24.30075188,27,0,0,82,0,88,68
2024-04-13,Saturday,15,April,2024,20,Luxembourg,EMEA,Luxembourg Hub,TECH_SUPPORT_EMAIL_T3,Voice,Premium,Tech Support,Tier 1,Banking,157,147,130,17,17,434,56420,50.19047619,21,1,1,95,1,72,61
2022-10-03,Monday,40,October,2022,9,Iceland,EMEA,Iceland Hub,EMEA_CORE_EMAIL_TIER2,Voice,Premium,Support,Tier 2,Banking,380,398,395,3,3,310,122450,2.336683417,33,4,5,65,3,95,69
2023-09-15,Friday,37,September,2023,15,Denmark,EMEA,Denmark Hub,RETENTION_VOICE_T2,Email,Premium,Retention,Tier 1,Retail,334,358,347,11,11,773,268231,23.75139665,17,9,11,80,9,84,80
2024-02-22,Thursday,8,February,2024,23,Kenya,EMEA,Kenya Hub,EMEA_CHAT_SUPPORT_T1,Chat,Enterprise,Support,Tier 3,Retail,235,221,203,18,18,494,100282,40.23529412,21,3,4,66,3,89,66
2021-09-02,Thursday,35,September,2021,12,Netherlands,EMEA,Amsterdam,EMEA_CHAT_SUPPORT_T1,Email,Enterprise,Support,Tier 1,Healthcare,137,167,146,21,21,760,110960,95.56886228,25,3,4,66,3,87,90
2023-11-10,Friday,45,November,2023,12,Sweden,EMEA,Sweden Hub,EMEA_CORE_EMAIL_T2,Chat,Enterprise,Support,Tier 3,Banking,465,458,447,11,11,454,202938,10.90393013,24,7,9,82,7,71,84
2023-08-03,Thursday,31,August,2023,0,Ireland,EMEA,Dublin,EMEA_EMAIL_SUPPORT_T3,Voice,Enterprise,Support,Tier 3,E-commerce,64,71,59,12,12,796,46964,134.5352113,23,1,1,71,1,90,81
2024-08-11,Sunday,32,August,2024,11,Luxembourg,EMEA,Luxembourg Hub,EMEA_CORE_EMAIL_TIER2,Voice,Enterprise,Support,Tier 2,E-commerce,143,145,125,20,20,482,60250,66.48275862,21,2,2,66,1,89,89
2021-07-26,Monday,30,July,2021,13,Denmark,EMEA,Denmark Hub,INBOUND_VOICE_TIER1,Chat,Consumer,Inbound,Tier 3,Retail,139,124,98,26,26,872,85456,182.8387097,34,2,3,74,2,74,89
2021-10-14,Thursday,41,October,2021,9,United Kingdom,EMEA,London,EMEA_RETAIL_VOICE_T2,Email,Premium,Support,Tier 1,Retail,343,333,309,24,24,641,198069,46.1981982,30,6,8,84,7,90,60
2024-01-19,Friday,3,January,2024,10,Bulgaria,EMEA,Bulgaria Hub,EMEA_CHAT_SUPPORT_T1,Email,Enterprise,Support,Tier 1,Healthcare,189,201,190,11,11,434,82460,23.75124378,34,2,3,68,2,79,84
2023-10-13,Friday,41,October,2023,3,United Kingdom,EMEA,London,EMEA_CHAT_SUPPORT_T1,Voice,Enterprise,Support,Tier 1,Telecom,216,226,208,18,18,459,95472,36.55752212,23,3,4,78,3,76,80
2022-04-24,Sunday,16,April,2022,5,France,EMEA,Paris,INBOUND_VOICE_TIER1,Chat,Consumer,Inbound,Tier 1,Telecom,236,254,229,25,25,616,141064,60.62992126,15,4,5,81,4,85,66
2021-02-20,Saturday,7,February,2021,15,Luxembourg,EMEA,Luxembourg Hub,EMEA_CORE_EMAIL_T2,Email,Consumer,Support,Tier 3,Telecom,459,439,414,25,25,635,262890,36.16173121,21,9,11,89,10,83,80
2023-03-29,Wednesday,13,March,2023,2,Slovenia,EMEA,Slovenia Hub,EMEA_CHAT_SUPPORT_T1,Chat,Premium,Support,Tier 3,Retail,432,460,457,3,3,810,370170,5.282608696,35,12,16,65,10,77,68
2023-11-06,Monday,45,November,2023,14,Bulgaria,EMEA,Bulgaria Hub,CUSTOMER_SUPPORT_CHAT_T1,Chat,Enterprise,Customer Support,Tier 2,Telecom,110,96,66,30,30,753,49698,235.3125,17,1,1,82,1,70,90
2022-04-09,Saturday,14,April,2022,19,Iceland,EMEA,Iceland Hub,INBOUND_VOICE_TIER1,Voice,Enterprise,Inbound,Tier 1,Banking,431,441,433,8,8,189,81837,3.428571429,18,2,2,92,2,83,69
2022-01-29,Saturday,4,January,2022,18,Iceland,EMEA,Iceland Hub,RETENTION_VOICE_T2,Email,Enterprise,Retention,Tier 2,E-commerce,448,466,441,25,25,527,232407,28.27253219,26,8,10,67,7,86,71
2021-03-04,Thursday,9,March,2021,1,France,EMEA,Paris,EMEA_EMAIL_SUPPORT_T3,Chat,Enterprise,Support,Tier 2,Healthcare,333,334,306,28,28,819,250614,68.65868263,19,8,10,81,8,78,90
2024-01-15,Monday,3,January,2024,6,Iceland,EMEA,Iceland Hub,EMEA_CORE_EMAIL_T2,Email,Premium,Support,Tier 3,Banking,301,326,313,13,13,359,112367,14.31595092,35,3,4,66,3,85,79
2021-10-04,Monday,40,October,2021,22,Greece,EMEA,Greece Hub,EMEA_CHAT_SUPPORT_T1,Email,Consumer,Support,Tier 1,E-commerce,124,149,145,4,4,232,33640,6.22818792,17,1,1,92,1,88,66
2025-05-16,Friday,20,May,2025,18,Greece,EMEA,Greece Hub,EMEA_RETAIL_VOICE_T2,Chat,Premium,Support,Tier 1,Healthcare,135,140,119,21,21,721,85799,108.15,16,2,2,86,2,92,80
2023-09-16,Saturday,37,September,2023,15,Greece,EMEA,Greece Hub,INBOUND_VOICE_TIER1,Chat,Enterprise,Inbound,Tier 2,Telecom,308,327,324,3,3,334,108216,3.064220184,34,3,4,80,3,90,66
2025-04-21,Monday,17,April,2025,12,France,EMEA,Paris,EMEA_CORE_EMAIL_TIER2,Voice,Enterprise,Support,Tier 2,Banking,496,519,510,9,9,467,238170,8.098265896,17,8,9,66,6,88,84
2021-08-07,Saturday,31,August,2021,9,Turkey,EMEA,Turkey Hub,CUSTOMER_SUPPORT_CHAT_T1,Chat,Premium,Customer Support,Tier 2,Retail,164,185,178,7,7,748,133144,28.3027027,34,4,5,77,4,92,73
2024-11-05,Tuesday,45,November,2024,3,Iceland,EMEA,Iceland Hub,EMEA_EMAIL_SUPPORT_T3,Email,Premium,Support,Tier 3,E-commerce,171,184,161,23,23,603,97083,75.375,28,3,4,75,3,92,71
2022-03-24,Thursday,12,March,2022,10,Netherlands,EMEA,Amsterdam,RETENTION_VOICE_T2,Chat,Consumer,Retention,Tier 1,E-commerce,114,112,108,4,4,608,65664,21.71428571,16,2,2,81,2,72,71
2021-10-28,Thursday,43,October,2021,19,Greece,EMEA,Greece Hub,EMEA_CHAT_SUPPORT_T1,Email,Enterprise,Support,Tier 3,Retail,374,384,379,5,5,345,130755,4.4921875,31,4,5,73,4,84,84
2023-04-19,Wednesday,16,April,2023,3,Israel,EMEA,Israel Hub,EMEA_CORE_EMAIL_T2,Email,Premium,Support,Tier 3,Retail,98,104,98,6,6,389,38122,22.44230769,28,1,1,79,1,76,72
2024-10-01,Tuesday,40,October,2024,19,Israel,EMEA,Israel Hub,EMEA_CHAT_SUPPORT_T1,Email,Premium,Support,Tier 3,Retail,268,250,230,20,20,489,112470,39.12,33,3,4,71,3,92,64
2023-05-16,Tuesday,20,May,2023,15,Germany,EMEA,Berlin,EMEA_CORE_EMAIL_T2,Email,Enterprise,Support,Tier 2,Telecom,462,490,473,17,17,281,132913,9.748979592,23,4,5,72,4,95,64
2025-04-08,Tuesday,15,April,2025,15,Belgium,EMEA,Belgium Hub,EMEA_CORE_EMAIL_TIER2,Voice,Consumer,Support,Tier 1,Banking,263,291,291,0,0,537,156267,0.0,15,5,6,68,4,91,67
2022-05-31,Tuesday,22,May,2022,11,Poland,EMEA,Poland Hub,CUSTOMER_SUPPORT_CHAT_T1,Email,Consumer,Customer Support,Tier 1,Banking,102,95,72,23,23,370,26640,89.57894737,34,0,0,81,0,75,76
2024-05-04,Saturday,18,May,2024,14,Hungary,EMEA,Hungary Hub,CUSTOMER_SUPPORT_CHAT_T1,Email,Enterprise,Customer Support,Tier 3,Telecom,309,294,283,11,11,530,149990,19.82993197,33,5,7,89,6,85,71
2021-02-08,Monday,6,February,2021,4,Spain,EMEA,Madrid,CUSTOMER_SUPPORT_CHAT_T1,Email,Enterprise,Customer Support,Tier 1,E-commerce,156,140,138,2,2,318,43884,4.542857143,29,1,1,84,1,91,81
2025-08-31,Sunday,35,August,2025,23,Germany,EMEA,Berlin,EMEA_CHAT_SUPPORT_T1,Chat,Enterprise,Support,Tier 3,Telecom,337,359,352,7,7,559,196768,10.89972145,21,6,7,69,5,87,67
2025-01-10,Friday,2,January,2025,4,Italy,EMEA,Rome,EMEA_RETAIL_VOICE_T2,Voice,Premium,Support,Tier 1,Healthcare,360,362,341,21,21,260,88660,15.08287293,32,3,4,73,3,89,61
2023-07-06,Thursday,27,July,2023,9,Turkey,EMEA,Turkey Hub,RETENTION_VOICE_T2,Email,Enterprise,Retention,Tier 2,E-commerce,488,483,480,3,3,704,337920,4.372670808,23,11,14,75,11,93,72
2021-09-15,Wednesday,37,September,2021,1,Denmark,EMEA,Denmark Hub,EMEA_CORE_EMAIL_T2,Email,Consumer,Support,Tier 1,Retail,99,101,91,10,10,315,28665,31.18811881,31,0,0,82,0,88,72
2021-07-11,Sunday,27,July,2021,2,Belgium,EMEA,Belgium Hub,CUSTOMER_SUPPORT_CHAT_T1,Chat,Enterprise,Customer Support,Tier 2,Banking,155,172,172,0,0,637,109564,0.0,25,3,4,76,3,95,60
2025-08-11,Monday,33,August,2025,9,Greece,EMEA,Greece Hub,RETENTION_VOICE_T2,Voice,Consumer,Retention,Tier 1,Retail,152,178,150,28,28,749,112350,117.8202247,29,3,4,81,3,87,90
2021-05-25,Tuesday,21,May,2021,20,Netherlands,EMEA,Amsterdam,RETENTION_VOICE_T2,Voice,Consumer,Retention,Tier 3,Retail,496,504,504,0,0,464,233856,0.0,34,8,11,86,9,81,68
2023-04-12,Wednesday,15,April,2023,5,Greece,EMEA,Greece Hub,EMEA_CHAT_SUPPORT_T1,Email,Consumer,Support,Tier 3,E-commerce,458,472,448,24,24,882,395136,44.84745763,32,13,17,93,16,81,72
2023-10-20,Friday,42,October,2023,23,Israel,EMEA,Israel Hub,EMEA_EMAIL_SUPPORT_T3,Voice,Consumer,Support,Tier 3,Telecom,184,211,198,13,13,185,36630,11.39810427,17,1,1,83,1,71,84
2022-10-10,Monday,41,October,2022,10,Israel,EMEA,Israel Hub,OUTBOUND_SALES_T2,Voice,Consumer,Outbound,Tier 2,Healthcare,162,158,138,20,20,418,57684,52.91139241,18,2,2,71,1,95,63
2023-07-30,Sunday,30,July,2023,3,Sweden,EMEA,Sweden Hub,EMEA_CORE_EMAIL_TIER2,Email,Consumer,Support,Tier 2,Banking,72,79,53,26,26,743,39379,244.5316456,28,1,1,65,1,81,87
2021-05-24,Monday,21,May,2021,16,Czech Republic,EMEA,Czech Republic Hub,RETENTION_VOICE_T2,Chat,Consumer,Retention,Tier 3,E-commerce,206,218,217,1,1,719,156023,3.298165138,19,5,6,79,5,81,66
2024-06-10,Monday,24,June,2024,23,United Kingdom,EMEA,London,EMEA_EMAIL_SUPPORT_T3,Voice,Consumer,Support,Tier 2,Retail,329,338,319,19,19,691,220429,38.84319527,24,7,9,69,6,80,88
2025-08-30,Saturday,35,August,2025,10,Finland,EMEA,Finland Hub,CUSTOMER_SUPPORT_CHAT_T1,Email,Consumer,Customer Support,Tier 1,Retail,437,444,425,19,19,340,144500,14.54954955,34,5,7,66,5,81,88
2021-09-23,Thursday,38,September,2021,2,Italy,EMEA,Rome,RETENTION_VOICE_T2,Chat,Consumer,Retention,Tier 2,Retail,399,406,376,30,30,759,285384,56.08374384,32,9,12,87,10,81,83
2025-08-29,Friday,35,August,2025,13,Kenya,EMEA,Kenya Hub,EMEA_CORE_EMAIL_TIER2,Voice,Consumer,Support,Tier 3,Banking,80,60,39,21,21,284,11076,99.4,26,0,0,93,0,74,64
2023-08-27,Sunday,34,August,2023,7,Romania,EMEA,Romania Hub,EMEA_CHAT_SUPPORT_T1,Chat,Consumer,Support,Tier 3,Retail,362,367,351,16,16,587,206037,25.59128065,32,7,9,80,7,75,82
2022-07-22,Friday,29,July,2022,12,Greece,EMEA,Greece Hub,EMEA_EMAIL_SUPPORT_T3,Voice,Premium,Support,Tier 1,Healthcare,493,489,478,11,11,807,385746,18.15337423,15,13,15,81,12,76,72
2021-04-08,Thursday,14,April,2021,21,Morocco,EMEA,Morocco Hub,EMEA_EMAIL_SUPPORT_T3,Voice,Consumer,Support,Tier 2,E-commerce,474,483,473,10,10,816,385968,16.89440994,17,13,15,72,11,84,82
2021-10-15,Friday,41,October,2021,12,Belgium,EMEA,Belgium Hub,RETENTION_VOICE_T2,Chat,Enterprise,Retention,Tier 3,Banking,313,309,299,10,10,529,158171,17.1197411,28,5,6,73,4,79,76
2025-12-18,Thursday,51,December,2025,13,Kenya,EMEA,Kenya Hub,EMEA_EMAIL_SUPPORT_T3,Voice,Enterprise,Support,Tier 1,Telecom,426,420,403,17,17,385,155155,15.58333333,21,5,6,73,4,95,85
2022-11-15,Tuesday,46,November,2022,23,Belgium,EMEA,Belgium Hub,OUTBOUND_SALES_T2,Email,Premium,Outbound,Tier 3,Healthcare,143,139,119,20,20,350,41650,50.35971223,19,1,1,95,1,71,77
2021-01-27,Wednesday,4,January,2021,15,Poland,EMEA,Poland Hub,CUSTOMER_SUPPORT_CHAT_T1,Email,Premium,Customer Support,Tier 1,Telecom,369,392,391,1,1,851,332741,2.170918367,27,11,14,85,12,76,74
2022-10-28,Friday,43,October,2022,19,Ireland,EMEA,Dublin,EMEA_CHAT_SUPPORT_T1,Voice,Enterprise,Support,Tier 3,Telecom,186,212,183,29,29,804,147132,109.9811321,21,5,6,79,5,93,71
2025-05-04,Sunday,18,May,2025,7,Spain,EMEA,Madrid,EMEA_CORE_EMAIL_T2,Chat,Consumer,Support,Tier 3,E-commerce,276,291,291,0,0,257,74787,0.0,31,2,3,69,2,83,75
2022-02-25,Friday,8,February,2022,18,Morocco,EMEA,Morocco Hub,EMEA_CORE_EMAIL_TIER2,Chat,Consumer,Support,Tier 2,Banking,260,244,227,17,17,443,100561,30.8647541,31,3,4,74,3,95,65
2022-05-23,Monday,21,May,2022,16,Bulgaria,EMEA,Bulgaria Hub,EMEA_CORE_EMAIL_T2,Chat,Consumer,Support,Tier 3,Telecom,247,247,242,5,5,611,147862,12.36842105,30,5,7,86,6,79,61
2021-02-16,Tuesday,7,February,2021,7,Poland,EMEA,Poland Hub,TECH_SUPPORT_EMAIL_T3,Chat,Premium,Tech Support,Tier 2,Banking,311,341,315,26,26,800,252000,60.99706745,27,8,10,81,8,93,64
2022-01-17,Monday,3,January,2022,1,Bulgaria,EMEA,Bulgaria Hub,INBOUND_VOICE_TIER1,Email,Premium,Inbound,Tier 1,E-commerce,169,170,169,1,1,426,71994,2.505882353,21,2,2,91,2,71,71
2022-11-15,Tuesday,46,November,2022,14,Iceland,EMEA,Iceland Hub,RETENTION_VOICE_T2,Chat,Consumer,Retention,Tier 3,E-commerce,89,102,81,21,21,202,16362,41.58823529,35,0,0,68,0,81,81
2023-09-03,Sunday,35,September,2023,20,Italy,EMEA,Rome,CUSTOMER_SUPPORT_CHAT_T1,Chat,Premium,Customer Support,Tier 3,Telecom,223,213,192,21,21,319,61248,31.45070423,24,2,2,84,2,77,81
2024-12-11,Wednesday,50,December,2024,13,Czech Republic,EMEA,Czech Republic Hub,EMEA_CORE_EMAIL_T2,Chat,Consumer,Support,Tier 2,Healthcare,408,407,405,2,2,214,86670,1.051597052,16,3,3,81,2,88,64
2023-10-29,Sunday,43,October,2023,13,Greece,EMEA,Greece Hub,EMEA_CORE_EMAIL_TIER2,Voice,Consumer,Support,Tier 2,E-commerce,226,248,238,10,10,629,149702,25.36290323,22,5,6,68,4,76,79
2021-07-06,Tuesday,27,July,2021,2,Belgium,EMEA,Belgium Hub,TECH_SUPPORT_EMAIL_T3,Chat,Consumer,Tech Support,Tier 1,Healthcare,57,87,85,2,2,813,69105,18.68965517,16,2,2,85,2,88,82
2022-04-05,Tuesday,14,April,2022,15,Germany,EMEA,Berlin,INBOUND_VOICE_TIER1,Email,Premium,Inbound,Tier 2,E-commerce,426,451,450,1,1,269,121050,0.596452328,35,4,5,75,4,82,73
2025-11-23,Sunday,47,November,2025,6,Sweden,EMEA,Sweden Hub,EMEA_CHAT_SUPPORT_T1,Email,Premium,Support,Tier 2,Retail,324,346,326,20,20,327,106602,18.9017341,27,3,4,79,3,78,78
2025-11-18,Tuesday,47,November,2025,11,Turkey,EMEA,Turkey Hub,EMEA_CHAT_SUPPORT_T1,Email,Premium,Support,Tier 2,Banking,135,119,109,10,10,715,77935,60.08403361,23,2,2,79,2,88,90
2024-10-28,Monday,44,October,2024,18,Italy,EMEA,Rome,OUTBOUND_SALES_T2,Email,Consumer,Outbound,Tier 3,Healthcare,182,206,187,19,19,387,72369,35.69417476,33,2,3,93,3,70,74
2025-07-28,Monday,31,July,2025,12,Sweden,EMEA,Sweden Hub,INBOUND_VOICE_TIER1,Voice,Premium,Inbound,Tier 1,Banking,442,461,441,20,20,422,186102,18.30802603,29,6,8,72,6,85,83
2023-09-06,Wednesday,36,September,2023,15,South Africa,EMEA,Cape Town,RETENTION_VOICE_T2,Voice,Premium,Retention,Tier 1,Healthcare,197,177,170,7,7,265,45050,10.48022599,23,1,1,89,1,82,74
2023-07-15,Saturday,28,July,2023,5,Israel,EMEA,Israel Hub,EMEA_RETAIL_VOICE_T2,Voice,Premium,Support,Tier 1,Telecom,465,482,473,9,9,746,352858,13.92946058,19,12,14,94,13,81,76
2025-08-17,Sunday,33,August,2025,7,France,EMEA,Paris,EMEA_CHAT_SUPPORT_T1,Chat,Premium,Support,Tier 2,Healthcare,124,147,143,4,4,672,96096,18.28571429,19,3,4,70,3,85,90
2023-05-31,Wednesday,22,May,2023,22,United Kingdom,EMEA,London,TECH_SUPPORT_EMAIL_T3,Email,Enterprise,Tech Support,Tier 2,Retail,467,494,492,2,2,212,104304,0.858299595,34,3,4,82,3,85,79
2024-09-07,Saturday,36,September,2024,11,Ukraine,EMEA,Ukraine Hub,EMEA_CORE_EMAIL_TIER2,Voice,Premium,Support,Tier 2,Retail,444,445,443,2,2,847,375221,3.806741573,32,13,17,89,15,95,89
2025-12-11,Thursday,50,December,2025,4,Luxembourg,EMEA,Luxembourg Hub,EMEA_RETAIL_VOICE_T2,Email,Premium,Support,Tier 2,Healthcare,444,445,430,15,15,727,312610,24.50561798,31,10,13,85,11,74,72
2021-02-17,Wednesday,7,February,2021,11,Germany,EMEA,Berlin,RETENTION_VOICE_T2,Email,Enterprise,Retention,Tier 1,Telecom,409,410,398,12,12,367,146066,10.74146341,15,5,6,81,5,80,87
2021-10-05,Tuesday,40,October,2021,2,Denmark,EMEA,Denmark Hub,TECH_SUPPORT_EMAIL_T3,Chat,Premium,Tech Support,Tier 2,Healthcare,334,361,344,17,17,475,163400,22.36842105,32,5,7,86,6,88,90
2021-12-04,Saturday,48,December,2021,19,Ireland,EMEA,Dublin,EMEA_EMAIL_SUPPORT_T3,Voice,Premium,Support,Tier 2,Healthcare,448,453,449,4,4,895,401855,7.902869757,17,13,15,72,11,88,82
2021-07-02,Friday,26,July,2021,23,United Kingdom,EMEA,London,TECH_SUPPORT_EMAIL_T3,Email,Consumer,Tech Support,Tier 2,Healthcare,381,401,399,2,2,601,239799,2.997506234,29,8,10,84,8,76,67
2023-10-20,Friday,42,October,2023,3,Belgium,EMEA,Belgium Hub,EMEA_RETAIL_VOICE_T2,Voice,Enterprise,Support,Tier 1,E-commerce,110,93,63,30,30,719,45297,231.9354839,24,1,1,95,1,70,89
2022-10-27,Thursday,43,October,2022,13,Denmark,EMEA,Denmark Hub,EMEA_RETAIL_VOICE_T2,Voice,Enterprise,Support,Tier 3,Healthcare,163,165,162,3,3,838,135756,15.23636364,20,4,5,67,3,72,76
2025-02-11,Tuesday,7,February,2025,18,Iceland,EMEA,Iceland Hub,EMEA_EMAIL_SUPPORT_T3,Voice,Premium,Support,Tier 3,Telecom,228,227,212,15,15,772,163664,51.01321586,31,5,7,72,5,83,71
2025-12-31,Wednesday,1,December,2025,11,Luxembourg,EMEA,Luxembourg Hub,EMEA_CORE_EMAIL_T2,Email,Enterprise,Support,Tier 3,Banking,101,105,92,13,13,257,23644,31.81904762,29,0,0,92,0,79,75
2023-02-14,Tuesday,7,February,2023,8,France,EMEA,Paris,RETENTION_VOICE_T2,Voice,Consumer,Retention,Tier 2,Retail,412,411,381,30,30,267,101727,19.48905109,21,3,4,93,4,82,87
2025-10-09,Thursday,41,October,2025,23,Norway,EMEA,Norway Hub,EMEA_CORE_EMAIL_T2,Voice,Consumer,Support,Tier 3,Banking,361,384,383,1,1,485,185755,1.263020833,23,6,7,80,6,79,87
2021-09-06,Monday,36,September,2021,21,Bulgaria,EMEA,Bulgaria Hub,EMEA_CHAT_SUPPORT_T1,Chat,Enterprise,Support,Tier 2,Telecom,75,55,34,21,21,601,20434,229.4727273,29,0,0,77,0,82,76
2021-06-07,Monday,23,June,2021,16,Luxembourg,EMEA,Luxembourg Hub,EMEA_RETAIL_VOICE_T2,Chat,Premium,Support,Tier 2,E-commerce,287,275,258,17,17,551,142158,34.06181818,23,4,5,93,5,79,90
2021-12-09,Thursday,49,December,2021,6,Greece,EMEA,Greece Hub,INBOUND_VOICE_TIER1,Chat,Premium,Inbound,Tier 1,Retail,50,43,18,25,25,495,8910,287.7906977,29,0,0,88,0,93,90
2023-05-20,Saturday,20,May,2023,10,Finland,EMEA,Finland Hub,CUSTOMER_SUPPORT_CHAT_T1,Chat,Enterprise,Customer Support,Tier 1,Telecom,118,116,113,3,3,764,86332,19.75862069,23,2,2,85,2,83,77
2021-02-13,Saturday,6,February,2021,1,Czech Republic,EMEA,Czech Republic Hub,EMEA_CORE_EMAIL_T2,Chat,Consumer,Support,Tier 1,Banking,145,170,162,8,8,399,64638,18.77647059,27,2,3,73,2,92,69
2021-05-25,Tuesday,21,May,2021,9,Luxembourg,EMEA,Luxembourg Hub,CUSTOMER_SUPPORT_CHAT_T1,Chat,Consumer,Customer Support,Tier 1,E-commerce,145,169,164,5,5,225,36900,6.656804734,17,1,1,65,1,90,86
2021-07-29,Thursday,30,July,2021,10,Spain,EMEA,Madrid,INBOUND_VOICE_TIER1,Voice,Premium,Inbound,Tier 2,Healthcare,288,310,294,16,16,475,139650,24.51612903,24,4,5,92,5,73,90
2022-03-27,Sunday,12,March,2022,7,Turkey,EMEA,Turkey Hub,EMEA_RETAIL_VOICE_T2,Email,Premium,Support,Tier 2,E-commerce,344,373,349,24,24,644,224756,41.43699732,20,7,8,81,6,80,68
2022-02-20,Sunday,7,February,2022,13,Portugal,EMEA,Portugal Hub,EMEA_CORE_EMAIL_T2,Email,Premium,Support,Tier 2,Telecom,255,250,235,15,15,504,118440,30.24,35,4,5,91,5,87,81
2022-01-31,Monday,5,January,2022,15,Morocco,EMEA,Morocco Hub,EMEA_CORE_EMAIL_T2,Voice,Premium,Support,Tier 1,Retail,119,117,104,13,13,887,92248,98.55555556,31,3,4,71,3,83,73
2025-01-16,Thursday,3,January,2025,1,Israel,EMEA,Israel Hub,EMEA_CHAT_SUPPORT_T1,Voice,Enterprise,Support,Tier 2,Telecom,411,392,391,1,1,693,270963,1.767857143,26,9,11,74,8,73,73
2021-03-05,Friday,9,March,2021,2,Bulgaria,EMEA,Bulgaria Hub,EMEA_RETAIL_VOICE_T2,Email,Premium,Support,Tier 1,Healthcare,490,483,456,27,27,891,406296,49.80745342,20,14,17,81,14,80,88
2022-02-22,Tuesday,8,February,2022,15,Slovakia,EMEA,Slovakia Hub,INBOUND_VOICE_TIER1,Chat,Consumer,Inbound,Tier 3,Banking,422,444,416,28,28,192,79872,12.10810811,35,2,3,81,2,81,67
2023-03-05,Sunday,9,March,2023,19,Italy,EMEA,Rome,EMEA_RETAIL_VOICE_T2,Voice,Premium,Support,Tier 3,E-commerce,461,470,448,22,22,882,395136,41.28510638,23,13,16,94,15,79,70
2024-01-03,Wednesday,1,January,2024,12,Luxembourg,EMEA,Luxembourg Hub,INBOUND_VOICE_TIER1,Email,Premium,Inbound,Tier 2,Banking,362,376,362,14,14,487,176294,18.13297872,30,6,8,78,6,73,89
2024-12-03,Tuesday,49,December,2024,17,South Africa,EMEA,Cape Town,EMEA_CORE_EMAIL_T2,Email,Premium,Support,Tier 3,Telecom,227,208,199,9,9,350,69650,15.14423077,26,2,3,72,2,84,82
2023-09-04,Monday,36,September,2023,21,Italy,EMEA,Rome,EMEA_CORE_EMAIL_T2,Email,Premium,Support,Tier 3,Healthcare,341,328,306,22,22,748,228888,50.17073171,30,7,9,93,8,77,61
2024-08-06,Tuesday,32,August,2024,9,Luxembourg,EMEA,Luxembourg Hub,EMEA_EMAIL_SUPPORT_T3,Voice,Consumer,Support,Tier 3,Banking,323,332,318,14,14,217,69006,9.15060241,17,2,2,71,1,86,89
2024-03-11,Monday,11,March,2024,7,Bulgaria,EMEA,Bulgaria Hub,EMEA_RETAIL_VOICE_T2,Chat,Premium,Support,Tier 3,Retail,285,301,296,5,5,785,232360,13.03986711,18,8,9,69,6,75,77
2021-02-22,Monday,8,February,2021,21,Portugal,EMEA,Portugal Hub,OUTBOUND_SALES_T2,Email,Enterprise,Outbound,Tier 2,E-commerce,119,132,124,8,8,682,84568,41.33333333,21,2,2,75,2,93,72
2025-08-12,Tuesday,33,August,2025,11,Italy,EMEA,Rome,EMEA_CORE_EMAIL_TIER2,Email,Consumer,Support,Tier 2,Healthcare,285,309,280,29,29,525,147000,49.27184466,30,5,7,76,5,70,85
2022-12-19,Monday,51,December,2022,1,Poland,EMEA,Poland Hub,TECH_SUPPORT_EMAIL_T3,Voice,Premium,Tech Support,Tier 1,Healthcare,155,175,147,28,28,208,30576,33.28,23,1,1,83,1,78,60
2025-03-23,Sunday,12,March,2025,0,Ukraine,EMEA,Ukraine Hub,TECH_SUPPORT_EMAIL_T3,Voice,Consumer,Tech Support,Tier 1,Retail,95,90,69,21,21,400,27600,93.33333333,32,0,0,80,0,72,74
2021-10-10,Sunday,40,October,2021,1,Romania,EMEA,Romania Hub,EMEA_EMAIL_SUPPORT_T3,Chat,Enterprise,Support,Tier 2,Banking,491,490,485,5,5,555,269175,5.663265306,19,9,11,90,10,89,70
2024-02-07,Wednesday,6,February,2024,20,Ukraine,EMEA,Ukraine Hub,CUSTOMER_SUPPORT_CHAT_T1,Chat,Premium,Customer Support,Tier 1,Banking,494,482,473,9,9,520,245960,9.709543569,19,8,10,91,9,76,80
2025-05-05,Monday,19,May,2025,8,Portugal,EMEA,Portugal Hub,RETENTION_VOICE_T2,Chat,Consumer,Retention,Tier 1,Telecom,325,354,324,30,30,522,169128,44.23728814,18,5,6,75,5,77,88
2025-06-03,Tuesday,23,June,2025,2,Italy,EMEA,Rome,INBOUND_VOICE_TIER1,Voice,Enterprise,Inbound,Tier 2,Banking,301,311,285,26,26,721,205485,60.27652733,28,7,9,86,8,83,69
2023-04-25,Tuesday,17,April,2023,2,Czech Republic,EMEA,Czech Republic Hub,EMEA_CORE_EMAIL_TIER2,Chat,Enterprise,Support,Tier 1,Healthcare,427,408,386,22,22,845,326170,45.56372549,32,11,15,79,12,74,73
2025-11-03,Monday,45,November,2025,12,Slovenia,EMEA,Slovenia Hub,EMEA_EMAIL_SUPPORT_T3,Voice,Enterprise,Support,Tier 3,E-commerce,198,182,171,11,11,791,135261,47.80769231,29,4,5,67,3,89,80
2025-06-21,Saturday,25,June,2025,7,Ukraine,EMEA,Ukraine Hub,EMEA_RETAIL_VOICE_T2,Email,Consumer,Support,Tier 1,Banking,342,361,344,17,17,464,159616,21.85041551,25,5,6,89,5,80,79
2023-07-22,Saturday,29,July,2023,7,Turkey,EMEA,Turkey Hub,EMEA_CHAT_SUPPORT_T1,Chat,Consumer,Support,Tier 1,Banking,83,104,90,14,14,317,28530,42.67307692,18,0,0,92,0,84,79
2024-10-02,Wednesday,40,October,2024,6,France,EMEA,Paris,EMEA_CHAT_SUPPORT_T1,Voice,Consumer,Support,Tier 3,Retail,146,139,109,30,30,630,68670,135.971223,22,2,2,80,2,93,67
2021-02-07,Sunday,5,February,2021,1,Italy,EMEA,Rome,EMEA_EMAIL_SUPPORT_T3,Voice,Consumer,Support,Tier 3,Retail,275,257,230,27,27,777,178710,81.63035019,33,6,8,77,6,70,73
2022-11-09,Wednesday,45,November,2022,0,Netherlands,EMEA,Amsterdam,TECH_SUPPORT_EMAIL_T3,Voice,Enterprise,Tech Support,Tier 3,Retail,291,309,294,15,15,466,137004,22.62135922,18,4,5,76,4,85,71
2025-01-17,Friday,3,January,2025,1,Belgium,EMEA,Belgium Hub,RETENTION_VOICE_T2,Email,Consumer,Retention,Tier 2,E-commerce,391,377,362,15,15,395,142990,15.71618037,21,4,5,85,4,88,64
2025-03-02,Sunday,9,March,2025,20,United Kingdom,EMEA,London,EMEA_EMAIL_SUPPORT_T3,Chat,Premium,Support,Tier 2,Telecom,324,336,312,24,24,293,91416,20.92857143,25,3,4,67,3,86,82
2023-02-06,Monday,6,February,2023,6,Turkey,EMEA,Turkey Hub,EMEA_CORE_EMAIL_T2,Chat,Consumer,Support,Tier 2,Retail,475,478,475,3,3,649,308275,4.073221757,21,10,12,80,10,84,67
2021-05-24,Monday,21,May,2021,4,Belgium,EMEA,Belgium Hub,EMEA_CHAT_SUPPORT_T1,Email,Consumer,Support,Tier 3,Banking,59,68,43,25,25,844,36292,310.2941176,16,1,1,77,1,83,62
2025-12-31,Wednesday,1,December,2025,2,Netherlands,EMEA,Amsterdam,INBOUND_VOICE_TIER1,Chat,Premium,Inbound,Tier 2,Retail,127,131,123,8,8,354,43542,21.61832061,16,1,1,86,1,90,82
2024-05-05,Sunday,18,May,2024,10,Iceland,EMEA,Iceland Hub,EMEA_CORE_EMAIL_T2,Chat,Enterprise,Support,Tier 2,Telecom,441,431,418,13,13,561,234498,16.92111369,24,8,10,83,8,71,80
2022-02-09,Wednesday,6,February,2022,11,Belgium,EMEA,Belgium Hub,TECH_SUPPORT_EMAIL_T3,Email,Enterprise,Tech Support,Tier 2,Banking,302,306,277,29,29,347,96119,32.88562092,31,3,4,87,3,71,90
2022-12-29,Thursday,52,December,2022,7,Sweden,EMEA,Sweden Hub,EMEA_CORE_EMAIL_T2,Email,Premium,Support,Tier 1,E-commerce,433,422,413,9,9,471,194523,10.0450237,26,6,8,77,6,82,62
2023-07-29,Saturday,30,July,2023,14,Spain,EMEA,Madrid,EMEA_RETAIL_VOICE_T2,Voice,Enterprise,Support,Tier 1,Retail,488,483,482,1,1,807,388974,1.670807453,32,13,17,83,14,93,68
2025-09-20,Saturday,38,September,2025,12,Luxembourg,EMEA,Luxembourg Hub,EMEA_CORE_EMAIL_TIER2,Voice,Premium,Support,Tier 2,E-commerce,218,228,219,9,9,364,79716,14.36842105,27,2,3,81,2,87,70
2021-01-20,Wednesday,3,January,2021,3,Greece,EMEA,Greece Hub,OUTBOUND_SALES_T2,Voice,Premium,Outbound,Tier 3,Banking,488,495,484,11,11,462,223608,10.26666667,22,7,9,93,8,77,88
2023-03-04,Saturday,9,March,2023,7,Ireland,EMEA,Dublin,EMEA_CORE_EMAIL_TIER2,Chat,Enterprise,Support,Tier 3,Healthcare,211,199,182,17,17,875,159250,74.74874372,19,5,6,73,4,95,72
2021-12-22,Wednesday,51,December,2021,17,South Africa,EMEA,Cape Town,EMEA_CORE_EMAIL_T2,Email,Enterprise,Support,Tier 3,E-commerce,168,164,164,0,0,294,48216,0.0,21,1,1,69,1,73,74
2025-06-30,Monday,27,June,2025,23,Belgium,EMEA,Belgium Hub,EMEA_CORE_EMAIL_T2,Email,Consumer,Support,Tier 1,Retail,53,56,38,18,18,243,9234,78.10714286,17,0,0,78,0,88,60
2024-08-17,Saturday,33,August,2024,4,Finland,EMEA,Finland Hub,TECH_SUPPORT_EMAIL_T3,Voice,Premium,Tech Support,Tier 2,Healthcare,423,426,413,13,13,467,192871,14.25117371,35,6,8,67,5,81,77
2024-02-22,Thursday,8,February,2024,10,Ukraine,EMEA,Ukraine Hub,CUSTOMER_SUPPORT_CHAT_T1,Chat,Enterprise,Customer Support,Tier 2,Healthcare,340,320,316,4,4,242,76472,3.025,21,2,2,68,1,95,87
2022-01-09,Sunday,1,January,2022,13,Greece,EMEA,Greece Hub,TECH_SUPPORT_EMAIL_T3,Voice,Premium,Tech Support,Tier 1,Telecom,84,103,75,28,28,496,37200,134.8349515,32,1,1,73,1,82,87
2025-06-23,Monday,26,June,2025,10,Norway,EMEA,Norway Hub,EMEA_RETAIL_VOICE_T2,Voice,Premium,Support,Tier 3,Telecom,456,483,460,23,23,845,388700,40.23809524,29,13,17,85,14,70,77
2024-12-04,Wednesday,49,December,2024,10,Sweden,EMEA,Sweden Hub,CUSTOMER_SUPPORT_CHAT_T1,Email,Premium,Customer Support,Tier 1,Retail,375,360,357,3,3,494,176358,4.116666667,18,6,7,73,5,81,72
2022-08-07,Sunday,31,August,2022,22,Portugal,EMEA,Portugal Hub,RETENTION_VOICE_T2,Chat,Premium,Retention,Tier 2,Banking,472,480,474,6,6,301,142674,3.7625,28,4,5,68,3,94,68
2023-06-15,Thursday,24,June,2023,22,Belgium,EMEA,Belgium Hub,INBOUND_VOICE_TIER1,Voice,Premium,Inbound,Tier 3,E-commerce,479,464,446,18,18,600,267600,23.27586207,25,9,11,95,10,95,78
2025-04-11,Friday,15,April,2025,16,Luxembourg,EMEA,Luxembourg Hub,EMEA_CORE_EMAIL_TIER2,Voice,Consumer,Support,Tier 2,Retail,437,466,459,7,7,763,350217,11.46137339,25,12,15,83,12,71,88
2021-05-28,Friday,21,May,2021,12,Czech Republic,EMEA,Czech Republic Hub,TECH_SUPPORT_EMAIL_T3,Voice,Consumer,Tech Support,Tier 3,Healthcare,79,98,86,12,12,313,26918,38.32653061,30,0,0,71,0,81,67
2023-09-30,Saturday,39,September,2023,4,Czech Republic,EMEA,Czech Republic Hub,EMEA_CORE_EMAIL_T2,Chat,Premium,Support,Tier 2,E-commerce,214,243,232,11,11,379,87928,17.1563786,32,3,4,85,3,87,78
2022-11-14,Monday,46,November,2022,12,Bulgaria,EMEA,Bulgaria Hub,EMEA_CHAT_SUPPORT_T1,Voice,Premium,Support,Tier 3,E-commerce,162,168,165,3,3,690,113850,12.32142857,22,3,4,72,3,80,89
2021-06-22,Tuesday,25,June,2021,19,Czech Republic,EMEA,Czech Republic Hub,TECH_SUPPORT_EMAIL_T3,Chat,Enterprise,Tech Support,Tier 3,Healthcare,433,416,394,22,22,510,200940,26.97115385,29,6,8,92,7,95,77
2025-08-28,Thursday,35,August,2025,10,France,EMEA,Paris,EMEA_EMAIL_SUPPORT_T3,Email,Consumer,Support,Tier 1,Retail,163,174,168,6,6,599,100632,20.65517241,15,3,3,69,2,78,73
2021-08-25,Wednesday,34,August,2021,3,Turkey,EMEA,Turkey Hub,OUTBOUND_SALES_T2,Voice,Premium,Outbound,Tier 3,Healthcare,359,379,371,8,8,684,253764,14.43799472,35,8,11,66,7,74,81
2022-01-23,Sunday,3,January,2022,4,Denmark,EMEA,Denmark Hub,TECH_SUPPORT_EMAIL_T3,Voice,Premium,Tech Support,Tier 1,E-commerce,426,418,389,29,29,672,261408,46.62200957,19,9,11,70,8,91,74
2024-05-24,Friday,21,May,2024,5,Poland,EMEA,Poland Hub,EMEA_RETAIL_VOICE_T2,Email,Enterprise,Support,Tier 1,Retail,237,256,242,14,14,843,204006,46.1015625,35,7,9,91,8,92,67
2025-04-06,Sunday,14,April,2025,10,Iceland,EMEA,Iceland Hub,EMEA_CORE_EMAIL_T2,Chat,Enterprise,Support,Tier 3,Healthcare,335,317,313,4,4,538,168394,6.788643533,28,5,6,69,4,80,72
2024-07-28,Sunday,30,July,2024,13,Iceland,EMEA,Iceland Hub,TECH_SUPPORT_EMAIL_T3,Email,Premium,Tech Support,Tier 1,Banking,345,360,356,4,4,365,129940,4.055555556,33,4,5,84,4,79,88
2025-07-13,Sunday,28,July,2025,12,United Kingdom,EMEA,London,EMEA_CHAT_SUPPORT_T1,Email,Enterprise,Support,Tier 2,Healthcare,396,393,383,10,10,763,292229,19.41475827,34,10,13,68,9,82,80
2022-09-30,Friday,39,September,2022,7,Ukraine,EMEA,Ukraine Hub,INBOUND_VOICE_TIER1,Email,Premium,Inbound,Tier 3,Telecom,205,186,186,0,0,339,63054,0.0,28,2,3,86,3,79,65
2023-11-05,Sunday,44,November,2023,17,Ukraine,EMEA,Ukraine Hub,EMEA_CHAT_SUPPORT_T1,Chat,Premium,Support,Tier 3,Retail,390,420,409,11,11,575,235175,15.05952381,34,8,11,75,8,86,86
2022-10-25,Tuesday,43,October,2022,18,Poland,EMEA,Poland Hub,EMEA_CORE_EMAIL_T2,Voice,Premium,Support,Tier 2,Healthcare,68,77,55,22,22,607,33385,173.4285714,21,1,1,79,1,74,60
2022-09-16,Friday,37,September,2022,9,Ukraine,EMEA,Ukraine Hub,EMEA_RETAIL_VOICE_T2,Voice,Consumer,Support,Tier 1,Banking,490,514,487,27,27,739,359893,38.81906615,17,12,14,75,11,87,89
2023-02-05,Sunday,5,February,2023,19,Ukraine,EMEA,Ukraine Hub,INBOUND_VOICE_TIER1,Email,Premium,Inbound,Tier 2,Banking,302,287,264,23,23,872,230208,69.8815331,15,7,8,92,7,86,64
2022-10-22,Saturday,42,October,2022,2,Ukraine,EMEA,Ukraine Hub,EMEA_CORE_EMAIL_T2,Chat,Consumer,Support,Tier 2,E-commerce,114,111,90,21,21,350,31500,66.21621622,16,1,1,93,1,77,67
2025-01-03,Friday,1,January,2025,13,Greece,EMEA,Greece Hub,EMEA_EMAIL_SUPPORT_T3,Chat,Consumer,Support,Tier 3,Healthcare,131,122,120,2,2,406,48720,6.655737705,33,1,1,67,1,82,64
2022-04-03,Sunday,13,April,2022,17,South Africa,EMEA,Cape Town,EMEA_CHAT_SUPPORT_T1,Email,Premium,Support,Tier 3,Healthcare,181,171,148,23,23,433,64084,58.23976608,17,2,2,66,1,86,78
2022-03-17,Thursday,11,March,2022,8,Belgium,EMEA,Belgium Hub,EMEA_CHAT_SUPPORT_T1,Voice,Premium,Support,Tier 1,Banking,472,491,473,18,18,235,111155,8.615071283,31,3,4,91,4,72,70
2022-09-15,Thursday,37,September,2022,15,Greece,EMEA,Greece Hub,INBOUND_VOICE_TIER1,Voice,Premium,Inbound,Tier 1,Healthcare,318,315,299,16,16,829,247871,42.10793651,30,8,10,93,9,87,66
2024-09-25,Wednesday,39,September,2024,20,Denmark,EMEA,Denmark Hub,OUTBOUND_SALES_T2,Email,Premium,Outbound,Tier 2,Telecom,316,340,332,8,8,448,148736,10.54117647,27,5,6,70,4,84,80
2022-05-05,Thursday,18,May,2022,9,Poland,EMEA,Poland Hub,CUSTOMER_SUPPORT_CHAT_T1,Email,Enterprise,Customer Support,Tier 1,Banking,288,311,286,25,25,613,175318,49.27652733,27,6,8,88,7,74,81
2023-01-05,Thursday,1,January,2023,14,South Africa,EMEA,Cape Town,EMEA_RETAIL_VOICE_T2,Voice,Enterprise,Support,Tier 2,Telecom,119,145,143,2,2,495,70785,6.827586207,30,2,3,82,2,85,62
2023-10-11,Wednesday,41,October,2023,3,Belgium,EMEA,Belgium Hub,EMEA_EMAIL_SUPPORT_T3,Email,Premium,Support,Tier 1,Telecom,349,370,352,18,18,643,226336,31.28108108,16,7,8,80,6,84,90
2023-12-10,Sunday,49,December,2023,3,Russia,EMEA,Russia Hub,EMEA_CORE_EMAIL_T2,Email,Consumer,Support,Tier 1,Banking,148,149,123,26,26,487,59901,84.97986577,34,2,3,71,2,72,82
2025-09-30,Tuesday,40,September,2025,8,Germany,EMEA,Berlin,EMEA_CORE_EMAIL_T2,Chat,Consumer,Support,Tier 1,Banking,199,229,217,12,12,881,191177,46.16593886,20,6,7,69,5,83,75
2024-01-18,Thursday,3,January,2024,23,South Africa,EMEA,Cape Town,CUSTOMER_SUPPORT_CHAT_T1,Chat,Consumer,Customer Support,Tier 1,Retail,474,460,459,1,1,325,149175,0.706521739,27,5,6,92,6,78,63
2023-05-26,Friday,21,May,2023,8,Israel,EMEA,Israel Hub,OUTBOUND_SALES_T2,Email,Premium,Outbound,Tier 2,Banking,145,126,103,23,23,602,62006,109.8888889,20,2,2,66,1,72,90
2025-10-24,Friday,43,October,2025,15,Poland,EMEA,Poland Hub,EMEA_CORE_EMAIL_T2,Voice,Consumer,Support,Tier 3,Telecom,142,172,155,17,17,455,70525,44.97093023,33,2,3,83,2,79,78
2024-12-28,Saturday,52,December,2024,3,Sweden,EMEA,Sweden Hub,OUTBOUND_SALES_T2,Email,Enterprise,Outbound,Tier 2,E-commerce,235,220,198,22,22,526,104148,52.6,31,3,4,86,3,75,79
2023-04-19,Wednesday,16,April,2023,4,Slovenia,EMEA,Slovenia Hub,EMEA_EMAIL_SUPPORT_T3,Email,Consumer,Support,Tier 2,Healthcare,439,434,404,30,30,800,323200,55.29953917,26,11,14,76,11,93,69
2022-12-23,Friday,51,December,2022,6,Iceland,EMEA,Iceland Hub,EMEA_EMAIL_SUPPORT_T3,Chat,Consumer,Support,Tier 1,Healthcare,334,325,315,10,10,843,265545,25.93846154,32,9,12,91,11,92,68
2022-04-28,Thursday,17,April,2022,18,Finland,EMEA,Finland Hub,RETENTION_VOICE_T2,Chat,Consumer,Retention,Tier 3,Healthcare,241,258,246,12,12,467,114882,21.72093023,29,3,4,80,3,87,82
2023-03-06,Monday,10,March,2023,21,Greece,EMEA,Greece Hub,EMEA_EMAIL_SUPPORT_T3,Email,Premium,Support,Tier 2,Banking,223,251,236,15,15,774,182664,46.25498008,24,6,7,73,5,78,76
2022-12-01,Thursday,48,December,2022,0,Greece,EMEA,Greece Hub,EMEA_RETAIL_VOICE_T2,Email,Enterprise,Support,Tier 3,E-commerce,65,47,27,20,20,248,6696,105.5319149,23,0,0,95,0,88,69
2023-03-03,Friday,9,March,2023,2,Ukraine,EMEA,Ukraine Hub,EMEA_CHAT_SUPPORT_T1,Voice,Premium,Support,Tier 3,Healthcare,264,244,224,20,20,286,64064,23.44262295,30,2,3,73,2,77,61
2024-06-27,Thursday,26,June,2024,22,Slovenia,EMEA,Slovenia Hub,EMEA_CHAT_SUPPORT_T1,Chat,Premium,Support,Tier 2,Retail,391,393,385,8,8,180,69300,3.664122137,27,2,3,90,3,81,78
2023-05-29,Monday,22,May,2023,0,Netherlands,EMEA,Amsterdam,EMEA_CORE_EMAIL_T2,Voice,Consumer,Support,Tier 3,Telecom,78,69,61,8,8,434,26474,50.31884058,18,0,0,76,0,74,78
2021-07-10,Saturday,27,July,2021,5,France,EMEA,Paris,EMEA_EMAIL_SUPPORT_T3,Chat,Consumer,Support,Tier 1,E-commerce,352,354,346,8,8,834,288564,18.84745763,29,10,13,67,9,93,78
2022-08-07,Sunday,31,August,2022,9,Netherlands,EMEA,Amsterdam,TECH_SUPPORT_EMAIL_T3,Voice,Consumer,Tech Support,Tier 1,Banking,285,292,279,13,13,473,131967,21.05821918,22,4,5,78,4,77,87
2024-11-21,Thursday,47,November,2024,15,Belgium,EMEA,Belgium Hub,EMEA_EMAIL_SUPPORT_T3,Chat,Premium,Support,Tier 1,Retail,152,157,130,27,27,442,57460,76.01273885,19,1,1,78,1,89,64
2024-05-16,Thursday,20,May,2024,0,Romania,EMEA,Romania Hub,CUSTOMER_SUPPORT_CHAT_T1,Email,Premium,Customer Support,Tier 1,Retail,106,129,115,14,14,726,83490,78.79069767,24,2,2,77,2,88,74
2023-05-28,Sunday,21,May,2023,19,Romania,EMEA,Romania Hub,EMEA_RETAIL_VOICE_T2,Email,Premium,Support,Tier 1,Healthcare,342,341,326,15,15,436,142136,19.17888563,20,4,5,91,5,72,81
2023-09-13,Wednesday,37,September,2023,7,Norway,EMEA,Norway Hub,EMEA_RETAIL_VOICE_T2,Chat,Enterprise,Support,Tier 2,Healthcare,317,320,300,20,20,406,121800,25.375,15,4,5,87,4,76,62
2024-04-26,Friday,17,April,2024,3,Morocco,EMEA,Morocco Hub,EMEA_CHAT_SUPPORT_T1,Voice,Premium,Support,Tier 3,Retail,385,407,397,10,10,463,183811,11.37592138,33,6,8,68,5,76,73
2023-07-21,Friday,29,July,2023,18,France,EMEA,Paris,INBOUND_VOICE_TIER1,Chat,Enterprise,Inbound,Tier 1,E-commerce,308,320,308,12,12,815,251020,30.5625,32,8,11,65,7,73,75
2025-04-19,Saturday,16,April,2025,1,Sweden,EMEA,Sweden Hub,TECH_SUPPORT_EMAIL_T3,Email,Enterprise,Tech Support,Tier 2,E-commerce,234,233,214,19,19,778,166492,63.44206009,28,5,6,65,4,75,67
2021-01-27,Wednesday,4,January,2021,6,Ireland,EMEA,Dublin,CUSTOMER_SUPPORT_CHAT_T1,Voice,Enterprise,Customer Support,Tier 1,Banking,77,89,84,5,5,198,16632,11.12359551,33,0,0,80,0,75,60
2023-12-01,Friday,48,December,2023,11,Sweden,EMEA,Sweden Hub,EMEA_CHAT_SUPPORT_T1,Chat,Consumer,Support,Tier 2,Retail,264,267,265,2,2,807,213855,6.04494382,32,7,9,69,6,75,65
2025-03-13,Thursday,11,March,2025,8,Slovakia,EMEA,Slovakia Hub,OUTBOUND_SALES_T2,Email,Premium,Outbound,Tier 2,Retail,145,132,111,21,21,264,29304,42.0,30,1,1,66,1,77,90
2025-11-15,Saturday,46,November,2025,18,Luxembourg,EMEA,Luxembourg Hub,EMEA_RETAIL_VOICE_T2,Email,Consumer,Support,Tier 1,Retail,398,398,368,30,30,837,308016,63.09045226,33,10,13,84,11,83,63
2024-03-02,Saturday,9,March,2024,1,South Africa,EMEA,Cape Town,TECH_SUPPORT_EMAIL_T3,Chat,Enterprise,Tech Support,Tier 2,Telecom,113,101,72,29,29,479,34488,137.5346535,35,1,1,78,1,72,63
2021-01-17,Sunday,2,January,2021,8,Kenya,EMEA,Kenya Hub,CUSTOMER_SUPPORT_CHAT_T1,Email,Premium,Customer Support,Tier 3,E-commerce,267,273,273,0,0,297,81081,0.0,16,2,2,67,1,83,74
2024-12-25,Wednesday,52,December,2024,7,Poland,EMEA,Poland Hub,EMEA_CORE_EMAIL_TIER2,Voice,Consumer,Support,Tier 3,Banking,128,133,130,3,3,312,40560,7.037593985,27,1,1,90,1,75,74
2021-02-22,Monday,8,February,2021,8,Greece,EMEA,Greece Hub,INBOUND_VOICE_TIER1,Voice,Enterprise,Inbound,Tier 3,Telecom,297,307,304,3,3,890,270560,8.697068404,26,9,11,88,10,88,70
2025-01-05,Sunday,1,January,2025,3,Slovakia,EMEA,Slovakia Hub,EMEA_CHAT_SUPPORT_T1,Chat,Consumer,Support,Tier 3,E-commerce,295,281,262,19,19,779,204098,52.67259786,30,7,9,90,8,89,68
2023-12-12,Tuesday,50,December,2023,7,Czech Republic,EMEA,Czech Republic Hub,EMEA_EMAIL_SUPPORT_T3,Chat,Premium,Support,Tier 3,E-commerce,290,314,292,22,22,656,191552,45.96178344,31,6,8,76,6,83,90
2023-08-31,Thursday,35,August,2023,4,Italy,EMEA,Rome,EMEA_EMAIL_SUPPORT_T3,Voice,Consumer,Support,Tier 2,Banking,125,147,136,11,11,256,34816,19.15646259,24,1,1,72,1,83,68
2024-07-02,Tuesday,27,July,2024,12,Morocco,EMEA,Morocco Hub,CUSTOMER_SUPPORT_CHAT_T1,Chat,Enterprise,Customer Support,Tier 2,Healthcare,287,316,314,2,2,888,278832,5.620253165,18,9,11,68,7,95,86
2025-12-04,Thursday,49,December,2025,2,Luxembourg,EMEA,Luxembourg Hub,CUSTOMER_SUPPORT_CHAT_T1,Chat,Consumer,Customer Support,Tier 2,E-commerce,179,196,174,22,22,612,106488,68.69387755,26,3,4,74,3,70,72
2023-09-15,Friday,37,September,2023,9,Ireland,EMEA,Dublin,EMEA_RETAIL_VOICE_T2,Chat,Premium,Support,Tier 3,Healthcare,261,277,259,18,18,462,119658,30.02166065,32,4,5,81,4,75,82
2022-06-16,Thursday,24,June,2022,20,Morocco,EMEA,Morocco Hub,EMEA_EMAIL_SUPPORT_T3,Chat,Consumer,Support,Tier 1,Retail,478,477,452,25,25,382,172664,20.02096436,34,5,7,75,5,79,61
2024-09-25,Wednesday,39,September,2024,10,Israel,EMEA,Israel Hub,EMEA_CHAT_SUPPORT_T1,Chat,Consumer,Support,Tier 2,Healthcare,483,493,475,18,18,601,285475,21.94320487,33,9,12,70,8,89,85
2024-09-08,Sunday,36,September,2024,11,Bulgaria,EMEA,Bulgaria Hub,EMEA_CORE_EMAIL_T2,Voice,Enterprise,Support,Tier 2,E-commerce,167,193,166,27,27,389,64574,54.41968912,23,2,2,82,2,80,78
2022-01-19,Wednesday,3,January,2022,12,Kenya,EMEA,Kenya Hub,OUTBOUND_SALES_T2,Chat,Consumer,Outbound,Tier 1,Telecom,349,378,358,20,20,847,303226,44.81481481,33,10,13,94,12,94,65
2025-06-01,Sunday,22,June,2025,22,Iceland,EMEA,Iceland Hub,EMEA_EMAIL_SUPPORT_T3,Voice,Premium,Support,Tier 3,Healthcare,236,263,240,23,23,420,100800,36.73003802,24,3,4,73,3,87,62
2022-01-17,Monday,3,January,2022,6,Finland,EMEA,Finland Hub,TECH_SUPPORT_EMAIL_T3,Email,Consumer,Tech Support,Tier 2,Banking,338,326,322,4,4,869,279818,10.66257669,35,9,12,74,9,87,67
2025-07-20,Sunday,29,July,2025,9,Finland,EMEA,Finland Hub,EMEA_EMAIL_SUPPORT_T3,Email,Premium,Support,Tier 2,Telecom,223,216,198,18,18,716,141768,59.66666667,33,4,5,89,4,93,78
2025-05-08,Thursday,19,May,2025,14,Kenya,EMEA,Kenya Hub,EMEA_RETAIL_VOICE_T2,Chat,Consumer,Support,Tier 1,E-commerce,104,125,97,28,28,883,85651,197.792,27,2,3,72,2,82,60
2022-11-02,Wednesday,44,November,2022,2,Germany,EMEA,Berlin,CUSTOMER_SUPPORT_CHAT_T1,Email,Premium,Customer Support,Tier 3,Banking,185,197,175,22,22,265,46375,29.59390863,30,1,1,65,1,91,77
2024-08-02,Friday,31,August,2024,22,Turkey,EMEA,Turkey Hub,EMEA_RETAIL_VOICE_T2,Voice,Enterprise,Support,Tier 2,Banking,256,269,258,11,11,239,61662,9.773234201,19,2,2,78,2,82,77
2021-01-13,Wednesday,2,January,2021,10,France,EMEA,Paris,EMEA_CORE_EMAIL_TIER2,Email,Premium,Support,Tier 1,Healthcare,208,192,180,12,12,569,102420,35.5625,21,3,4,70,3,73,62
2023-07-10,Monday,28,July,2023,5,Kenya,EMEA,Kenya Hub,CUSTOMER_SUPPORT_CHAT_T1,Email,Premium,Customer Support,Tier 1,Healthcare,379,360,336,24,24,593,199248,39.53333333,19,6,7,80,6,78,72
2023-05-31,Wednesday,22,May,2023,10,Ireland,EMEA,Dublin,TECH_SUPPORT_EMAIL_T3,Email,Consumer,Tech Support,Tier 3,Healthcare,195,200,172,28,28,628,108016,87.92,34,3,4,75,3,71,67
2022-11-23,Wednesday,47,November,2022,22,Italy,EMEA,Rome,TECH_SUPPORT_EMAIL_T3,Email,Enterprise,Tech Support,Tier 1,Healthcare,377,370,351,19,19,616,216216,31.63243243,30,7,9,78,7,93,83
2025-11-04,Tuesday,45,November,2025,19,Spain,EMEA,Madrid,EMEA_CORE_EMAIL_TIER2,Chat,Enterprise,Support,Tier 2,Healthcare,480,505,492,13,13,212,104304,5.457425743,25,3,4,92,4,90,73
2021-01-04,Monday,1,January,2021,12,Norway,EMEA,Norway Hub,EMEA_CORE_EMAIL_T2,Voice,Consumer,Support,Tier 3,Retail,316,315,299,16,16,310,92690,15.74603175,22,3,4,88,4,85,69
2025-06-20,Friday,25,June,2025,1,Turkey,EMEA,Turkey Hub,EMEA_RETAIL_VOICE_T2,Email,Consumer,Support,Tier 2,Banking,378,359,343,16,16,763,261709,34.00557103,21,9,11,88,10,77,88
2022-08-11,Thursday,32,August,2022,2,Norway,EMEA,Norway Hub,EMEA_CORE_EMAIL_T2,Email,Enterprise,Support,Tier 1,Retail,461,475,448,27,27,600,268800,34.10526316,16,9,10,79,8,86,71
2025-07-25,Friday,30,July,2025,3,South Africa,EMEA,Cape Town,EMEA_RETAIL_VOICE_T2,Email,Enterprise,Support,Tier 1,Banking,483,466,453,13,13,821,371913,22.90343348,17,12,14,73,10,73,85
2021-03-24,Wednesday,12,March,2021,22,South Africa,EMEA,Cape Town,EMEA_EMAIL_SUPPORT_T3,Voice,Consumer,Support,Tier 3,E-commerce,145,171,142,29,29,568,80656,96.32748538,28,2,3,66,2,88,66
2022-10-11,Tuesday,41,October,2022,10,Poland,EMEA,Poland Hub,EMEA_CHAT_SUPPORT_T1,Chat,Enterprise,Support,Tier 3,Retail,308,291,289,2,2,384,110976,2.639175258,22,3,4,67,3,71,82
2025-06-18,Wednesday,25,June,2025,3,Poland,EMEA,Poland Hub,RETENTION_VOICE_T2,Chat,Premium,Retention,Tier 3,Healthcare,146,146,137,9,9,213,29181,13.13013699,18,1,1,88,1,84,76
2024-12-30,Monday,1,December,2024,16,Greece,EMEA,Greece Hub,EMEA_CORE_EMAIL_TIER2,Chat,Consumer,Support,Tier 2,Retail,136,150,145,5,5,785,113825,26.16666667,35,3,4,69,3,70,65
2023-04-09,Sunday,14,April,2023,3,Germany,EMEA,Berlin,INBOUND_VOICE_TIER1,Voice,Premium,Inbound,Tier 3,Retail,304,313,296,17,17,370,109520,20.09584665,16,3,3,86,3,94,85
2021-07-16,Friday,28,July,2021,13,Luxembourg,EMEA,Luxembourg Hub,EMEA_CORE_EMAIL_T2,Email,Premium,Support,Tier 1,Banking,131,138,128,10,10,611,78208,44.27536232,26,2,3,65,2,94,90
2023-03-11,Saturday,10,March,2023,11,Czech Republic,EMEA,Czech Republic Hub,EMEA_EMAIL_SUPPORT_T3,Email,Consumer,Support,Tier 3,Healthcare,59,45,39,6,6,747,29133,99.6,15,1,1,88,1,94,87
2025-08-13,Wednesday,33,August,2025,17,Slovenia,EMEA,Slovenia Hub,EMEA_CORE_EMAIL_T2,Voice,Enterprise,Support,Tier 3,Banking,262,253,249,4,4,234,58266,3.699604743,34,2,3,75,2,92,67
2024-10-04,Friday,40,October,2024,17,Greece,EMEA,Greece Hub,EMEA_EMAIL_SUPPORT_T3,Chat,Enterprise,Support,Tier 3,Banking,203,225,213,12,12,718,152934,38.29333333,16,5,6,79,5,76,67
2021-02-06,Saturday,5,February,2021,23,Norway,EMEA,Norway Hub,INBOUND_VOICE_TIER1,Voice,Consumer,Inbound,Tier 2,Healthcare,163,172,163,9,9,302,49226,15.80232558,27,1,1,74,1,87,75
2021-12-19,Sunday,50,December,2021,2,Spain,EMEA,Madrid,EMEA_CORE_EMAIL_T2,Chat,Premium,Support,Tier 3,Retail,385,383,370,13,13,827,305990,28.07049608,30,10,13,87,11,95,85
2025-06-21,Saturday,25,June,2025,12,Greece,EMEA,Greece Hub,EMEA_EMAIL_SUPPORT_T3,Chat,Consumer,Support,Tier 1,Healthcare,335,359,351,8,8,690,242190,15.37604457,23,8,10,89,9,87,72
2025-11-06,Thursday,45,November,2025,6,Denmark,EMEA,Denmark Hub,EMEA_CORE_EMAIL_T2,Chat,Premium,Support,Tier 3,E-commerce,142,136,107,29,29,632,67624,134.7647059,18,2,2,86,2,94,84
2023-11-25,Saturday,47,November,2023,4,Germany,EMEA,Berlin,EMEA_EMAIL_SUPPORT_T3,Voice,Premium,Support,Tier 3,Banking,496,494,482,12,12,713,343666,17.31983806,18,11,13,90,12,90,70
2025-07-18,Friday,29,July,2025,16,Kenya,EMEA,Kenya Hub,RETENTION_VOICE_T2,Email,Consumer,Retention,Tier 1,Telecom,114,119,117,2,2,212,24804,3.56302521,27,0,0,86,0,92,76
2024-11-07,Thursday,45,November,2024,18,Portugal,EMEA,Portugal Hub,CUSTOMER_SUPPORT_CHAT_T1,Voice,Premium,Customer Support,Tier 1,Retail,120,120,118,2,2,598,70564,9.966666667,34,2,3,80,2,76,77
2021-04-11,Sunday,14,April,2021,10,Sweden,EMEA,Sweden Hub,RETENTION_VOICE_T2,Chat,Enterprise,Retention,Tier 3,Telecom,257,259,259,0,0,771,199689,0.0,16,6,7,71,5,70,84
2022-02-18,Friday,7,February,2022,22,Iceland,EMEA,Iceland Hub,RETENTION_VOICE_T2,Email,Consumer,Retention,Tier 3,E-commerce,205,199,183,16,16,371,67893,29.82914573,16,2,2,93,2,93,68
2023-04-25,Tuesday,17,April,2023,13,Ukraine,EMEA,Ukraine Hub,EMEA_CORE_EMAIL_T2,Chat,Consumer,Support,Tier 3,Healthcare,240,258,251,7,7,489,122739,13.26744186,22,4,5,69,3,79,84
2021-09-09,Thursday,36,September,2021,0,Kenya,EMEA,Kenya Hub,CUSTOMER_SUPPORT_CHAT_T1,Chat,Consumer,Customer Support,Tier 1,Healthcare,50,59,29,30,30,517,14993,262.8813559,15,0,0,67,0,87,85
2021-06-12,Saturday,23,June,2021,15,Italy,EMEA,Rome,EMEA_CORE_EMAIL_T2,Voice,Premium,Support,Tier 2,Retail,133,128,114,14,14,593,67602,64.859375,19,2,2,78,2,80,77
2025-10-22,Wednesday,43,October,2025,3,Israel,EMEA,Israel Hub,EMEA_CHAT_SUPPORT_T1,Chat,Premium,Support,Tier 2,E-commerce,246,242,229,13,13,817,187093,43.88842975,21,6,7,77,5,79,69
2024-12-20,Friday,51,December,2024,20,Romania,EMEA,Romania Hub,TECH_SUPPORT_EMAIL_T3,Chat,Enterprise,Tech Support,Tier 1,Retail,97,121,100,21,21,802,80200,139.1900826,23,2,2,76,2,93,86
2021-11-15,Monday,46,November,2021,23,Italy,EMEA,Rome,EMEA_EMAIL_SUPPORT_T3,Email,Consumer,Support,Tier 3,E-commerce,253,262,255,7,7,429,109395,11.46183206,33,3,4,65,3,83,63
2022-08-05,Friday,31,August,2022,0,Hungary,EMEA,Hungary Hub,EMEA_RETAIL_VOICE_T2,Voice,Premium,Support,Tier 3,Healthcare,254,243,242,1,1,829,200618,3.411522634,24,6,7,65,5,73,63
2022-05-25,Wednesday,21,May,2022,9,Italy,EMEA,Rome,INBOUND_VOICE_TIER1,Voice,Consumer,Inbound,Tier 1,Healthcare,240,241,237,4,4,684,162108,11.3526971,15,5,6,71,4,91,89
2022-09-24,Saturday,38,September,2022,22,Finland,EMEA,Finland Hub,OUTBOUND_SALES_T2,Email,Premium,Outbound,Tier 1,Healthcare,137,130,117,13,13,184,21528,18.4,24,0,0,92,0,74,83
2025-10-27,Monday,44,October,2025,5,Norway,EMEA,Norway Hub,EMEA_CHAT_SUPPORT_T1,Voice,Enterprise,Support,Tier 3,Healthcare,318,306,282,24,24,837,236034,65.64705882,35,8,11,76,8,91,79
2022-10-12,Wednesday,41,October,2022,6,Russia,EMEA,Russia Hub,EMEA_RETAIL_VOICE_T2,Voice,Consumer,Support,Tier 1,E-commerce,287,309,293,16,16,451,132143,23.35275081,30,4,5,73,4,91,63
2022-11-15,Tuesday,46,November,2022,21,Turkey,EMEA,Turkey Hub,OUTBOUND_SALES_T2,Voice,Premium,Outbound,Tier 2,Telecom,150,139,132,7,7,867,114444,43.6618705,34,3,4,84,3,92,73
2023-06-06,Tuesday,23,June,2023,1,Italy,EMEA,Rome,EMEA_CORE_EMAIL_TIER2,Chat,Premium,Support,Tier 3,Retail,124,147,143,4,4,866,123838,23.56462585,27,4,5,80,4,78,82
2021-11-07,Sunday,44,November,2021,2,Spain,EMEA,Madrid,EMEA_CORE_EMAIL_TIER2,Chat,Consumer,Support,Tier 3,Telecom,178,170,148,22,22,894,132312,115.6941176,33,4,5,94,5,74,78
2022-05-24,Tuesday,21,May,2022,14,Netherlands,EMEA,Amsterdam,EMEA_EMAIL_SUPPORT_T3,Email,Enterprise,Support,Tier 3,Retail,417,440,424,16,16,823,348952,29.92727273,30,12,16,67,11,92,77
2025-04-21,Monday,17,April,2025,14,Iceland,EMEA,Iceland Hub,EMEA_CORE_EMAIL_TIER2,Email,Premium,Support,Tier 3,Healthcare,454,438,436,2,2,745,324820,3.401826484,29,11,14,72,10,84,70
2025-10-06,Monday,41,October,2025,0,Slovenia,EMEA,Slovenia Hub,EMEA_EMAIL_SUPPORT_T3,Voice,Premium,Support,Tier 2,Healthcare,302,316,305,11,11,482,147010,16.77848101,18,5,6,70,4,89,82
2025-04-17,Thursday,16,April,2025,15,Israel,EMEA,Israel Hub,RETENTION_VOICE_T2,Voice,Premium,Retention,Tier 2,Telecom,248,254,236,18,18,724,170864,51.30708661,26,5,6,70,4,74,84
2025-02-21,Friday,8,February,2025,10,Morocco,EMEA,Morocco Hub,RETENTION_VOICE_T2,Chat,Enterprise,Retention,Tier 3,Telecom,438,467,440,27,27,331,145640,19.13704497,34,5,7,92,6,78,69
2021-12-03,Friday,48,December,2021,18,Greece,EMEA,Greece Hub,TECH_SUPPORT_EMAIL_T3,Chat,Consumer,Tech Support,Tier 1,Telecom,342,360,342,18,18,715,244530,35.75,29,8,10,76,8,80,81
2025-11-29,Saturday,48,November,2025,3,Israel,EMEA,Israel Hub,EMEA_CORE_EMAIL_TIER2,Email,Premium,Support,Tier 2,Healthcare,333,362,334,28,28,586,195724,45.32596685,31,6,8,92,7,76,60
2021-07-29,Thursday,30,July,2021,11,Greece,EMEA,Greece Hub,EMEA_EMAIL_SUPPORT_T3,Email,Premium,Support,Tier 1,Retail,367,386,381,5,5,732,278892,9.481865285,31,9,12,77,9,83,64
2021-09-05,Sunday,35,September,2021,3,Belgium,EMEA,Belgium Hub,EMEA_CHAT_SUPPORT_T1,Email,Premium,Support,Tier 1,Retail,350,340,332,8,8,519,172308,12.21176471,34,5,7,67,5,74,76
2023-04-15,Saturday,15,April,2023,15,Russia,EMEA,Russia Hub,EMEA_RETAIL_VOICE_T2,Voice,Premium,Support,Tier 1,Banking,265,265,253,12,12,395,99935,17.88679245,26,3,4,69,3,83,73
2025-05-07,Wednesday,19,May,2025,5,Hungary,EMEA,Hungary Hub,EMEA_CHAT_SUPPORT_T1,Voice,Premium,Support,Tier 1,E-commerce,238,257,254,3,3,237,60198,2.766536965,27,2,3,71,2,82,68
2024-03-08,Friday,10,March,2024,3,Bulgaria,EMEA,Bulgaria Hub,EMEA_CORE_EMAIL_T2,Voice,Premium,Support,Tier 2,E-commerce,340,359,354,5,5,468,165672,6.51810585,33,5,7,78,5,78,85
2023-07-21,Friday,29,July,2023,19,South Africa,EMEA,Cape Town,TECH_SUPPORT_EMAIL_T3,Chat,Consumer,Tech Support,Tier 2,E-commerce,185,203,186,17,17,564,104904,47.23152709,24,3,4,94,4,91,64
2024-11-07,Thursday,45,November,2024,9,Turkey,EMEA,Turkey Hub,EMEA_CORE_EMAIL_TIER2,Chat,Consumer,Support,Tier 3,Telecom,302,282,280,2,2,606,169680,4.29787234,15,5,6,65,4,70,64
2025-06-22,Sunday,25,June,2025,4,Ukraine,EMEA,Ukraine Hub,EMEA_CHAT_SUPPORT_T1,Chat,Enterprise,Support,Tier 1,Retail,157,155,152,3,3,307,46664,5.941935484,31,1,1,76,1,79,78
2021-02-07,Sunday,5,February,2021,20,Israel,EMEA,Israel Hub,TECH_SUPPORT_EMAIL_T3,Chat,Consumer,Tech Support,Tier 3,E-commerce,326,338,331,7,7,305,100955,6.316568047,33,3,4,69,3,86,60
2025-07-13,Sunday,28,July,2025,18,Ukraine,EMEA,Ukraine Hub,CUSTOMER_SUPPORT_CHAT_T1,Email,Consumer,Customer Support,Tier 2,Retail,194,190,163,27,27,216,35208,30.69473684,19,1,1,70,1,79,83
2022-05-29,Sunday,21,May,2022,3,Luxembourg,EMEA,Luxembourg Hub,EMEA_CORE_EMAIL_TIER2,Chat,Consumer,Support,Tier 3,Banking,337,337,332,5,5,419,139108,6.216617211,22,4,5,69,3,84,86
2021-06-06,Sunday,22,June,2021,16,Kenya,EMEA,Kenya Hub,EMEA_CHAT_SUPPORT_T1,Voice,Premium,Support,Tier 1,Retail,110,96,71,25,25,817,58007,212.7604167,32,2,3,92,3,75,81
2022-05-04,Wednesday,18,May,2022,15,Germany,EMEA,Berlin,OUTBOUND_SALES_T2,Chat,Premium,Outbound,Tier 3,Banking,74,89,87,2,2,461,40107,10.35955056,23,1,1,73,1,78,71
2021-08-25,Wednesday,34,August,2021,0,Hungary,EMEA,Hungary Hub,INBOUND_VOICE_TIER1,Email,Premium,Inbound,Tier 1,Retail,248,255,242,13,13,523,126566,26.6627451,35,4,5,95,5,81,87
2025-09-05,Friday,36,September,2025,23,Czech Republic,EMEA,Czech Republic Hub,EMEA_RETAIL_VOICE_T2,Chat,Premium,Support,Tier 3,Healthcare,324,349,325,24,24,874,284050,60.10315186,33,9,12,84,10,77,89
2022-03-26,Saturday,12,March,2022,22,United Kingdom,EMEA,London,INBOUND_VOICE_TIER1,Voice,Premium,Inbound,Tier 2,E-commerce,302,322,300,22,22,451,135300,30.8136646,23,4,5,85,4,79,71
2025-11-09,Sunday,45,November,2025,1,Spain,EMEA,Madrid,EMEA_RETAIL_VOICE_T2,Email,Premium,Support,Tier 3,E-commerce,268,288,261,27,27,233,60813,21.84375,33,2,3,88,3,81,64
2023-08-16,Wednesday,33,August,2023,3,Belgium,EMEA,Belgium Hub,EMEA_RETAIL_VOICE_T2,Voice,Premium,Support,Tier 2,Banking,334,349,334,15,15,688,229792,29.57020057,35,7,9,85,8,78,77
2021-02-06,Saturday,5,February,2021,1,Slovakia,EMEA,Slovakia Hub,INBOUND_VOICE_TIER1,Chat,Enterprise,Inbound,Tier 3,Retail,236,248,242,6,6,222,53724,5.370967742,17,1,1,70,1,79,73
2022-07-26,Tuesday,30,July,2022,6,Iceland,EMEA,Iceland Hub,EMEA_CORE_EMAIL_T2,Chat,Consumer,Support,Tier 1,Banking,169,168,156,12,12,404,63024,28.85714286,25,2,3,86,3,88,85
2024-08-11,Sunday,32,August,2024,6,Italy,EMEA,Rome,EMEA_CORE_EMAIL_TIER2,Voice,Consumer,Support,Tier 2,E-commerce,489,507,485,22,22,432,209520,18.74556213,29,7,9,76,7,76,78
2025-05-22,Thursday,21,May,2025,13,Israel,EMEA,Israel Hub,TECH_SUPPORT_EMAIL_T3,Voice,Consumer,Tech Support,Tier 3,Telecom,272,261,236,25,25,401,94636,38.40996169,35,3,4,76,3,94,71
2022-07-24,Sunday,29,July,2022,9,Turkey,EMEA,Turkey Hub,EMEA_CORE_EMAIL_T2,Voice,Consumer,Support,Tier 1,Healthcare,111,134,114,20,20,478,54492,71.34328358,35,1,1,92,1,74,61
2023-05-30,Tuesday,22,May,2023,13,Turkey,EMEA,Turkey Hub,EMEA_CORE_EMAIL_TIER2,Email,Enterprise,Support,Tier 2,Retail,443,441,426,15,15,633,269658,21.53061224,28,9,12,71,9,77,90
2023-02-08,Wednesday,6,February,2023,3,Sweden,EMEA,Sweden Hub,INBOUND_VOICE_TIER1,Voice,Enterprise,Inbound,Tier 2,Telecom,239,223,198,25,25,188,37224,21.07623318,21,1,1,79,1,94,89
2023-08-27,Sunday,34,August,2023,17,Sweden,EMEA,Sweden Hub,TECH_SUPPORT_EMAIL_T3,Email,Premium,Tech Support,Tier 3,Banking,457,480,467,13,13,828,386676,22.425,18,13,15,85,13,85,73
2024-09-15,Sunday,37,September,2024,9,Germany,EMEA,Berlin,CUSTOMER_SUPPORT_CHAT_T1,Voice,Enterprise,Customer Support,Tier 2,Banking,150,164,160,4,4,679,108640,16.56097561,23,3,4,73,3,70,89
2023-11-08,Wednesday,45,November,2023,17,Kenya,EMEA,Kenya Hub,EMEA_RETAIL_VOICE_T2,Email,Consumer,Support,Tier 2,E-commerce,79,61,44,17,17,357,15708,99.49180328,20,0,0,65,0,93,66
2022-05-09,Monday,19,May,2022,7,Ukraine,EMEA,Ukraine Hub,EMEA_CORE_EMAIL_TIER2,Voice,Enterprise,Support,Tier 1,Banking,310,327,300,27,27,368,110400,30.3853211,35,3,4,87,3,78,74
2025-11-07,Friday,45,November,2025,14,Bulgaria,EMEA,Bulgaria Hub,OUTBOUND_SALES_T2,Chat,Consumer,Outbound,Tier 3,Telecom,414,396,370,26,26,409,151330,26.85353535,22,5,6,89,5,74,84
2024-03-29,Friday,13,March,2024,3,Belgium,EMEA,Belgium Hub,INBOUND_VOICE_TIER1,Voice,Enterprise,Inbound,Tier 3,Telecom,419,411,405,6,6,473,191565,6.905109489,30,6,8,65,5,79,79
2023-10-17,Tuesday,42,October,2023,22,Israel,EMEA,Israel Hub,OUTBOUND_SALES_T2,Email,Enterprise,Outbound,Tier 1,Telecom,54,76,62,14,14,183,11346,33.71052632,31,0,0,69,0,71,63
2024-05-19,Sunday,20,May,2024,8,Slovakia,EMEA,Slovakia Hub,INBOUND_VOICE_TIER1,Voice,Premium,Inbound,Tier 2,Healthcare,140,159,144,15,15,695,100080,65.56603774,29,3,4,88,4,82,83
2023-06-19,Monday,25,June,2023,0,Czech Republic,EMEA,Czech Republic Hub,TECH_SUPPORT_EMAIL_T3,Voice,Enterprise,Tech Support,Tier 2,Retail,416,407,386,21,21,644,248584,33.22850123,35,8,11,81,9,71,65
2025-04-07,Monday,15,April,2025,6,Kenya,EMEA,Kenya Hub,OUTBOUND_SALES_T2,Chat,Consumer,Outbound,Tier 3,Retail,371,361,342,19,19,836,285912,44.0,34,9,12,68,8,92,62
2021-05-15,Saturday,19,May,2021,17,Ireland,EMEA,Dublin,INBOUND_VOICE_TIER1,Email,Consumer,Inbound,Tier 3,Healthcare,457,466,444,22,22,599,265956,28.27896996,15,9,10,94,9,94,74
2025-05-11,Sunday,19,May,2025,0,Slovenia,EMEA,Slovenia Hub,EMEA_RETAIL_VOICE_T2,Email,Consumer,Support,Tier 1,E-commerce,282,292,274,18,18,418,114532,25.76712329,25,3,4,84,3,74,78
2021-12-04,Saturday,48,December,2021,10,Russia,EMEA,Russia Hub,TECH_SUPPORT_EMAIL_T3,Voice,Consumer,Tech Support,Tier 1,Telecom,205,211,197,14,14,881,173557,58.4549763,35,6,8,73,6,76,62
2022-05-11,Wednesday,19,May,2022,16,Ukraine,EMEA,Ukraine Hub,EMEA_CORE_EMAIL_TIER2,Chat,Enterprise,Support,Tier 1,Healthcare,399,422,404,18,18,564,227856,24.05687204,31,7,9,87,8,82,65
2021-01-04,Monday,1,January,2021,11,Czech Republic,EMEA,Czech Republic Hub,EMEA_RETAIL_VOICE_T2,Voice,Premium,Support,Tier 1,Banking,327,349,349,0,0,865,301885,0.0,21,10,12,79,9,82,68
2023-12-10,Sunday,49,December,2023,16,Turkey,EMEA,Turkey Hub,RETENTION_VOICE_T2,Email,Enterprise,Retention,Tier 2,Healthcare,206,218,208,10,10,593,123344,27.20183486,30,4,5,83,4,95,79
2023-10-13,Friday,41,October,2023,3,Hungary,EMEA,Hungary Hub,RETENTION_VOICE_T2,Voice,Premium,Retention,Tier 2,Healthcare,194,181,153,28,28,597,91341,92.35359116,32,3,4,91,4,92,80
2023-10-03,Tuesday,40,October,2023,14,Belgium,EMEA,Belgium Hub,EMEA_CORE_EMAIL_TIER2,Email,Consumer,Support,Tier 3,Banking,491,504,495,9,9,819,405405,14.625,20,14,17,86,15,74,82
2021-01-16,Saturday,2,January,2021,16,Israel,EMEA,Israel Hub,EMEA_EMAIL_SUPPORT_T3,Voice,Premium,Support,Tier 2,Banking,344,356,355,1,1,706,250630,1.983146067,23,8,10,85,9,70,68
2025-08-21,Thursday,34,August,2025,22,Israel,EMEA,Israel Hub,CUSTOMER_SUPPORT_CHAT_T1,Voice,Consumer,Customer Support,Tier 3,E-commerce,409,437,427,10,10,243,103761,5.560640732,24,3,4,84,3,91,61
2023-03-21,Tuesday,12,March,2023,9,Hungary,EMEA,Hungary Hub,EMEA_RETAIL_VOICE_T2,Email,Consumer,Support,Tier 3,E-commerce,461,445,435,10,10,614,267090,13.79775281,31,9,12,77,9,94,84
2023-12-07,Thursday,49,December,2023,23,United Kingdom,EMEA,London,EMEA_CHAT_SUPPORT_T1,Chat,Enterprise,Support,Tier 1,E-commerce,140,150,124,26,26,562,69688,97.41333333,32,2,3,71,2,73,89
2021-10-19,Tuesday,42,October,2021,4,Kenya,EMEA,Kenya Hub,CUSTOMER_SUPPORT_CHAT_T1,Email,Enterprise,Customer Support,Tier 2,Healthcare,337,353,330,23,23,726,239580,47.30311615,34,8,11,81,9,75,71
2023-03-16,Thursday,11,March,2023,4,Spain,EMEA,Madrid,RETENTION_VOICE_T2,Chat,Enterprise,Retention,Tier 2,E-commerce,203,226,206,20,20,724,149144,64.07079646,35,5,7,87,6,81,66
2021-09-10,Friday,36,September,2021,22,Italy,EMEA,Rome,EMEA_CORE_EMAIL_T2,Email,Enterprise,Support,Tier 2,Retail,276,264,249,15,15,390,97110,22.15909091,26,3,4,80,3,92,63
2024-04-14,Sunday,15,April,2024,12,South Africa,EMEA,Cape Town,EMEA_RETAIL_VOICE_T2,Voice,Premium,Support,Tier 3,E-commerce,74,88,62,26,26,587,36394,173.4318182,20,1,1,91,1,85,68
2021-01-23,Saturday,3,January,2021,2,Denmark,EMEA,Denmark Hub,EMEA_CORE_EMAIL_T2,Voice,Enterprise,Support,Tier 3,Retail,96,108,99,9,9,871,86229,72.58333333,19,2,2,91,2,87,76
2021-08-04,Wednesday,31,August,2021,2,Ukraine,EMEA,Ukraine Hub,TECH_SUPPORT_EMAIL_T3,Voice,Premium,Tech Support,Tier 1,E-commerce,311,318,307,11,11,311,95477,10.75786164,33,3,4,67,3,75,79
2023-12-29,Friday,52,December,2023,16,Romania,EMEA,Romania Hub,EMEA_EMAIL_SUPPORT_T3,Chat,Premium,Support,Tier 1,Telecom,127,151,132,19,19,531,70092,66.81456954,24,2,2,66,1,90,81
2021-08-01,Sunday,30,August,2021,1,Turkey,EMEA,Turkey Hub,EMEA_CORE_EMAIL_TIER2,Voice,Consumer,Support,Tier 2,Telecom,451,431,402,29,29,259,104118,17.42691415,15,3,3,78,2,79,76
2025-10-27,Monday,44,October,2025,6,Germany,EMEA,Berlin,CUSTOMER_SUPPORT_CHAT_T1,Voice,Enterprise,Customer Support,Tier 2,Telecom,59,83,60,23,23,810,48600,224.4578313,29,1,1,87,1,84,88
2024-11-27,Wednesday,48,November,2024,3,Iceland,EMEA,Iceland Hub,EMEA_CHAT_SUPPORT_T1,Chat,Enterprise,Support,Tier 1,Retail,431,457,436,21,21,361,157396,16.58862144,30,5,7,94,7,95,78
2025-03-21,Friday,12,March,2025,4,Greece,EMEA,Greece Hub,EMEA_CORE_EMAIL_TIER2,Email,Premium,Support,Tier 2,Telecom,359,360,334,26,26,861,287574,62.18333333,31,9,12,89,11,78,62
2022-03-08,Tuesday,10,March,2022,15,Netherlands,EMEA,Amsterdam,EMEA_CORE_EMAIL_TIER2,Voice,Enterprise,Support,Tier 3,Retail,361,357,343,14,14,606,207858,23.76470588,21,7,8,78,6,76,85
2024-03-30,Saturday,13,March,2024,14,United Kingdom,EMEA,London,OUTBOUND_SALES_T2,Voice,Enterprise,Outbound,Tier 2,Retail,102,108,108,0,0,620,66960,0.0,32,2,3,73,2,87,65
2022-09-04,Sunday,35,September,2022,7,Turkey,EMEA,Turkey Hub,INBOUND_VOICE_TIER1,Email,Enterprise,Inbound,Tier 1,Banking,273,266,252,14,14,339,85428,17.84210526,15,2,2,67,1,76,62
2025-07-02,Wednesday,27,July,2025,13,Morocco,EMEA,Morocco Hub,OUTBOUND_SALES_T2,Chat,Premium,Outbound,Tier 2,Banking,224,232,210,22,22,882,185220,83.63793103,35,6,8,76,6,87,82
2024-07-27,Saturday,30,July,2024,3,Spain,EMEA,Madrid,EMEA_CORE_EMAIL_TIER2,Voice,Premium,Support,Tier 3,Banking,265,250,246,4,4,352,86592,5.632,30,3,4,84,3,84,78
2025-11-30,Sunday,48,November,2025,2,Slovakia,EMEA,Slovakia Hub,EMEA_EMAIL_SUPPORT_T3,Email,Premium,Support,Tier 2,E-commerce,353,376,359,17,17,183,65697,8.27393617,23,2,2,87,2,93,62
2022-04-03,Sunday,13,April,2022,6,Kenya,EMEA,Kenya Hub,TECH_SUPPORT_EMAIL_T3,Chat,Enterprise,Tech Support,Tier 2,Banking,384,395,394,1,1,766,301804,1.939240506,33,10,13,68,9,83,72
2024-05-06,Monday,19,May,2024,7,Netherlands,EMEA,Amsterdam,EMEA_CORE_EMAIL_TIER2,Email,Consumer,Support,Tier 3,Healthcare,456,437,422,15,15,780,329160,26.77345538,34,11,15,74,11,90,73
2023-07-02,Sunday,26,July,2023,12,Spain,EMEA,Madrid,RETENTION_VOICE_T2,Email,Premium,Retention,Tier 1,E-commerce,467,450,436,14,14,598,260728,18.60444444,28,9,12,86,10,88,82
2025-11-10,Monday,46,November,2025,11,Sweden,EMEA,Sweden Hub,INBOUND_VOICE_TIER1,Email,Premium,Inbound,Tier 1,Healthcare,212,223,202,21,21,869,175538,81.83408072,15,6,7,74,5,77,78
2023-11-20,Monday,47,November,2023,1,Ireland,EMEA,Dublin,EMEA_CORE_EMAIL_T2,Email,Premium,Support,Tier 2,E-commerce,266,292,287,5,5,820,235340,14.04109589,26,8,10,66,7,74,66
2025-05-29,Thursday,22,May,2025,17,Hungary,EMEA,Hungary Hub,EMEA_CORE_EMAIL_TIER2,Chat,Premium,Support,Tier 2,Healthcare,370,366,351,15,15,642,225342,26.31147541,30,7,9,73,7,71,80
2023-02-05,Sunday,5,February,2023,14,France,EMEA,Paris,TECH_SUPPORT_EMAIL_T3,Chat,Premium,Tech Support,Tier 1,Banking,142,133,107,26,26,544,58208,106.3458647,26,2,3,66,2,79,76
2023-10-01,Sunday,39,October,2023,7,Iceland,EMEA,Iceland Hub,EMEA_CORE_EMAIL_T2,Voice,Enterprise,Support,Tier 3,Telecom,63,72,53,19,19,375,19875,98.95833333,29,0,0,74,0,76,72
2022-08-17,Wednesday,33,August,2022,12,Sweden,EMEA,Sweden Hub,EMEA_CORE_EMAIL_T2,Chat,Premium,Support,Tier 1,Healthcare,243,260,250,10,10,368,92000,14.15384615,25,3,4,68,3,87,69
2023-01-26,Thursday,4,January,2023,18,Poland,EMEA,Poland Hub,EMEA_RETAIL_VOICE_T2,Email,Premium,Support,Tier 3,Retail,499,506,496,10,10,669,331824,13.22134387,20,11,13,81,11,90,82
2023-08-24,Thursday,34,August,2023,16,Finland,EMEA,Finland Hub,EMEA_EMAIL_SUPPORT_T3,Chat,Premium,Support,Tier 1,Telecom,338,329,307,22,22,344,105608,23.00303951,16,3,3,82,2,90,78
2025-04-30,Wednesday,18,April,2025,23,Czech Republic,EMEA,Czech Republic Hub,EMEA_CHAT_SUPPORT_T1,Voice,Premium,Support,Tier 3,Retail,258,257,228,29,29,566,129048,63.86770428,17,4,5,74,4,71,61
2025-12-11,Thursday,50,December,2025,19,Kenya,EMEA,Kenya Hub,OUTBOUND_SALES_T2,Voice,Premium,Outbound,Tier 2,E-commerce,74,86,67,19,19,411,27537,90.80232558,16,0,0,68,0,75,84
2023-04-10,Monday,15,April,2023,23,Czech Republic,EMEA,Czech Republic Hub,EMEA_CORE_EMAIL_T2,Voice,Premium,Support,Tier 3,Retail,349,353,345,8,8,669,230805,15.16147309,29,8,10,83,8,94,78
2022-01-12,Wednesday,2,January,2022,20,Czech Republic,EMEA,Czech Republic Hub,EMEA_EMAIL_SUPPORT_T3,Email,Premium,Support,Tier 2,Banking,296,293,286,7,7,632,180752,15.09897611,24,6,7,76,5,76,72
2024-11-26,Tuesday,48,November,2024,1,Portugal,EMEA,Portugal Hub,EMEA_CORE_EMAIL_TIER2,Email,Premium,Support,Tier 1,E-commerce,322,306,289,17,17,797,230333,44.27777778,19,7,8,73,6,74,89
2024-12-23,Monday,52,December,2024,19,South Africa,EMEA,Cape Town,CUSTOMER_SUPPORT_CHAT_T1,Email,Consumer,Customer Support,Tier 2,Telecom,387,412,405,7,7,566,229230,9.616504854,34,7,9,83,7,76,84
2025-11-18,Tuesday,47,November,2025,11,Poland,EMEA,Poland Hub,EMEA_EMAIL_SUPPORT_T3,Email,Consumer,Support,Tier 1,Retail,99,94,77,17,17,314,24178,56.78723404,24,0,0,77,0,83,82
2024-10-27,Sunday,43,October,2024,7,Iceland,EMEA,Iceland Hub,INBOUND_VOICE_TIER1,Email,Consumer,Inbound,Tier 2,Retail,278,293,289,4,4,574,165886,7.836177474,21,5,6,77,5,80,90
2021-04-19,Monday,16,April,2021,7,Portugal,EMEA,Portugal Hub,TECH_SUPPORT_EMAIL_T3,Email,Enterprise,Tech Support,Tier 2,E-commerce,127,120,105,15,15,789,82845,98.625,26,2,3,70,2,89,64
2025-06-03,Tuesday,23,June,2025,0,Romania,EMEA,Romania Hub,EMEA_RETAIL_VOICE_T2,Email,Enterprise,Support,Tier 2,Healthcare,473,472,454,18,18,367,166618,13.99576271,17,5,6,79,5,80,68
2022-11-18,Friday,46,November,2022,7,Ukraine,EMEA,Ukraine Hub,EMEA_CORE_EMAIL_T2,Email,Enterprise,Support,Tier 1,Telecom,355,354,333,21,21,671,223443,39.80508475,18,7,8,68,5,82,79
2024-04-24,Wednesday,17,April,2024,9,Iceland,EMEA,Iceland Hub,CUSTOMER_SUPPORT_CHAT_T1,Email,Enterprise,Customer Support,Tier 1,Retail,165,189,175,14,14,724,126700,53.62962963,29,4,5,86,4,82,83
2022-02-19,Saturday,7,February,2022,13,Portugal,EMEA,Portugal Hub,EMEA_RETAIL_VOICE_T2,Voice,Consumer,Support,Tier 2,Retail,169,157,153,4,4,703,107559,17.91082803,29,3,4,89,4,94,70
2023-10-23,Monday,43,October,2023,18,France,EMEA,Paris,EMEA_EMAIL_SUPPORT_T3,Chat,Enterprise,Support,Tier 2,Telecom,430,436,421,15,15,671,282491,23.08486239,15,9,10,69,7,88,73
2022-01-03,Monday,1,January,2022,19,Kenya,EMEA,Kenya Hub,RETENTION_VOICE_T2,Voice,Enterprise,Retention,Tier 1,Retail,490,475,461,14,14,347,159967,10.22736842,33,5,7,80,6,82,79
2023-10-11,Wednesday,41,October,2023,7,Russia,EMEA,Russia Hub,CUSTOMER_SUPPORT_CHAT_T1,Email,Enterprise,Customer Support,Tier 2,Telecom,479,491,469,22,22,712,333928,31.90224033,20,11,13,86,11,85,69
2021-04-04,Sunday,13,April,2021,9,Netherlands,EMEA,Amsterdam,EMEA_CORE_EMAIL_T2,Chat,Consumer,Support,Tier 2,Retail,322,341,312,29,29,368,114816,31.29618768,23,3,4,85,3,76,66
2022-09-28,Wednesday,39,September,2022,7,Kenya,EMEA,Kenya Hub,EMEA_CORE_EMAIL_TIER2,Voice,Premium,Support,Tier 2,Retail,220,248,220,28,28,438,96360,49.4516129,31,3,4,78,3,74,88
2025-04-27,Sunday,17,April,2025,3,United Kingdom,EMEA,London,EMEA_EMAIL_SUPPORT_T3,Email,Premium,Support,Tier 3,Retail,378,371,366,5,5,852,311832,11.48247978,16,10,12,95,11,74,83
2025-06-06,Friday,23,June,2025,3,Germany,EMEA,Berlin,CUSTOMER_SUPPORT_CHAT_T1,Email,Premium,Customer Support,Tier 3,E-commerce,179,176,168,8,8,477,80136,21.68181818,33,2,3,75,2,94,69
2024-09-15,Sunday,37,September,2024,16,Slovakia,EMEA,Slovakia Hub,INBOUND_VOICE_TIER1,Chat,Enterprise,Inbound,Tier 1,Banking,198,198,168,30,30,877,147336,132.8787879,32,5,7,88,6,92,62
2023-12-21,Thursday,51,December,2023,9,Ukraine,EMEA,Ukraine Hub,RETENTION_VOICE_T2,Email,Enterprise,Retention,Tier 3,Healthcare,299,319,315,4,4,594,187110,7.448275862,33,6,8,65,5,79,71
2023-03-29,Wednesday,13,March,2023,16,Russia,EMEA,Russia Hub,INBOUND_VOICE_TIER1,Email,Consumer,Inbound,Tier 2,E-commerce,158,166,151,15,15,623,94073,56.29518072,18,3,4,72,3,78,83
2023-11-09,Thursday,45,November,2023,22,Norway,EMEA,Norway Hub,EMEA_CORE_EMAIL_TIER2,Email,Consumer,Support,Tier 3,Retail,117,103,88,15,15,227,19976,33.05825243,30,0,0,66,0,81,88
2022-01-08,Saturday,1,January,2022,18,Turkey,EMEA,Turkey Hub,RETENTION_VOICE_T2,Email,Premium,Retention,Tier 1,Retail,391,404,392,12,12,617,241864,18.32673267,17,8,9,76,7,70,83
2025-01-17,Friday,3,January,2025,16,Poland,EMEA,Poland Hub,EMEA_EMAIL_SUPPORT_T3,Chat,Consumer,Support,Tier 1,Healthcare,381,386,359,27,27,821,294739,57.42746114,22,10,12,71,9,80,82
2024-06-24,Monday,26,June,2024,17,Morocco,EMEA,Morocco Hub,EMEA_CORE_EMAIL_TIER2,Chat,Enterprise,Support,Tier 2,Healthcare,246,254,250,4,4,373,93250,5.874015748,17,3,4,82,3,92,76
2024-07-18,Thursday,29,July,2024,19,Sweden,EMEA,Sweden Hub,EMEA_RETAIL_VOICE_T2,Chat,Consumer,Support,Tier 3,Banking,221,207,192,15,15,535,102720,38.76811594,18,3,4,91,4,87,75
2024-03-09,Saturday,10,March,2024,13,Israel,EMEA,Israel Hub,OUTBOUND_SALES_T2,Chat,Premium,Outbound,Tier 3,Banking,477,476,448,28,28,345,154560,20.29411765,15,5,6,85,5,90,72
2024-07-16,Tuesday,29,July,2024,23,France,EMEA,Paris,TECH_SUPPORT_EMAIL_T3,Voice,Enterprise,Tech Support,Tier 1,Telecom,179,194,171,23,23,612,104652,72.55670103,20,3,4,95,4,79,68
2023-07-10,Monday,28,July,2023,8,Morocco,EMEA,Morocco Hub,EMEA_EMAIL_SUPPORT_T3,Chat,Premium,Support,Tier 1,Telecom,329,316,293,23,23,206,60358,14.99367089,19,2,2,84,2,89,82
2021-08-05,Thursday,31,August,2021,12,Luxembourg,EMEA,Luxembourg Hub,RETENTION_VOICE_T2,Voice,Enterprise,Retention,Tier 1,Telecom,305,300,291,9,9,573,166743,17.19,20,5,6,88,5,81,72
2024-07-28,Sunday,30,July,2024,20,United Kingdom,EMEA,London,INBOUND_VOICE_TIER1,Voice,Premium,Inbound,Tier 2,Banking,193,222,202,20,20,616,124432,55.4954955,19,4,5,69,3,83,82
2023-01-12,Thursday,2,January,2023,0,Finland,EMEA,Finland Hub,EMEA_CORE_EMAIL_T2,Chat,Enterprise,Support,Tier 3,Telecom,133,131,104,27,27,704,73216,145.0992366,28,2,3,71,2,81,86
2021-05-01,Saturday,17,May,2021,17,Russia,EMEA,Russia Hub,EMEA_CORE_EMAIL_T2,Chat,Enterprise,Support,Tier 3,E-commerce,415,426,401,25,25,817,327617,47.94600939,20,11,13,93,12,89,80
2021-05-10,Monday,19,May,2021,21,Poland,EMEA,Poland Hub,TECH_SUPPORT_EMAIL_T3,Email,Enterprise,Tech Support,Tier 2,Telecom,415,417,396,21,21,450,178200,22.6618705,20,6,7,92,6,80,74
2025-04-11,Friday,15,April,2025,9,Czech Republic,EMEA,Czech Republic Hub,EMEA_RETAIL_VOICE_T2,Chat,Consumer,Support,Tier 1,Telecom,92,76,47,29,29,888,41736,338.8421053,19,1,1,67,1,72,85
2022-06-15,Wednesday,24,June,2022,12,Italy,EMEA,Rome,EMEA_CORE_EMAIL_TIER2,Email,Consumer,Support,Tier 1,Retail,376,396,368,28,28,382,140576,27.01010101,22,4,5,91,5,87,64
2023-09-12,Tuesday,37,September,2023,17,Ireland,EMEA,Dublin,RETENTION_VOICE_T2,Chat,Enterprise,Retention,Tier 2,Retail,485,478,463,15,15,868,401884,27.23849372,35,13,18,74,13,77,70
2025-08-06,Wednesday,32,August,2025,8,South Africa,EMEA,Cape Town,OUTBOUND_SALES_T2,Chat,Premium,Outbound,Tier 2,Healthcare,181,164,142,22,22,445,63190,59.69512195,26,2,3,83,2,78,65
2025-04-11,Friday,15,April,2025,16,Luxembourg,EMEA,Luxembourg Hub,TECH_SUPPORT_EMAIL_T3,Chat,Consumer,Tech Support,Tier 1,E-commerce,399,381,351,30,30,212,74412,16.69291339,33,2,3,71,2,89,79
2022-03-23,Wednesday,12,March,2022,9,Iceland,EMEA,Iceland Hub,EMEA_EMAIL_SUPPORT_T3,Voice,Premium,Support,Tier 3,Banking,227,230,223,7,7,424,94552,12.90434783,24,3,4,70,3,83,67
2025-07-09,Wednesday,28,July,2025,23,Ireland,EMEA,Dublin,EMEA_CHAT_SUPPORT_T1,Email,Premium,Support,Tier 2,Retail,125,126,114,12,12,469,53466,44.66666667,20,1,1,80,1,89,60
2023-12-27,Wednesday,52,December,2023,13,Sweden,EMEA,Sweden Hub,TECH_SUPPORT_EMAIL_T3,Voice,Consumer,Tech Support,Tier 3,Banking,484,491,465,26,26,481,223665,25.47046843,30,7,9,73,7,89,87
2023-01-17,Tuesday,3,January,2023,12,Turkey,EMEA,Turkey Hub,EMEA_CORE_EMAIL_TIER2,Voice,Consumer,Support,Tier 2,Banking,500,521,517,4,4,808,417736,6.203454894,26,14,18,79,14,84,68
2022-11-25,Friday,47,November,2022,3,Slovakia,EMEA,Slovakia Hub,EMEA_CORE_EMAIL_T2,Chat,Enterprise,Support,Tier 1,Retail,434,453,451,2,2,334,150634,1.474613687,30,5,7,85,6,82,78
2023-09-11,Monday,37,September,2023,23,United Kingdom,EMEA,London,EMEA_CHAT_SUPPORT_T1,Email,Premium,Support,Tier 2,Retail,290,280,268,12,12,784,210112,33.6,27,7,9,75,7,80,79
2024-08-06,Tuesday,32,August,2024,1,Ireland,EMEA,Dublin,EMEA_CORE_EMAIL_T2,Voice,Premium,Support,Tier 1,Retail,433,448,420,28,28,845,354900,52.8125,23,12,15,76,11,81,75
2021-10-11,Monday,41,October,2021,3,Ireland,EMEA,Dublin,CUSTOMER_SUPPORT_CHAT_T1,Email,Consumer,Customer Support,Tier 3,E-commerce,90,81,80,1,1,852,68160,10.51851852,28,2,3,95,3,78,80
2021-02-14,Sunday,6,February,2021,15,Slovakia,EMEA,Slovakia Hub,EMEA_CORE_EMAIL_T2,Email,Enterprise,Support,Tier 3,Banking,166,178,171,7,7,282,48222,11.08988764,28,1,1,76,1,91,82
2022-03-06,Sunday,9,March,2022,3,Ireland,EMEA,Dublin,CUSTOMER_SUPPORT_CHAT_T1,Email,Consumer,Customer Support,Tier 2,Retail,284,264,259,5,5,363,94017,6.875,35,3,4,85,3,80,79
2024-08-24,Saturday,34,August,2024,23,Romania,EMEA,Romania Hub,EMEA_CORE_EMAIL_TIER2,Voice,Enterprise,Support,Tier 2,Telecom,207,195,188,7,7,804,151152,28.86153846,23,5,6,92,6,78,84
2023-01-20,Friday,3,January,2023,3,Slovakia,EMEA,Slovakia Hub,EMEA_EMAIL_SUPPORT_T3,Chat,Premium,Support,Tier 3,Healthcare,213,229,223,6,6,223,49729,5.84279476,26,1,1,95,1,73,84
2023-03-30,Thursday,13,March,2023,3,Portugal,EMEA,Portugal Hub,CUSTOMER_SUPPORT_CHAT_T1,Email,Premium,Customer Support,Tier 2,Banking,275,282,265,17,17,842,223130,50.75886525,19,7,8,88,7,93,64
2023-02-23,Thursday,8,February,2023,10,Romania,EMEA,Romania Hub,EMEA_EMAIL_SUPPORT_T3,Email,Consumer,Support,Tier 3,Banking,328,319,316,3,3,730,230680,6.865203762,15,8,9,87,8,77,63
2022-09-09,Friday,36,September,2022,20,Israel,EMEA,Israel Hub,TECH_SUPPORT_EMAIL_T3,Email,Consumer,Tech Support,Tier 3,E-commerce,143,170,150,20,20,309,46350,36.35294118,20,1,1,71,1,73,90
2023-01-27,Friday,4,January,2023,0,Sweden,EMEA,Sweden Hub,EMEA_CORE_EMAIL_T2,Email,Consumer,Support,Tier 1,Telecom,72,64,34,30,30,560,19040,262.5,30,0,0,78,0,79,90
2023-04-11,Tuesday,15,April,2023,8,Iceland,EMEA,Iceland Hub,EMEA_EMAIL_SUPPORT_T3,Email,Premium,Support,Tier 3,Banking,488,508,483,25,25,695,335685,34.20275591,17,11,13,75,10,89,83
2024-06-06,Thursday,23,June,2024,16,Kenya,EMEA,Kenya Hub,EMEA_CORE_EMAIL_TIER2,Chat,Enterprise,Support,Tier 2,Healthcare,113,125,97,28,28,595,57715,133.28,20,2,2,95,2,72,67
2023-02-03,Friday,5,February,2023,18,Slovakia,EMEA,Slovakia Hub,EMEA_CORE_EMAIL_T2,Voice,Consumer,Support,Tier 1,Healthcare,360,371,347,24,24,278,96466,17.98382749,23,3,4,80,3,95,71
2022-08-19,Friday,33,August,2022,19,United Kingdom,EMEA,London,EMEA_CORE_EMAIL_T2,Chat,Enterprise,Support,Tier 1,E-commerce,180,160,145,15,15,346,50170,32.4375,34,1,1,78,1,71,67
2024-02-09,Friday,6,February,2024,1,Slovakia,EMEA,Slovakia Hub,EMEA_CORE_EMAIL_TIER2,Chat,Consumer,Support,Tier 2,Retail,89,105,98,7,7,821,80458,54.73333333,31,2,3,77,2,74,72
2024-09-15,Sunday,37,September,2024,19,Hungary,EMEA,Hungary Hub,EMEA_CORE_EMAIL_TIER2,Voice,Premium,Support,Tier 2,Retail,356,371,345,26,26,864,298080,60.54986523,20,10,12,86,10,84,74
2022-10-17,Monday,42,October,2022,21,Russia,EMEA,Russia Hub,OUTBOUND_SALES_T2,Voice,Enterprise,Outbound,Tier 1,E-commerce,384,387,381,6,6,878,334518,13.6124031,24,11,14,77,11,83,60
2025-02-05,Wednesday,6,February,2025,17,Iceland,EMEA,Iceland Hub,CUSTOMER_SUPPORT_CHAT_T1,Chat,Consumer,Customer Support,Tier 2,Retail,198,192,191,1,1,755,144205,3.932291667,35,5,7,78,5,86,75
2024-12-12,Thursday,50,December,2024,4,Belgium,EMEA,Belgium Hub,EMEA_CHAT_SUPPORT_T1,Voice,Enterprise,Support,Tier 1,Banking,431,458,435,23,23,824,358440,41.37991266,27,12,15,78,12,81,82
2023-06-14,Wednesday,24,June,2023,18,Norway,EMEA,Norway Hub,RETENTION_VOICE_T2,Email,Enterprise,Retention,Tier 3,Healthcare,81,69,52,17,17,392,20384,96.57971014,29,0,0,75,0,87,74
2024-02-24,Saturday,8,February,2024,6,Italy,EMEA,Rome,INBOUND_VOICE_TIER1,Email,Consumer,Inbound,Tier 2,Banking,444,462,450,12,12,247,111150,6.415584416,17,3,4,89,4,74,76
2024-03-10,Sunday,10,March,2024,7,Bulgaria,EMEA,Bulgaria Hub,EMEA_CHAT_SUPPORT_T1,Chat,Premium,Support,Tier 1,Retail,308,309,294,15,15,529,155526,25.67961165,21,5,6,85,5,95,80
2022-10-12,Wednesday,41,October,2022,12,Finland,EMEA,Finland Hub,OUTBOUND_SALES_T2,Voice,Premium,Outbound,Tier 3,Healthcare,194,220,201,19,19,272,54672,23.49090909,34,1,1,73,1,70,68
2022-09-14,Wednesday,37,September,2022,18,Poland,EMEA,Poland Hub,EMEA_EMAIL_SUPPORT_T3,Voice,Consumer,Support,Tier 2,Telecom,227,237,210,27,27,201,42210,22.89873418,16,1,1,88,1,90,73
2024-10-13,Sunday,41,October,2024,4,Norway,EMEA,Norway Hub,EMEA_EMAIL_SUPPORT_T3,Voice,Consumer,Support,Tier 1,Healthcare,178,180,164,16,16,856,140384,76.08888889,16,4,5,67,3,94,62
2025-04-23,Wednesday,17,April,2025,13,Belgium,EMEA,Belgium Hub,CUSTOMER_SUPPORT_CHAT_T1,Voice,Consumer,Customer Support,Tier 1,Retail,174,154,128,26,26,284,36352,47.94805195,29,1,1,71,1,83,84
2023-10-25,Wednesday,43,October,2023,4,Belgium,EMEA,Belgium Hub,EMEA_CORE_EMAIL_T2,Email,Premium,Support,Tier 1,Healthcare,379,408,408,0,0,213,86904,0.0,31,3,4,84,3,86,81
2023-01-29,Sunday,4,January,2023,17,Ukraine,EMEA,Ukraine Hub,OUTBOUND_SALES_T2,Chat,Premium,Outbound,Tier 3,Retail,452,435,431,4,4,275,118525,2.528735632,16,4,5,72,4,88,73
2022-10-20,Thursday,42,October,2022,6,Poland,EMEA,Poland Hub,OUTBOUND_SALES_T2,Email,Premium,Outbound,Tier 2,Telecom,169,160,150,10,10,424,63600,26.5,26,2,3,85,3,85,62
2024-08-22,Thursday,34,August,2024,3,Bulgaria,EMEA,Bulgaria Hub,RETENTION_VOICE_T2,Voice,Consumer,Retention,Tier 1,Telecom,180,165,144,21,21,804,115776,102.3272727,28,4,5,73,4,85,78
2025-12-17,Wednesday,51,December,2025,6,Morocco,EMEA,Morocco Hub,OUTBOUND_SALES_T2,Chat,Consumer,Outbound,Tier 2,Healthcare,353,373,355,18,18,427,151585,20.60589812,20,5,6,68,4,93,61
2025-12-10,Wednesday,50,December,2025,20,Morocco,EMEA,Morocco Hub,CUSTOMER_SUPPORT_CHAT_T1,Voice,Premium,Customer Support,Tier 3,Healthcare,102,105,90,15,15,636,57240,90.85714286,28,1,1,75,1,77,77
2023-03-16,Thursday,11,March,2023,15,Israel,EMEA,Israel Hub,EMEA_CORE_EMAIL_T2,Voice,Enterprise,Support,Tier 1,Banking,426,447,423,24,24,400,169200,21.47651007,18,5,6,89,5,79,62
2025-04-02,Wednesday,14,April,2025,18,Sweden,EMEA,Sweden Hub,EMEA_CHAT_SUPPORT_T1,Email,Consumer,Support,Tier 1,Healthcare,103,116,92,24,24,560,51520,115.862069,30,1,1,79,1,81,77
2022-05-11,Wednesday,19,May,2022,15,Russia,EMEA,Russia Hub,INBOUND_VOICE_TIER1,Chat,Enterprise,Inbound,Tier 3,Banking,131,141,134,7,7,810,108540,40.21276596,27,3,4,90,4,75,76
2021-02-18,Thursday,7,February,2021,6,Morocco,EMEA,Morocco Hub,CUSTOMER_SUPPORT_CHAT_T1,Voice,Premium,Customer Support,Tier 1,E-commerce,257,263,244,19,19,732,178608,52.88212928,34,6,8,86,7,70,80
2023-10-30,Monday,44,October,2023,2,Sweden,EMEA,Sweden Hub,EMEA_CORE_EMAIL_TIER2,Voice,Enterprise,Support,Tier 2,E-commerce,247,259,251,8,8,783,196533,24.18532819,18,6,7,71,5,79,89
2023-08-08,Tuesday,32,August,2023,6,Spain,EMEA,Madrid,RETENTION_VOICE_T2,Voice,Enterprise,Retention,Tier 2,Banking,461,477,456,21,21,341,155496,15.01257862,25,5,6,88,5,80,61
2021-11-18,Thursday,46,November,2021,9,Spain,EMEA,Madrid,RETENTION_VOICE_T2,Chat,Premium,Retention,Tier 1,E-commerce,214,231,216,15,15,594,128304,38.57142857,15,4,5,84,4,73,61
2025-08-17,Sunday,33,August,2025,2,Kenya,EMEA,Kenya Hub,TECH_SUPPORT_EMAIL_T3,Voice,Enterprise,Tech Support,Tier 3,E-commerce,429,414,399,15,15,224,89376,8.115942029,35,3,4,78,3,72,88
2021-10-13,Wednesday,41,October,2021,8,Slovenia,EMEA,Slovenia Hub,INBOUND_VOICE_TIER1,Email,Premium,Inbound,Tier 3,Healthcare,448,459,454,5,5,355,161170,3.867102397,33,5,7,73,5,78,65
2025-12-03,Wednesday,49,December,2025,17,Italy,EMEA,Rome,EMEA_RETAIL_VOICE_T2,Chat,Consumer,Support,Tier 3,Banking,164,157,137,20,20,617,84529,78.59872611,23,2,2,82,2,86,73
2023-10-31,Tuesday,44,October,2023,2,Ireland,EMEA,Dublin,EMEA_CORE_EMAIL_TIER2,Chat,Enterprise,Support,Tier 1,Banking,123,109,86,23,23,708,60888,149.3944954,32,2,3,94,3,76,87
2021-01-11,Monday,2,January,2021,5,France,EMEA,Paris,EMEA_RETAIL_VOICE_T2,Chat,Premium,Support,Tier 1,Banking,473,491,486,5,5,233,113238,2.372708758,33,3,4,80,3,78,67
2025-12-10,Wednesday,50,December,2025,14,Iceland,EMEA,Iceland Hub,EMEA_CORE_EMAIL_T2,Chat,Premium,Support,Tier 3,Banking,167,151,129,22,22,588,75852,85.66887417,34,2,3,79,2,91,77
2023-12-18,Monday,51,December,2023,0,Poland,EMEA,Poland Hub,EMEA_RETAIL_VOICE_T2,Chat,Premium,Support,Tier 1,Telecom,106,91,72,19,19,436,31392,91.03296703,31,1,1,67,1,74,85
2021-03-10,Wednesday,10,March,2021,7,Sweden,EMEA,Sweden Hub,INBOUND_VOICE_TIER1,Voice,Consumer,Inbound,Tier 2,E-commerce,142,136,129,7,7,659,85011,33.91911765,31,2,3,65,2,74,74
2024-08-12,Monday,33,August,2024,1,Czech Republic,EMEA,Czech Republic Hub,INBOUND_VOICE_TIER1,Chat,Premium,Inbound,Tier 2,Healthcare,238,245,225,20,20,846,190350,69.06122449,23,6,7,92,6,77,69
2025-07-23,Wednesday,30,July,2025,23,Ukraine,EMEA,Ukraine Hub,RETENTION_VOICE_T2,Chat,Consumer,Retention,Tier 1,Retail,440,457,437,20,20,382,166934,16.71772429,16,5,6,72,4,90,64
2022-03-30,Wednesday,13,March,2022,6,Russia,EMEA,Russia Hub,CUSTOMER_SUPPORT_CHAT_T1,Voice,Consumer,Customer Support,Tier 1,Banking,148,133,127,6,6,472,59944,21.29323308,33,2,3,86,3,73,87
2024-09-12,Thursday,37,September,2024,3,Slovakia,EMEA,Slovakia Hub,INBOUND_VOICE_TIER1,Chat,Enterprise,Inbound,Tier 3,Banking,348,328,328,0,0,287,94136,0.0,30,3,4,82,3,91,90
2022-11-02,Wednesday,44,November,2022,10,Ireland,EMEA,Dublin,OUTBOUND_SALES_T2,Voice,Consumer,Outbound,Tier 2,Telecom,164,159,133,26,26,214,28462,34.99371069,24,0,0,84,0,90,77
2021-03-27,Saturday,12,March,2021,2,Turkey,EMEA,Turkey Hub,CUSTOMER_SUPPORT_CHAT_T1,Chat,Consumer,Customer Support,Tier 2,Telecom,394,382,365,17,17,529,193085,23.54188482,28,6,8,93,7,93,65
2024-11-18,Monday,47,November,2024,15,Iceland,EMEA,Iceland Hub,TECH_SUPPORT_EMAIL_T3,Voice,Enterprise,Tech Support,Tier 1,Retail,383,408,384,24,24,873,335232,51.35294118,28,11,14,66,9,89,74
2025-02-04,Tuesday,6,February,2025,7,Belgium,EMEA,Belgium Hub,EMEA_EMAIL_SUPPORT_T3,Voice,Premium,Support,Tier 2,Healthcare,483,491,481,10,10,831,399711,16.92464358,26,13,16,94,15,71,74
2025-10-07,Tuesday,41,October,2025,20,Russia,EMEA,Russia Hub,INBOUND_VOICE_TIER1,Email,Premium,Inbound,Tier 2,Banking,111,108,95,13,13,490,46550,58.98148148,35,1,1,93,1,82,87
2022-09-05,Monday,36,September,2022,9,Ukraine,EMEA,Ukraine Hub,EMEA_RETAIL_VOICE_T2,Chat,Consumer,Support,Tier 3,E-commerce,362,380,358,22,22,507,181506,29.35263158,19,6,7,91,6,77,65
2024-05-09,Thursday,19,May,2024,3,Ireland,EMEA,Dublin,EMEA_CHAT_SUPPORT_T1,Email,Enterprise,Support,Tier 3,Retail,378,360,343,17,17,882,302526,41.65,25,10,13,71,9,75,62
2023-05-17,Wednesday,20,May,2023,19,United Kingdom,EMEA,London,CUSTOMER_SUPPORT_CHAT_T1,Email,Premium,Customer Support,Tier 1,Retail,225,255,254,1,1,298,75692,1.168627451,28,2,3,85,3,85,68
2023-01-29,Sunday,4,January,2023,15,Luxembourg,EMEA,Luxembourg Hub,EMEA_CORE_EMAIL_TIER2,Email,Consumer,Support,Tier 1,Retail,284,278,251,27,27,408,102408,39.62589928,17,3,4,74,3,92,73
2021-03-27,Saturday,12,March,2021,0,Hungary,EMEA,Hungary Hub,EMEA_RETAIL_VOICE_T2,Chat,Consumer,Support,Tier 3,Telecom,430,426,406,20,20,583,236698,27.37089202,26,8,10,86,9,89,65
2025-10-11,Saturday,41,October,2025,16,Netherlands,EMEA,Amsterdam,CUSTOMER_SUPPORT_CHAT_T1,Email,Consumer,Customer Support,Tier 3,Banking,488,481,471,10,10,560,263760,11.64241164,29,9,12,84,10,82,90
2023-09-05,Tuesday,36,September,2023,0,Russia,EMEA,Russia Hub,EMEA_CORE_EMAIL_TIER2,Voice,Consumer,Support,Tier 3,Telecom,439,437,436,1,1,389,169604,0.890160183,20,5,6,82,5,85,64
2021-05-01,Saturday,17,May,2021,18,Norway,EMEA,Norway Hub,OUTBOUND_SALES_T2,Chat,Premium,Outbound,Tier 2,E-commerce,56,66,53,13,13,464,24592,91.39393939,22,0,0,79,0,82,60
2023-05-08,Monday,19,May,2023,21,Poland,EMEA,Poland Hub,EMEA_EMAIL_SUPPORT_T3,Voice,Enterprise,Support,Tier 1,Telecom,431,443,420,23,23,527,221340,27.36117381,33,7,9,94,8,90,86
2025-01-03,Friday,1,January,2025,8,Luxembourg,EMEA,Luxembourg Hub,OUTBOUND_SALES_T2,Email,Enterprise,Outbound,Tier 3,Healthcare,354,340,324,16,16,727,235548,34.21176471,20,8,10,74,7,75,72
2021-01-06,Wednesday,1,January,2021,18,Greece,EMEA,Greece Hub,INBOUND_VOICE_TIER1,Chat,Premium,Inbound,Tier 3,Retail,51,51,49,2,2,807,39543,31.64705882,18,1,1,82,1,71,81
2021-04-12,Monday,15,April,2021,12,Germany,EMEA,Berlin,RETENTION_VOICE_T2,Chat,Enterprise,Retention,Tier 2,E-commerce,327,335,335,0,0,516,172860,0.0,15,6,7,69,5,90,62
2021-03-02,Tuesday,9,March,2021,1,South Africa,EMEA,Cape Town,OUTBOUND_SALES_T2,Chat,Consumer,Outbound,Tier 2,Healthcare,360,390,360,30,30,245,88200,18.84615385,34,3,4,92,4,72,81
2022-07-22,Friday,29,July,2022,17,Portugal,EMEA,Portugal Hub,RETENTION_VOICE_T2,Chat,Consumer,Retention,Tier 3,E-commerce,491,494,476,18,18,895,426020,32.61133603,21,14,17,90,15,75,87
2022-08-03,Wednesday,31,August,2022,12,Bulgaria,EMEA,Bulgaria Hub,EMEA_CORE_EMAIL_T2,Chat,Enterprise,Support,Tier 3,E-commerce,108,102,90,12,12,487,43830,57.29411765,16,1,1,79,1,83,82
2021-09-26,Sunday,38,September,2021,7,Hungary,EMEA,Hungary Hub,RETENTION_VOICE_T2,Voice,Consumer,Retention,Tier 1,Retail,353,359,341,18,18,394,134354,19.75487465,35,4,5,84,4,82,62
2023-09-16,Saturday,37,September,2023,2,Denmark,EMEA,Denmark Hub,EMEA_RETAIL_VOICE_T2,Voice,Consumer,Support,Tier 3,E-commerce,67,83,79,4,4,697,55063,33.59036145,24,1,1,81,1,91,73
2025-07-29,Tuesday,31,July,2025,14,Slovenia,EMEA,Slovenia Hub,CUSTOMER_SUPPORT_CHAT_T1,Email,Enterprise,Customer Support,Tier 3,E-commerce,436,441,441,0,0,515,227115,0.0,22,7,9,78,7,95,85
2023-11-22,Wednesday,47,November,2023,21,Ireland,EMEA,Dublin,TECH_SUPPORT_EMAIL_T3,Email,Consumer,Tech Support,Tier 3,Telecom,64,45,26,19,19,328,8528,138.4888889,22,0,0,90,0,90,84
2021-01-28,Thursday,4,January,2021,22,Denmark,EMEA,Denmark Hub,OUTBOUND_SALES_T2,Voice,Enterprise,Outbound,Tier 2,Banking,276,286,284,2,2,475,134900,3.321678322,17,4,5,75,4,71,76
2022-11-09,Wednesday,45,November,2022,10,Finland,EMEA,Finland Hub,RETENTION_VOICE_T2,Chat,Consumer,Retention,Tier 1,Banking,353,377,355,22,22,357,126735,20.83289125,18,4,5,91,5,87,64
2023-04-16,Sunday,15,April,2023,4,Sweden,EMEA,Sweden Hub,RETENTION_VOICE_T2,Chat,Consumer,Retention,Tier 1,Healthcare,480,472,471,1,1,425,200175,0.900423729,27,6,8,72,6,78,71
2021-12-12,Sunday,49,December,2021,21,Belgium,EMEA,Belgium Hub,TECH_SUPPORT_EMAIL_T3,Voice,Premium,Tech Support,Tier 1,Healthcare,295,298,297,1,1,495,147015,1.661073826,30,5,7,79,6,87,71
2024-02-02,Friday,5,February,2024,23,Russia,EMEA,Russia Hub,TECH_SUPPORT_EMAIL_T3,Voice,Consumer,Tech Support,Tier 1,Banking,452,450,423,27,27,200,84600,12.0,33,2,3,80,2,85,86
2022-03-15,Tuesday,11,March,2022,20,Ukraine,EMEA,Ukraine Hub,EMEA_EMAIL_SUPPORT_T3,Email,Consumer,Support,Tier 2,E-commerce,218,242,227,15,15,291,66057,18.03719008,30,2,3,79,2,72,77
2023-06-29,Thursday,26,June,2023,14,Russia,EMEA,Russia Hub,EMEA_CORE_EMAIL_TIER2,Email,Premium,Support,Tier 3,Banking,60,55,47,8,8,184,8648,26.76363636,33,0,0,78,0,91,62
2024-12-31,Tuesday,1,December,2024,12,Portugal,EMEA,Portugal Hub,EMEA_CHAT_SUPPORT_T1,Chat,Consumer,Support,Tier 2,Healthcare,399,386,373,13,13,819,305487,27.58290155,23,10,12,89,11,81,75
2021-07-06,Tuesday,27,July,2021,23,Portugal,EMEA,Portugal Hub,EMEA_RETAIL_VOICE_T2,Chat,Consumer,Support,Tier 2,Healthcare,69,49,30,19,19,639,19170,247.7755102,26,0,0,72,0,70,60
2021-05-07,Friday,18,May,2021,11,Hungary,EMEA,Hungary Hub,RETENTION_VOICE_T2,Voice,Premium,Retention,Tier 2,E-commerce,274,298,295,3,3,479,141305,4.822147651,25,4,5,94,5,86,78
2025-01-13,Monday,3,January,2025,12,Hungary,EMEA,Hungary Hub,TECH_SUPPORT_EMAIL_T3,Chat,Consumer,Tech Support,Tier 3,Healthcare,416,433,421,12,12,617,259757,17.09930716,30,9,12,92,11,88,86
2023-11-21,Tuesday,47,November,2023,20,Slovenia,EMEA,Slovenia Hub,OUTBOUND_SALES_T2,Voice,Premium,Outbound,Tier 3,Healthcare,52,75,62,13,13,770,47740,133.4666667,18,1,1,72,1,84,89
2023-06-23,Friday,25,June,2023,11,United Kingdom,EMEA,London,RETENTION_VOICE_T2,Chat,Enterprise,Retention,Tier 2,E-commerce,231,238,218,20,20,457,99626,38.40336134,20,3,4,91,4,78,60
2023-08-19,Saturday,33,August,2023,19,Ukraine,EMEA,Ukraine Hub,INBOUND_VOICE_TIER1,Email,Premium,Inbound,Tier 1,Healthcare,486,506,498,8,8,705,351090,11.14624506,33,12,16,83,13,92,70
2024-07-29,Monday,31,July,2024,22,Finland,EMEA,Finland Hub,INBOUND_VOICE_TIER1,Chat,Consumer,Inbound,Tier 3,Retail,200,205,188,17,17,661,124268,54.81463415,35,4,5,94,5,71,70
2022-02-16,Wednesday,7,February,2022,4,Romania,EMEA,Romania Hub,EMEA_RETAIL_VOICE_T2,Voice,Consumer,Support,Tier 3,E-commerce,76,94,75,19,19,429,32175,86.71276596,15,1,1,82,1,85,74
2021-11-04,Thursday,44,November,2021,21,Kenya,EMEA,Kenya Hub,OUTBOUND_SALES_T2,Chat,Consumer,Outbound,Tier 1,Telecom,222,219,197,22,22,886,174542,89.00456621,16,6,7,91,6,74,73
2021-10-21,Thursday,42,October,2021,17,South Africa,EMEA,Cape Town,INBOUND_VOICE_TIER1,Email,Premium,Inbound,Tier 2,Healthcare,72,85,81,4,4,555,44955,26.11764706,17,1,1,74,1,83,82
2022-02-16,Wednesday,7,February,2022,23,Netherlands,EMEA,Amsterdam,INBOUND_VOICE_TIER1,Chat,Enterprise,Inbound,Tier 3,Banking,152,159,146,13,13,429,62634,35.0754717,28,2,3,73,2,82,79
2022-10-01,Saturday,39,October,2022,1,France,EMEA,Paris,EMEA_RETAIL_VOICE_T2,Email,Enterprise,Support,Tier 3,Banking,209,216,197,19,19,827,162919,72.74537037,34,5,7,94,7,81,89
2022-06-21,Tuesday,25,June,2022,18,Hungary,EMEA,Hungary Hub,EMEA_CHAT_SUPPORT_T1,Email,Consumer,Support,Tier 2,Telecom,315,318,310,8,8,753,233430,18.94339623,18,8,9,69,6,83,70
2023-01-13,Friday,2,January,2023,15,Slovenia,EMEA,Slovenia Hub,OUTBOUND_SALES_T2,Chat,Consumer,Outbound,Tier 1,E-commerce,174,161,139,22,22,775,107725,105.9006211,27,3,4,69,3,75,70
2023-03-15,Wednesday,11,March,2023,19,Greece,EMEA,Greece Hub,INBOUND_VOICE_TIER1,Voice,Enterprise,Inbound,Tier 2,Healthcare,232,223,219,4,4,422,92418,7.569506727,24,3,4,78,3,72,83
2022-08-28,Sunday,34,August,2022,12,Slovakia,EMEA,Slovakia Hub,TECH_SUPPORT_EMAIL_T3,Email,Consumer,Tech Support,Tier 2,Retail,258,253,239,14,14,537,128343,29.71541502,24,4,5,65,3,82,82
2022-06-18,Saturday,24,June,2022,21,Romania,EMEA,Romania Hub,EMEA_CHAT_SUPPORT_T1,Voice,Consumer,Support,Tier 2,Retail,190,181,179,2,2,199,35621,2.198895028,35,1,1,78,1,70,72
2025-02-21,Friday,8,February,2025,1,Russia,EMEA,Russia Hub,OUTBOUND_SALES_T2,Chat,Enterprise,Outbound,Tier 1,Retail,337,364,341,23,23,886,302126,55.98351648,32,10,13,82,11,71,63
2021-04-11,Sunday,14,April,2021,11,Romania,EMEA,Romania Hub,EMEA_RETAIL_VOICE_T2,Voice,Premium,Support,Tier 2,Banking,343,356,346,10,10,866,299636,24.3258427,18,10,12,69,8,74,67
2021-10-05,Tuesday,40,October,2021,16,Netherlands,EMEA,Amsterdam,OUTBOUND_SALES_T2,Voice,Consumer,Outbound,Tier 3,E-commerce,109,102,75,27,27,384,28800,101.6470588,18,1,1,85,1,76,67
2021-03-14,Sunday,10,March,2021,6,Kenya,EMEA,Kenya Hub,EMEA_CORE_EMAIL_T2,Voice,Enterprise,Support,Tier 1,E-commerce,335,322,301,21,21,866,260666,56.47826087,25,9,11,89,10,85,86
2023-03-29,Wednesday,13,March,2023,4,Slovenia,EMEA,Slovenia Hub,TECH_SUPPORT_EMAIL_T3,Voice,Enterprise,Tech Support,Tier 3,Retail,421,448,429,19,19,291,124839,12.34151786,22,4,5,68,3,73,71
2021-03-09,Tuesday,10,March,2021,7,Luxembourg,EMEA,Luxembourg Hub,INBOUND_VOICE_TIER1,Email,Consumer,Inbound,Tier 2,Healthcare,162,189,177,12,12,804,142308,51.04761905,22,4,5,72,4,72,71
2022-05-15,Sunday,19,May,2022,15,Czech Republic,EMEA,Czech Republic Hub,RETENTION_VOICE_T2,Chat,Enterprise,Retention,Tier 2,Telecom,374,357,355,2,2,816,289680,4.571428571,19,10,12,93,11,75,63
2022-08-13,Saturday,32,August,2022,20,Luxembourg,EMEA,Luxembourg Hub,RETENTION_VOICE_T2,Email,Premium,Retention,Tier 3,E-commerce,309,312,301,11,11,292,87892,10.29487179,16,3,3,67,2,91,62
2023-04-17,Monday,16,April,2023,10,Norway,EMEA,Norway Hub,CUSTOMER_SUPPORT_CHAT_T1,Voice,Enterprise,Customer Support,Tier 2,E-commerce,233,254,232,22,22,392,90944,33.95275591,34,3,4,86,3,89,71
2023-06-06,Tuesday,23,June,2023,15,Spain,EMEA,Madrid,EMEA_CORE_EMAIL_TIER2,Email,Consumer,Support,Tier 1,Telecom,164,161,135,26,26,341,46035,55.06832298,21,1,1,81,1,71,67
2025-04-06,Sunday,14,April,2025,23,Bulgaria,EMEA,Bulgaria Hub,EMEA_RETAIL_VOICE_T2,Chat,Premium,Support,Tier 1,Banking,429,446,430,16,16,263,113090,9.434977579,17,3,4,80,3,81,79
2024-04-16,Tuesday,16,April,2024,21,Ireland,EMEA,Dublin,EMEA_CHAT_SUPPORT_T1,Email,Consumer,Support,Tier 2,Healthcare,328,328,320,8,8,184,58880,4.487804878,16,2,2,68,1,85,83
2023-09-06,Wednesday,36,September,2023,9,Luxembourg,EMEA,Luxembourg Hub,RETENTION_VOICE_T2,Voice,Consumer,Retention,Tier 2,Healthcare,489,487,482,5,5,427,205814,4.383983573,17,7,8,86,7,90,75
2024-01-27,Saturday,4,January,2024,12,Slovakia,EMEA,Slovakia Hub,EMEA_EMAIL_SUPPORT_T3,Email,Premium,Support,Tier 2,E-commerce,477,457,446,11,11,782,348772,18.82275711,31,12,16,78,12,93,75
2025-09-04,Thursday,36,September,2025,12,Ireland,EMEA,Dublin,EMEA_RETAIL_VOICE_T2,Voice,Premium,Support,Tier 2,Telecom,318,300,298,2,2,555,165390,3.7,20,5,6,93,6,81,70
2024-12-17,Tuesday,51,December,2024,8,Denmark,EMEA,Denmark Hub,OUTBOUND_SALES_T2,Email,Premium,Outbound,Tier 3,Retail,273,303,292,11,11,736,214912,26.71947195,29,7,9,85,8,90,88
2023-01-14,Saturday,2,January,2023,15,South Africa,EMEA,Cape Town,EMEA_CHAT_SUPPORT_T1,Voice,Consumer,Support,Tier 2,Telecom,242,222,219,3,3,252,55188,3.405405405,19,1,1,71,1,85,69
2022-07-18,Monday,29,July,2022,7,Israel,EMEA,Israel Hub,RETENTION_VOICE_T2,Chat,Premium,Retention,Tier 2,Banking,69,74,47,27,27,317,14899,115.6621622,16,0,0,77,0,87,86
2022-05-16,Monday,20,May,2022,14,South Africa,EMEA,Cape Town,OUTBOUND_SALES_T2,Chat,Enterprise,Outbound,Tier 3,E-commerce,177,205,191,14,14,248,47368,16.93658537,26,1,1,75,1,79,70
2023-04-29,Saturday,17,April,2023,18,Israel,EMEA,Israel Hub,INBOUND_VOICE_TIER1,Chat,Premium,Inbound,Tier 1,Retail,206,216,202,14,14,645,130290,41.80555556,23,4,5,71,4,94,78
2022-06-16,Thursday,24,June,2022,3,Spain,EMEA,Madrid,TECH_SUPPORT_EMAIL_T3,Email,Consumer,Tech Support,Tier 3,Retail,429,457,447,10,10,577,257919,12.62582057,30,8,10,82,8,70,80
2024-07-01,Monday,27,July,2024,17,Bulgaria,EMEA,Bulgaria Hub,EMEA_CORE_EMAIL_TIER2,Chat,Premium,Support,Tier 3,Healthcare,367,349,328,21,21,568,186304,34.17765043,35,6,8,68,5,72,87
2024-05-20,Monday,21,May,2024,20,Ireland,EMEA,Dublin,EMEA_CORE_EMAIL_T2,Email,Premium,Support,Tier 3,Telecom,487,487,486,1,1,513,249318,1.05338809,15,8,9,76,7,76,76
2024-02-07,Wednesday,6,February,2024,9,Slovenia,EMEA,Slovenia Hub,OUTBOUND_SALES_T2,Voice,Consumer,Outbound,Tier 1,Healthcare,479,491,461,30,30,515,237415,31.46639511,26,8,10,68,7,83,76
2022-05-02,Monday,18,May,2022,11,Ireland,EMEA,Dublin,EMEA_CORE_EMAIL_TIER2,Voice,Consumer,Support,Tier 3,Telecom,79,95,95,0,0,267,25365,0.0,21,0,0,81,0,91,79
2023-06-16,Friday,24,June,2023,3,Sweden,EMEA,Sweden Hub,TECH_SUPPORT_EMAIL_T3,Voice,Consumer,Tech Support,Tier 3,Telecom,220,232,212,20,20,822,174264,70.86206897,28,6,8,88,7,87,64
2024-05-30,Thursday,22,May,2024,21,Ireland,EMEA,Dublin,RETENTION_VOICE_T2,Chat,Premium,Retention,Tier 2,Banking,241,223,208,15,15,547,113776,36.79372197,27,3,4,89,4,80,75
2021-04-11,Sunday,14,April,2021,4,Morocco,EMEA,Morocco Hub,INBOUND_VOICE_TIER1,Chat,Premium,Inbound,Tier 2,E-commerce,80,93,91,2,2,854,77714,18.3655914,32,2,3,69,2,88,69
2025-09-09,Tuesday,37,September,2025,18,Hungary,EMEA,Hungary Hub,INBOUND_VOICE_TIER1,Email,Premium,Inbound,Tier 2,Healthcare,317,340,319,21,21,452,144188,27.91764706,28,5,6,65,4,92,90
2023-07-04,Tuesday,27,July,2023,22,Israel,EMEA,Israel Hub,EMEA_CHAT_SUPPORT_T1,Email,Enterprise,Support,Tier 2,Telecom,451,477,457,20,20,827,377939,34.67505241,15,13,15,68,10,70,61
2025-01-11,Saturday,2,January,2025,2,United Kingdom,EMEA,London,OUTBOUND_SALES_T2,Email,Premium,Outbound,Tier 2,Healthcare,482,466,445,21,21,676,300820,30.46351931,24,10,12,82,10,94,66
2024-09-08,Sunday,36,September,2024,2,Denmark,EMEA,Denmark Hub,EMEA_RETAIL_VOICE_T2,Email,Premium,Support,Tier 1,E-commerce,123,151,124,27,27,566,70184,101.205298,20,2,2,95,2,83,60
2021-07-14,Wednesday,28,July,2021,1,Finland,EMEA,Finland Hub,EMEA_RETAIL_VOICE_T2,Chat,Premium,Support,Tier 2,Retail,65,91,84,7,7,443,37212,34.07692308,31,1,1,69,1,90,63
2023-04-05,Wednesday,14,April,2023,22,Belgium,EMEA,Belgium Hub,RETENTION_VOICE_T2,Email,Enterprise,Retention,Tier 2,Retail,473,469,440,29,29,861,378840,53.23880597,24,13,16,66,11,94,82
2021-09-13,Monday,37,September,2021,5,Kenya,EMEA,Kenya Hub,EMEA_CORE_EMAIL_TIER2,Chat,Consumer,Support,Tier 1,Banking,455,445,441,4,4,720,317520,6.471910112,19,11,13,93,12,93,88
2023-03-10,Friday,10,March,2023,2,Ukraine,EMEA,Ukraine Hub,RETENTION_VOICE_T2,Chat,Premium,Retention,Tier 2,E-commerce,391,406,397,9,9,511,202867,11.32758621,18,7,8,91,7,90,71
2024-11-18,Monday,47,November,2024,2,South Africa,EMEA,Cape Town,RETENTION_VOICE_T2,Chat,Enterprise,Retention,Tier 2,Retail,242,248,228,20,20,215,49020,17.33870968,32,1,1,89,1,84,73
2025-05-08,Thursday,19,May,2025,8,Norway,EMEA,Norway Hub,RETENTION_VOICE_T2,Chat,Consumer,Retention,Tier 1,Healthcare,333,351,350,1,1,424,148400,1.207977208,27,5,6,76,5,95,87
2021-05-26,Wednesday,21,May,2021,8,United Kingdom,EMEA,London,TECH_SUPPORT_EMAIL_T3,Voice,Consumer,Tech Support,Tier 3,Retail,485,476,452,24,24,727,328604,36.65546218,20,11,13,68,9,92,75
2021-09-17,Friday,37,September,2021,22,Kenya,EMEA,Kenya Hub,EMEA_EMAIL_SUPPORT_T3,Voice,Premium,Support,Tier 2,E-commerce,285,284,257,27,27,438,112566,41.64084507,19,3,4,65,3,79,68
2023-04-03,Monday,14,April,2023,9,France,EMEA,Paris,OUTBOUND_SALES_T2,Email,Consumer,Outbound,Tier 1,E-commerce,97,100,70,30,30,210,14700,63.0,16,0,0,85,0,77,85
2023-12-05,Tuesday,49,December,2023,5,Morocco,EMEA,Morocco Hub,RETENTION_VOICE_T2,Voice,Premium,Retention,Tier 1,Telecom,137,132,124,8,8,474,58776,28.72727273,18,2,2,89,2,88,60
2025-06-10,Tuesday,24,June,2025,22,Sweden,EMEA,Sweden Hub,CUSTOMER_SUPPORT_CHAT_T1,Email,Consumer,Customer Support,Tier 1,Retail,149,133,120,13,13,896,107520,87.57894737,31,3,4,80,3,81,71
2022-10-23,Sunday,42,October,2022,1,Ukraine,EMEA,Ukraine Hub,CUSTOMER_SUPPORT_CHAT_T1,Chat,Enterprise,Customer Support,Tier 2,Healthcare,163,170,170,0,0,564,95880,0.0,21,3,4,93,4,88,80
2023-11-28,Tuesday,48,November,2023,15,South Africa,EMEA,Cape Town,INBOUND_VOICE_TIER1,Chat,Enterprise,Inbound,Tier 1,Banking,153,133,120,13,13,422,50640,41.2481203,27,1,1,67,1,90,81
2021-06-06,Sunday,22,June,2021,16,Belgium,EMEA,Belgium Hub,EMEA_EMAIL_SUPPORT_T3,Email,Consumer,Support,Tier 2,Retail,379,402,382,20,20,652,249064,32.43781095,30,8,10,85,9,92,75
2024-06-30,Sunday,26,June,2024,13,Kenya,EMEA,Kenya Hub,EMEA_CHAT_SUPPORT_T1,Voice,Consumer,Support,Tier 3,Healthcare,458,463,436,27,27,275,119900,16.03671706,20,4,5,79,4,88,80
2024-07-20,Saturday,29,July,2024,10,Russia,EMEA,Russia Hub,EMEA_CHAT_SUPPORT_T1,Email,Consumer,Support,Tier 3,Retail,71,52,46,6,6,270,12420,31.15384615,23,0,0,69,0,94,83
2021-09-09,Thursday,36,September,2021,18,Sweden,EMEA,Sweden Hub,EMEA_RETAIL_VOICE_T2,Email,Consumer,Support,Tier 1,Retail,264,289,281,8,8,809,227329,22.39446367,21,7,8,69,6,84,65
2022-05-17,Tuesday,20,May,2022,23,United Kingdom,EMEA,London,EMEA_RETAIL_VOICE_T2,Voice,Consumer,Support,Tier 2,Healthcare,371,390,375,15,15,758,284250,29.15384615,22,9,11,74,8,88,79
2025-01-29,Wednesday,5,January,2025,2,Netherlands,EMEA,Amsterdam,CUSTOMER_SUPPORT_CHAT_T1,Email,Consumer,Customer Support,Tier 1,Retail,360,380,380,0,0,738,280440,0.0,35,9,12,74,9,74,60
2021-02-15,Monday,7,February,2021,7,Czech Republic,EMEA,Czech Republic Hub,INBOUND_VOICE_TIER1,Voice,Enterprise,Inbound,Tier 3,Healthcare,379,373,373,0,0,645,240585,0.0,25,8,10,80,8,73,85
2021-01-06,Wednesday,1,January,2021,5,Kenya,EMEA,Kenya Hub,CUSTOMER_SUPPORT_CHAT_T1,Chat,Consumer,Customer Support,Tier 1,Telecom,203,209,207,2,2,323,66861,3.090909091,16,2,2,85,2,88,60
2024-08-01,Thursday,31,August,2024,0,Norway,EMEA,Norway Hub,INBOUND_VOICE_TIER1,Email,Premium,Inbound,Tier 3,Healthcare,471,482,454,28,28,350,158900,20.33195021,15,5,6,69,4,74,86
2024-10-28,Monday,44,October,2024,7,Bulgaria,EMEA,Bulgaria Hub,EMEA_CORE_EMAIL_TIER2,Chat,Consumer,Support,Tier 2,Banking,199,221,221,0,0,361,79781,0.0,34,2,3,78,2,73,60
2024-03-16,Saturday,11,March,2024,5,Spain,EMEA,Madrid,INBOUND_VOICE_TIER1,Email,Enterprise,Inbound,Tier 1,Telecom,159,141,131,10,10,838,109778,59.43262411,16,3,3,72,2,78,64
2025-09-16,Tuesday,38,September,2025,19,Turkey,EMEA,Turkey Hub,EMEA_CORE_EMAIL_T2,Email,Consumer,Support,Tier 3,Healthcare,449,471,458,13,13,760,348080,20.97664544,16,12,14,71,10,71,81
2022-08-05,Friday,31,August,2022,13,Bulgaria,EMEA,Bulgaria Hub,EMEA_RETAIL_VOICE_T2,Email,Enterprise,Support,Tier 3,Banking,145,173,172,1,1,386,66392,2.231213873,27,2,3,92,3,81,73
2023-04-19,Wednesday,16,April,2023,16,Bulgaria,EMEA,Bulgaria Hub,INBOUND_VOICE_TIER1,Chat,Consumer,Inbound,Tier 1,Banking,98,111,98,13,13,549,53802,64.2972973,17,1,1,83,1,75,75
2021-12-11,Saturday,49,December,2021,0,Bulgaria,EMEA,Bulgaria Hub,INBOUND_VOICE_TIER1,Email,Enterprise,Inbound,Tier 2,Healthcare,307,299,273,26,26,834,227682,72.52173913,26,7,9,86,8,95,65
2024-06-28,Friday,26,June,2024,3,Czech Republic,EMEA,Czech Republic Hub,INBOUND_VOICE_TIER1,Voice,Consumer,Inbound,Tier 3,Healthcare,224,205,178,27,27,792,140976,104.3121951,29,4,5,83,4,80,79
2025-05-31,Saturday,22,May,2025,5,Slovenia,EMEA,Slovenia Hub,EMEA_CHAT_SUPPORT_T1,Chat,Premium,Support,Tier 3,Telecom,274,269,268,1,1,524,140432,1.94795539,21,4,5,76,4,87,73
2024-06-01,Saturday,22,June,2024,5,Belgium,EMEA,Belgium Hub,EMEA_CORE_EMAIL_T2,Voice,Consumer,Support,Tier 2,Banking,201,184,168,16,16,232,38976,20.17391304,31,1,1,85,1,81,86
2024-10-04,Friday,40,October,2024,16,Finland,EMEA,Finland Hub,CUSTOMER_SUPPORT_CHAT_T1,Chat,Consumer,Customer Support,Tier 1,Retail,341,339,338,1,1,187,63206,0.551622419,20,2,2,73,1,71,86
2021-03-13,Saturday,10,March,2021,18,Ukraine,EMEA,Ukraine Hub,EMEA_CORE_EMAIL_TIER2,Email,Enterprise,Support,Tier 3,Retail,414,420,390,30,30,660,257400,47.14285714,17,8,9,78,7,89,65
2022-07-03,Sunday,26,July,2022,18,Italy,EMEA,Rome,RETENTION_VOICE_T2,Chat,Consumer,Retention,Tier 2,Retail,393,416,393,23,23,450,176850,24.87980769,22,6,7,82,6,72,83
2022-02-25,Friday,8,February,2022,19,Kenya,EMEA,Kenya Hub,EMEA_RETAIL_VOICE_T2,Email,Consumer,Support,Tier 3,Healthcare,432,458,443,15,15,493,218399,16.14628821,17,7,8,70,6,72,63
2025-12-31,Wednesday,1,December,2025,18,United Kingdom,EMEA,London,EMEA_CORE_EMAIL_TIER2,Email,Premium,Support,Tier 1,Healthcare,246,233,232,1,1,403,93496,1.729613734,26,3,4,76,3,71,88
2025-08-10,Sunday,32,August,2025,8,Iceland,EMEA,Iceland Hub,RETENTION_VOICE_T2,Email,Consumer,Retention,Tier 1,E-commerce,457,464,446,18,18,404,180184,15.67241379,24,6,7,79,6,79,70
2022-02-28,Monday,9,February,2022,15,Poland,EMEA,Poland Hub,EMEA_CORE_EMAIL_T2,Email,Consumer,Support,Tier 1,Healthcare,254,244,219,25,25,655,143445,67.11065574,34,4,5,91,5,84,82
2021-01-24,Sunday,3,January,2021,22,United Kingdom,EMEA,London,RETENTION_VOICE_T2,Voice,Consumer,Retention,Tier 3,E-commerce,162,163,140,23,23,637,89180,89.88343558,22,3,4,95,4,70,73
2021-10-01,Friday,39,October,2021,23,Hungary,EMEA,Hungary Hub,EMEA_CORE_EMAIL_TIER2,Voice,Consumer,Support,Tier 1,E-commerce,386,379,365,14,14,381,139065,14.07387863,20,4,5,70,4,72,84
2022-10-07,Friday,40,October,2022,7,Hungary,EMEA,Hungary Hub,OUTBOUND_SALES_T2,Chat,Premium,Outbound,Tier 2,E-commerce,364,387,360,27,27,630,226800,43.95348837,29,7,9,79,7,76,83
2025-09-18,Thursday,38,September,2025,2,Slovakia,EMEA,Slovakia Hub,INBOUND_VOICE_TIER1,Email,Consumer,Inbound,Tier 3,Healthcare,89,92,63,29,29,511,32193,161.076087,25,1,1,67,1,89,74
2024-05-18,Saturday,20,May,2024,0,Netherlands,EMEA,Amsterdam,EMEA_CORE_EMAIL_TIER2,Email,Premium,Support,Tier 1,E-commerce,428,441,414,27,27,871,360594,53.32653061,30,12,16,70,11,72,65
2022-11-11,Friday,45,November,2022,15,Poland,EMEA,Poland Hub,TECH_SUPPORT_EMAIL_T3,Chat,Premium,Tech Support,Tier 1,Healthcare,391,382,368,14,14,285,104880,10.44502618,27,3,4,68,3,94,76
2021-05-11,Tuesday,19,May,2021,1,Portugal,EMEA,Portugal Hub,RETENTION_VOICE_T2,Voice,Premium,Retention,Tier 3,E-commerce,69,73,71,2,2,750,53250,20.54794521,29,1,1,87,1,86,62
2025-04-24,Thursday,17,April,2025,11,Morocco,EMEA,Morocco Hub,OUTBOUND_SALES_T2,Voice,Premium,Outbound,Tier 2,Retail,238,268,252,16,16,495,124740,29.55223881,19,4,5,95,5,94,75
2022-01-03,Monday,1,January,2022,19,South Africa,EMEA,Cape Town,EMEA_EMAIL_SUPPORT_T3,Voice,Consumer,Support,Tier 3,Telecom,333,340,323,17,17,314,101422,15.7,32,3,4,83,3,88,64
2024-06-20,Thursday,25,June,2024,21,Greece,EMEA,Greece Hub,EMEA_CORE_EMAIL_T2,Chat,Enterprise,Support,Tier 2,Retail,295,322,298,24,24,361,107578,26.9068323,33,3,4,77,3,91,66
2022-03-21,Monday,12,March,2022,13,Ukraine,EMEA,Ukraine Hub,CUSTOMER_SUPPORT_CHAT_T1,Chat,Consumer,Customer Support,Tier 3,Retail,59,76,65,11,11,390,25350,56.44736842,29,0,0,91,0,84,77
2024-06-13,Thursday,24,June,2024,9,Ukraine,EMEA,Ukraine Hub,EMEA_CORE_EMAIL_TIER2,Voice,Premium,Support,Tier 2,Retail,140,158,142,16,16,378,53676,38.27848101,22,1,1,81,1,91,88
2022-11-20,Sunday,46,November,2022,4,Ukraine,EMEA,Ukraine Hub,TECH_SUPPORT_EMAIL_T3,Chat,Consumer,Tech Support,Tier 3,Retail,160,154,151,3,3,337,50887,6.564935065,33,1,1,89,1,75,77
2021-05-27,Thursday,21,May,2021,22,Sweden,EMEA,Sweden Hub,RETENTION_VOICE_T2,Email,Premium,Retention,Tier 1,Healthcare,252,273,249,24,24,221,55029,19.42857143,17,1,1,81,1,91,67
2021-12-07,Tuesday,49,December,2021,14,Morocco,EMEA,Morocco Hub,EMEA_EMAIL_SUPPORT_T3,Email,Consumer,Support,Tier 1,Retail,444,464,445,19,19,210,93450,8.599137931,26,3,4,68,3,86,79
2024-04-30,Tuesday,18,April,2024,14,France,EMEA,Paris,EMEA_CHAT_SUPPORT_T1,Voice,Enterprise,Support,Tier 2,Healthcare,336,328,320,8,8,442,141440,10.7804878,16,4,5,94,5,70,77
2024-02-06,Tuesday,6,February,2024,8,Portugal,EMEA,Portugal Hub,EMEA_CHAT_SUPPORT_T1,Email,Enterprise,Support,Tier 2,Telecom,204,217,197,20,20,382,75254,35.20737327,33,2,3,83,2,88,77
2023-03-08,Wednesday,10,March,2023,21,Slovenia,EMEA,Slovenia Hub,RETENTION_VOICE_T2,Voice,Enterprise,Retention,Tier 2,Telecom,254,238,232,6,6,215,49880,5.420168067,29,1,1,75,1,91,63
2024-05-07,Tuesday,19,May,2024,16,Kenya,EMEA,Kenya Hub,EMEA_CORE_EMAIL_TIER2,Voice,Consumer,Support,Tier 2,Healthcare,371,399,385,14,14,842,324170,29.54385965,24,11,14,72,10,90,74
2024-02-12,Monday,7,February,2024,16,Italy,EMEA,Rome,EMEA_RETAIL_VOICE_T2,Email,Consumer,Support,Tier 1,E-commerce,74,103,94,9,9,662,62228,57.84466019,17,2,2,66,1,78,66
2024-11-13,Wednesday,46,November,2024,1,Norway,EMEA,Norway Hub,OUTBOUND_SALES_T2,Chat,Consumer,Outbound,Tier 3,Retail,112,120,98,22,22,568,55664,104.1333333,33,1,1,83,1,95,67
2023-08-09,Wednesday,32,August,2023,8,Belgium,EMEA,Belgium Hub,EMEA_CORE_EMAIL_T2,Voice,Enterprise,Support,Tier 3,E-commerce,396,378,375,3,3,899,337125,7.134920635,30,11,14,74,10,73,78
2025-05-31,Saturday,22,May,2025,14,Iceland,EMEA,Iceland Hub,EMEA_RETAIL_VOICE_T2,Email,Enterprise,Support,Tier 3,Retail,287,285,262,23,23,857,224534,69.16140351,19,7,8,72,6,71,60
2024-03-13,Wednesday,11,March,2024,19,Belgium,EMEA,Belgium Hub,TECH_SUPPORT_EMAIL_T3,Email,Consumer,Tech Support,Tier 2,Retail,379,402,375,27,27,371,139125,24.91791045,28,4,5,74,4,79,65
2024-08-20,Tuesday,34,August,2024,8,Hungary,EMEA,Hungary Hub,EMEA_CORE_EMAIL_TIER2,Chat,Enterprise,Support,Tier 1,Banking,499,515,514,1,1,677,347978,1.314563107,20,12,14,89,12,84,90
2021-04-20,Tuesday,16,April,2021,7,Israel,EMEA,Israel Hub,EMEA_EMAIL_SUPPORT_T3,Chat,Enterprise,Support,Tier 2,Banking,209,214,199,15,15,322,64078,22.57009346,33,2,3,74,2,77,63
2023-03-18,Saturday,11,March,2023,13,Belgium,EMEA,Belgium Hub,EMEA_RETAIL_VOICE_T2,Voice,Enterprise,Support,Tier 1,Telecom,456,475,460,15,15,852,391920,26.90526316,16,13,15,71,11,92,85
2021-05-11,Tuesday,19,May,2021,6,Belgium,EMEA,Belgium Hub,OUTBOUND_SALES_T2,Email,Premium,Outbound,Tier 3,Banking,215,198,182,16,16,331,60242,26.74747475,19,2,2,76,2,89,74
2022-01-15,Saturday,2,January,2022,7,Sweden,EMEA,Sweden Hub,EMEA_RETAIL_VOICE_T2,Email,Premium,Support,Tier 1,E-commerce,450,446,446,0,0,702,313092,0.0,29,10,13,74,10,77,74
2023-05-17,Wednesday,20,May,2023,9,Kenya,EMEA,Kenya Hub,CUSTOMER_SUPPORT_CHAT_T1,Voice,Consumer,Customer Support,Tier 1,Retail,359,378,375,3,3,416,156000,3.301587302,23,5,6,92,6,76,83
2025-11-01,Saturday,44,November,2025,2,Romania,EMEA,Romania Hub,EMEA_RETAIL_VOICE_T2,Voice,Enterprise,Support,Tier 3,Banking,453,481,472,9,9,608,286976,11.37629938,15,9,10,76,8,88,75
2024-04-04,Thursday,14,April,2024,3,Netherlands,EMEA,Amsterdam,EMEA_CORE_EMAIL_TIER2,Voice,Premium,Support,Tier 3,Banking,350,340,328,12,12,446,146288,15.74117647,32,5,7,82,6,91,70
2021-09-13,Monday,37,September,2021,23,South Africa,EMEA,Cape Town,EMEA_CORE_EMAIL_T2,Voice,Enterprise,Support,Tier 3,Telecom,241,263,263,0,0,379,99677,0.0,35,3,4,75,3,85,61
2025-02-25,Tuesday,9,February,2025,16,Hungary,EMEA,Hungary Hub,EMEA_CORE_EMAIL_TIER2,Email,Premium,Support,Tier 1,Retail,460,454,446,8,8,294,131124,5.18061674,16,4,5,76,4,70,65
2023-05-01,Monday,18,May,2023,22,Israel,EMEA,Israel Hub,CUSTOMER_SUPPORT_CHAT_T1,Chat,Enterprise,Customer Support,Tier 3,Healthcare,216,212,211,1,1,812,171332,3.830188679,33,5,7,81,6,86,65
2024-08-16,Friday,33,August,2024,17,Hungary,EMEA,Hungary Hub,CUSTOMER_SUPPORT_CHAT_T1,Chat,Consumer,Customer Support,Tier 2,Healthcare,142,168,163,5,5,189,30807,5.625,26,1,1,73,1,79,87
2024-05-09,Thursday,19,May,2024,23,Czech Republic,EMEA,Czech Republic Hub,EMEA_CORE_EMAIL_T2,Chat,Enterprise,Support,Tier 2,Telecom,104,96,96,0,0,531,50976,0.0,21,1,1,92,1,77,86
2024-01-08,Monday,2,January,2024,18,Luxembourg,EMEA,Luxembourg Hub,EMEA_RETAIL_VOICE_T2,Email,Consumer,Support,Tier 3,Healthcare,59,82,56,26,26,892,49952,282.8292683,19,1,1,88,1,90,68
2023-12-19,Tuesday,51,December,2023,9,Luxembourg,EMEA,Luxembourg Hub,INBOUND_VOICE_TIER1,Chat,Premium,Inbound,Tier 1,Healthcare,245,250,233,17,17,457,106481,31.076,24,3,4,92,4,95,76
2022-10-06,Thursday,40,October,2022,20,Denmark,EMEA,Denmark Hub,EMEA_EMAIL_SUPPORT_T3,Email,Enterprise,Support,Tier 1,Healthcare,409,411,388,23,23,822,318936,46.0,26,11,14,92,13,87,70
2025-05-05,Monday,19,May,2025,11,Sweden,EMEA,Sweden Hub,TECH_SUPPORT_EMAIL_T3,Voice,Premium,Tech Support,Tier 3,Telecom,262,285,261,24,24,328,85608,27.62105263,20,2,2,93,2,90,90
2023-09-15,Friday,37,September,2023,16,Czech Republic,EMEA,Czech Republic Hub,TECH_SUPPORT_EMAIL_T3,Email,Premium,Tech Support,Tier 3,Retail,146,145,122,23,23,312,38064,49.48965517,29,1,1,81,1,72,68
2022-08-04,Thursday,31,August,2022,17,Finland,EMEA,Finland Hub,TECH_SUPPORT_EMAIL_T3,Voice,Enterprise,Tech Support,Tier 3,Banking,254,263,249,14,14,763,189987,40.61596958,28,6,8,65,5,76,82
2022-07-11,Monday,28,July,2022,7,Turkey,EMEA,Turkey Hub,EMEA_CORE_EMAIL_TIER2,Voice,Enterprise,Support,Tier 3,Healthcare,51,40,37,3,3,611,22607,45.825,23,0,0,88,0,90,75
2024-05-07,Tuesday,19,May,2024,7,Bulgaria,EMEA,Bulgaria Hub,EMEA_CORE_EMAIL_T2,Chat,Premium,Support,Tier 3,Retail,88,112,100,12,12,529,52900,56.67857143,32,1,1,84,1,77,88
2024-03-17,Sunday,11,March,2024,4,Finland,EMEA,Finland Hub,EMEA_CORE_EMAIL_T2,Email,Enterprise,Support,Tier 1,Telecom,352,334,326,8,8,835,272210,20.0,33,9,12,66,8,84,86
2023-09-06,Wednesday,36,September,2023,9,Czech Republic,EMEA,Czech Republic Hub,EMEA_RETAIL_VOICE_T2,Chat,Enterprise,Support,Tier 1,Telecom,380,400,396,4,4,711,281556,7.11,26,9,11,86,9,78,75
2023-01-04,Wednesday,1,January,2023,0,Belgium,EMEA,Belgium Hub,CUSTOMER_SUPPORT_CHAT_T1,Voice,Consumer,Customer Support,Tier 2,Telecom,60,77,75,2,2,440,33000,11.42857143,26,1,1,80,1,80,89
2023-01-10,Tuesday,2,January,2023,9,Luxembourg,EMEA,Luxembourg Hub,EMEA_RETAIL_VOICE_T2,Email,Consumer,Support,Tier 3,Banking,250,238,238,0,0,429,102102,0.0,24,3,4,81,3,85,84
2023-12-30,Saturday,52,December,2023,16,South Africa,EMEA,Cape Town,CUSTOMER_SUPPORT_CHAT_T1,Email,Enterprise,Customer Support,Tier 3,Telecom,214,241,235,6,6,849,199515,21.13692946,29,6,8,71,6,74,68
2024-09-24,Tuesday,39,September,2024,2,Portugal,EMEA,Portugal Hub,EMEA_EMAIL_SUPPORT_T3,Voice,Premium,Support,Tier 2,E-commerce,443,431,425,6,6,477,202725,6.64037123,31,7,9,80,7,78,62
2022-09-04,Sunday,35,September,2022,3,Portugal,EMEA,Portugal Hub,RETENTION_VOICE_T2,Chat,Consumer,Retention,Tier 3,Telecom,347,348,337,11,11,704,237248,22.25287356,24,8,10,77,8,84,74
2022-01-01,Saturday,52,January,2022,0,Greece,EMEA,Greece Hub,EMEA_RETAIL_VOICE_T2,Chat,Consumer,Support,Tier 3,E-commerce,86,100,71,29,29,779,55309,225.91,26,1,1,89,1,93,63
2023-07-14,Friday,28,July,2023,19,Slovenia,EMEA,Slovenia Hub,OUTBOUND_SALES_T2,Email,Enterprise,Outbound,Tier 2,Healthcare,403,417,393,24,24,614,241302,35.3381295,20,8,10,80,8,70,70
2024-03-14,Thursday,11,March,2024,23,Sweden,EMEA,Sweden Hub,EMEA_EMAIL_SUPPORT_T3,Email,Enterprise,Support,Tier 3,Retail,142,161,161,0,0,204,32844,0.0,32,1,1,81,1,74,65
2025-12-14,Sunday,50,December,2025,9,South Africa,EMEA,Cape Town,EMEA_EMAIL_SUPPORT_T3,Email,Premium,Support,Tier 1,Healthcare,396,423,395,28,28,456,180120,30.18439716,23,6,7,83,6,87,68
2021-06-16,Wednesday,24,June,2021,8,Ukraine,EMEA,Ukraine Hub,CUSTOMER_SUPPORT_CHAT_T1,Chat,Premium,Customer Support,Tier 2,E-commerce,91,106,81,25,25,391,31671,92.21698113,30,1,1,85,1,71,80
2023-07-22,Saturday,29,July,2023,12,Hungary,EMEA,Hungary Hub,EMEA_CORE_EMAIL_TIER2,Voice,Consumer,Support,Tier 2,Banking,270,273,245,28,28,676,165620,69.33333333,16,5,6,74,4,84,71
2025-02-21,Friday,8,February,2025,1,Kenya,EMEA,Kenya Hub,EMEA_CORE_EMAIL_T2,Email,Premium,Support,Tier 3,Healthcare,476,500,495,5,5,677,335115,6.77,28,11,14,90,13,75,66
2022-06-16,Thursday,24,June,2022,19,Luxembourg,EMEA,Luxembourg Hub,RETENTION_VOICE_T2,Chat,Consumer,Retention,Tier 1,Retail,368,352,323,29,29,414,133722,34.10795455,23,4,5,75,4,82,86
2025-08-17,Sunday,33,August,2025,18,Russia,EMEA,Russia Hub,EMEA_CHAT_SUPPORT_T1,Email,Premium,Support,Tier 2,Banking,434,451,438,13,13,813,356094,23.4345898,16,12,14,82,11,85,71
2025-04-08,Tuesday,15,April,2025,8,Hungary,EMEA,Hungary Hub,EMEA_CORE_EMAIL_TIER2,Chat,Enterprise,Support,Tier 3,Banking,160,155,150,5,5,263,39450,8.483870968,31,1,1,86,1,95,78
2023-03-11,Saturday,10,March,2023,8,Kenya,EMEA,Kenya Hub,CUSTOMER_SUPPORT_CHAT_T1,Email,Consumer,Customer Support,Tier 1,Banking,353,361,333,28,28,553,184149,42.89196676,32,6,8,83,7,94,81
2025-02-06,Thursday,6,February,2025,19,Bulgaria,EMEA,Bulgaria Hub,EMEA_CORE_EMAIL_T2,Voice,Premium,Support,Tier 1,E-commerce,227,227,197,30,30,709,139673,93.70044053,21,4,5,86,4,91,75
2024-12-05,Thursday,49,December,2024,23,Netherlands,EMEA,Amsterdam,CUSTOMER_SUPPORT_CHAT_T1,Voice,Enterprise,Customer Support,Tier 3,E-commerce,303,304,295,9,9,854,251930,25.28289474,28,8,10,88,9,83,82
2021-08-28,Saturday,34,August,2021,17,Slovakia,EMEA,Slovakia Hub,EMEA_EMAIL_SUPPORT_T3,Email,Premium,Support,Tier 1,Healthcare,289,281,271,10,10,328,88888,11.67259786,15,3,3,83,2,87,70
2021-12-30,Thursday,52,December,2021,11,Germany,EMEA,Berlin,EMEA_CORE_EMAIL_TIER2,Chat,Enterprise,Support,Tier 3,Retail,121,149,125,24,24,547,68375,88.10738255,18,2,2,75,2,90,67
2022-10-29,Saturday,43,October,2022,11,Finland,EMEA,Finland Hub,EMEA_CHAT_SUPPORT_T1,Chat,Enterprise,Support,Tier 2,Banking,253,268,253,15,15,874,221122,48.91791045,21,7,8,93,7,73,68
2023-04-12,Wednesday,15,April,2023,0,Russia,EMEA,Russia Hub,RETENTION_VOICE_T2,Chat,Enterprise,Retention,Tier 2,Retail,392,420,390,30,30,681,265590,48.64285714,16,9,10,67,7,90,77
2021-02-15,Monday,7,February,2021,12,Spain,EMEA,Madrid,TECH_SUPPORT_EMAIL_T3,Voice,Enterprise,Tech Support,Tier 3,E-commerce,51,53,49,4,4,450,22050,33.96226415,33,0,0,95,0,94,76
2025-01-25,Saturday,4,January,2025,3,Netherlands,EMEA,Amsterdam,EMEA_CORE_EMAIL_TIER2,Email,Enterprise,Support,Tier 3,Banking,408,392,373,19,19,823,306979,39.89030612,33,10,13,71,9,85,87
2024-07-16,Tuesday,29,July,2024,10,Germany,EMEA,Berlin,OUTBOUND_SALES_T2,Email,Consumer,Outbound,Tier 2,Healthcare,375,395,370,25,25,301,111370,19.05063291,27,3,4,79,3,72,72
2024-01-02,Tuesday,1,January,2024,5,Russia,EMEA,Russia Hub,OUTBOUND_SALES_T2,Email,Premium,Outbound,Tier 3,Telecom,320,333,323,10,10,584,188632,17.53753754,21,6,7,70,5,77,63
2022-01-24,Monday,4,January,2022,11,Portugal,EMEA,Portugal Hub,INBOUND_VOICE_TIER1,Voice,Consumer,Inbound,Tier 2,Banking,151,145,131,14,14,877,114887,84.67586207,19,3,4,66,3,95,60
2021-07-21,Wednesday,29,July,2021,14,Ukraine,EMEA,Ukraine Hub,EMEA_CHAT_SUPPORT_T1,Chat,Premium,Support,Tier 1,Healthcare,242,258,229,29,29,234,53586,26.30232558,34,1,1,74,1,91,73
2021-10-08,Friday,40,October,2021,15,Sweden,EMEA,Sweden Hub,RETENTION_VOICE_T2,Chat,Enterprise,Retention,Tier 1,Telecom,301,281,258,23,23,421,108618,34.45907473,31,3,4,82,3,89,77
2025-05-28,Wednesday,22,May,2025,14,France,EMEA,Paris,OUTBOUND_SALES_T2,Chat,Consumer,Outbound,Tier 2,Healthcare,459,440,422,18,18,209,88198,8.55,28,3,4,89,4,81,66
2023-11-24,Friday,47,November,2023,13,Greece,EMEA,Greece Hub,INBOUND_VOICE_TIER1,Chat,Premium,Inbound,Tier 3,Telecom,270,263,239,24,24,340,81260,31.02661597,33,2,3,76,2,86,77
2024-04-24,Wednesday,17,April,2024,21,Slovakia,EMEA,Slovakia Hub,INBOUND_VOICE_TIER1,Voice,Enterprise,Inbound,Tier 2,E-commerce,203,214,184,30,30,589,108376,82.57009346,21,3,4,75,3,88,80
2021-05-21,Friday,20,May,2021,5,Russia,EMEA,Russia Hub,EMEA_RETAIL_VOICE_T2,Email,Consumer,Support,Tier 2,Telecom,461,466,451,15,15,588,265188,18.92703863,20,9,11,89,10,75,82
2024-06-30,Sunday,26,June,2024,21,Kenya,EMEA,Kenya Hub,RETENTION_VOICE_T2,Voice,Enterprise,Retention,Tier 3,Healthcare,70,77,55,22,22,193,10615,55.14285714,22,0,0,92,0,93,89
2021-09-17,Friday,37,September,2021,17,Hungary,EMEA,Hungary Hub,EMEA_RETAIL_VOICE_T2,Voice,Consumer,Support,Tier 3,E-commerce,145,170,168,2,2,660,110880,7.764705882,23,3,4,86,3,90,66
2024-12-08,Sunday,49,December,2024,13,Russia,EMEA,Russia Hub,INBOUND_VOICE_TIER1,Email,Enterprise,Inbound,Tier 2,Telecom,95,104,79,25,25,435,34365,104.5673077,29,1,1,78,1,76,80
2023-02-07,Tuesday,6,February,2023,9,Turkey,EMEA,Turkey Hub,EMEA_EMAIL_SUPPORT_T3,Voice,Consumer,Support,Tier 3,Healthcare,254,234,224,10,10,796,178304,34.01709402,23,6,7,78,5,88,78
2022-03-25,Friday,12,March,2022,11,Kenya,EMEA,Kenya Hub,TECH_SUPPORT_EMAIL_T3,Email,Enterprise,Tech Support,Tier 1,Telecom,366,363,361,2,2,615,222015,3.388429752,17,7,8,91,7,95,61
2022-05-25,Wednesday,21,May,2022,21,Ukraine,EMEA,Ukraine Hub,EMEA_EMAIL_SUPPORT_T3,Chat,Consumer,Support,Tier 3,Retail,480,500,498,2,2,398,198204,1.592,24,6,7,83,6,83,76
2022-06-22,Wednesday,25,June,2022,2,Czech Republic,EMEA,Czech Republic Hub,INBOUND_VOICE_TIER1,Voice,Enterprise,Inbound,Tier 2,Retail,419,403,390,13,13,818,319020,26.38709677,33,11,15,86,13,90,64
2022-02-25,Friday,8,February,2022,2,Slovenia,EMEA,Slovenia Hub,EMEA_CORE_EMAIL_TIER2,Voice,Enterprise,Support,Tier 3,Retail,312,335,327,8,8,626,204702,14.94925373,22,7,9,72,6,73,61
2024-09-22,Sunday,38,September,2024,15,Poland,EMEA,Poland Hub,CUSTOMER_SUPPORT_CHAT_T1,Voice,Enterprise,Customer Support,Tier 1,Banking,433,442,437,5,5,755,329935,8.540723982,20,11,13,88,11,92,63
2024-06-24,Monday,26,June,2024,15,Norway,EMEA,Norway Hub,EMEA_CORE_EMAIL_TIER2,Email,Enterprise,Support,Tier 1,Telecom,264,287,287,0,0,682,195734,0.0,31,6,8,92,7,95,80
2025-12-03,Wednesday,49,December,2025,23,United Kingdom,EMEA,London,TECH_SUPPORT_EMAIL_T3,Email,Enterprise,Tech Support,Tier 2,Healthcare,69,55,26,29,29,559,14534,294.7454545,35,0,0,89,0,72,77
2022-09-19,Monday,38,September,2022,7,Belgium,EMEA,Belgium Hub,RETENTION_VOICE_T2,Email,Enterprise,Retention,Tier 1,E-commerce,122,137,121,16,16,349,42229,40.75912409,20,1,1,86,1,95,83
2022-12-16,Friday,50,December,2022,16,Hungary,EMEA,Hungary Hub,CUSTOMER_SUPPORT_CHAT_T1,Chat,Consumer,Customer Support,Tier 2,E-commerce,281,285,271,14,14,711,192681,34.92631579,34,6,8,94,8,91,90
2021-05-21,Friday,20,May,2021,14,Denmark,EMEA,Denmark Hub,OUTBOUND_SALES_T2,Email,Premium,Outbound,Tier 1,Retail,382,376,373,3,3,282,105186,2.25,23,3,4,86,3,88,67
2024-04-08,Monday,15,April,2024,5,Germany,EMEA,Berlin,EMEA_CORE_EMAIL_TIER2,Chat,Premium,Support,Tier 1,Telecom,83,101,98,3,3,491,48118,14.58415842,19,1,1,89,1,84,66
2022-05-27,Friday,21,May,2022,20,Belgium,EMEA,Belgium Hub,EMEA_EMAIL_SUPPORT_T3,Email,Consumer,Support,Tier 3,Telecom,414,404,376,28,28,317,119192,21.97029703,32,4,5,68,3,95,76
2025-01-20,Monday,4,January,2025,14,Belgium,EMEA,Belgium Hub,EMEA_RETAIL_VOICE_T2,Voice,Premium,Support,Tier 1,Telecom,176,172,151,21,21,739,111589,90.22674419,25,3,4,85,3,84,88
2025-05-08,Thursday,19,May,2025,12,Czech Republic,EMEA,Czech Republic Hub,TECH_SUPPORT_EMAIL_T3,Chat,Consumer,Tech Support,Tier 1,Healthcare,448,455,431,24,24,394,169814,20.78241758,24,5,6,71,4,79,67
2024-08-10,Saturday,32,August,2024,5,South Africa,EMEA,Cape Town,RETENTION_VOICE_T2,Chat,Enterprise,Retention,Tier 3,E-commerce,65,73,72,1,1,263,18936,3.602739726,18,0,0,86,0,74,79
2023-12-20,Wednesday,51,December,2023,18,Poland,EMEA,Poland Hub,EMEA_CORE_EMAIL_T2,Voice,Consumer,Support,Tier 3,Telecom,435,443,442,1,1,651,287742,1.469525959,33,9,12,88,11,75,69
2024-11-25,Monday,48,November,2024,21,Ireland,EMEA,Dublin,TECH_SUPPORT_EMAIL_T3,Email,Enterprise,Tech Support,Tier 1,E-commerce,85,69,42,27,27,782,32844,306.0,17,1,1,71,1,87,62
2021-01-17,Sunday,2,January,2021,16,South Africa,EMEA,Cape Town,EMEA_CORE_EMAIL_TIER2,Email,Premium,Support,Tier 3,E-commerce,428,413,385,28,28,858,330330,58.16949153,19,11,13,71,9,75,88
2023-08-31,Thursday,35,August,2023,17,Turkey,EMEA,Turkey Hub,TECH_SUPPORT_EMAIL_T3,Chat,Premium,Tech Support,Tier 3,Banking,51,74,64,10,10,839,53696,113.3783784,26,1,1,91,1,73,75
2024-12-24,Tuesday,52,December,2024,5,Hungary,EMEA,Hungary Hub,EMEA_RETAIL_VOICE_T2,Email,Enterprise,Support,Tier 3,Telecom,75,63,40,23,23,241,9640,87.98412698,27,0,0,82,0,85,83
2024-03-13,Wednesday,11,March,2024,9,Luxembourg,EMEA,Luxembourg Hub,RETENTION_VOICE_T2,Chat,Premium,Retention,Tier 2,Telecom,206,207,193,14,14,847,163471,57.28502415,24,5,6,69,4,80,89
2025-02-02,Sunday,5,February,2025,10,Kenya,EMEA,Kenya Hub,EMEA_CHAT_SUPPORT_T1,Email,Enterprise,Support,Tier 1,Retail,337,341,330,11,11,541,178530,17.4516129,26,6,8,84,7,94,62
2022-11-03,Thursday,44,November,2022,14,Belgium,EMEA,Belgium Hub,EMEA_EMAIL_SUPPORT_T3,Chat,Consumer,Support,Tier 1,Banking,357,350,326,24,24,633,206358,43.40571429,17,7,8,88,7,74,60
2023-11-06,Monday,45,November,2023,3,Slovenia,EMEA,Slovenia Hub,EMEA_CORE_EMAIL_T2,Voice,Consumer,Support,Tier 3,E-commerce,190,212,202,10,10,577,116554,27.21698113,31,4,5,87,4,83,73
2021-08-02,Monday,31,August,2021,20,Morocco,EMEA,Morocco Hub,INBOUND_VOICE_TIER1,Chat,Consumer,Inbound,Tier 2,Retail,461,455,454,1,1,772,350488,1.696703297,32,12,16,73,12,86,77
2024-04-23,Tuesday,17,April,2024,1,Italy,EMEA,Rome,EMEA_CHAT_SUPPORT_T1,Chat,Premium,Support,Tier 1,Healthcare,198,199,192,7,7,755,144960,26.55778894,24,5,6,68,4,80,85
2025-04-29,Tuesday,18,April,2025,4,Morocco,EMEA,Morocco Hub,EMEA_CHAT_SUPPORT_T1,Chat,Consumer,Support,Tier 1,E-commerce,363,375,374,1,1,738,276012,1.968,28,9,12,81,10,86,74
2023-03-24,Friday,12,March,2023,3,Finland,EMEA,Finland Hub,RETENTION_VOICE_T2,Email,Premium,Retention,Tier 3,Retail,267,293,273,20,20,286,78078,19.5221843,20,2,2,90,2,82,77
2021-10-08,Friday,40,October,2021,20,Russia,EMEA,Russia Hub,EMEA_CORE_EMAIL_TIER2,Chat,Enterprise,Support,Tier 2,Retail,472,499,481,18,18,510,245310,18.39679359,34,8,11,81,9,81,78
2022-06-14,Tuesday,24,June,2022,7,Netherlands,EMEA,Amsterdam,TECH_SUPPORT_EMAIL_T3,Voice,Consumer,Tech Support,Tier 2,Telecom,74,67,67,0,0,712,47704,0.0,20,1,1,89,1,85,78
2023-06-22,Thursday,25,June,2023,19,Spain,EMEA,Madrid,TECH_SUPPORT_EMAIL_T3,Voice,Enterprise,Tech Support,Tier 1,Healthcare,119,137,114,23,23,732,83448,122.8905109,34,2,3,75,2,81,71
2025-06-03,Tuesday,23,June,2025,16,Denmark,EMEA,Denmark Hub,INBOUND_VOICE_TIER1,Voice,Premium,Inbound,Tier 2,Telecom,99,100,83,17,17,439,36437,74.63,35,1,1,94,1,95,90
2024-05-02,Thursday,18,May,2024,11,Hungary,EMEA,Hungary Hub,EMEA_CORE_EMAIL_TIER2,Email,Premium,Support,Tier 3,Telecom,82,82,69,13,13,375,25875,59.45121951,25,0,0,84,0,89,86
2022-07-13,Wednesday,28,July,2022,3,Sweden,EMEA,Sweden Hub,EMEA_EMAIL_SUPPORT_T3,Voice,Premium,Support,Tier 1,Retail,411,394,368,26,26,844,310592,55.69543147,24,10,12,66,8,75,87
2023-08-05,Saturday,31,August,2023,20,Greece,EMEA,Greece Hub,INBOUND_VOICE_TIER1,Voice,Consumer,Inbound,Tier 3,Healthcare,276,280,261,19,19,716,186876,48.58571429,27,6,8,94,8,71,76
2025-10-02,Thursday,40,October,2025,10,Italy,EMEA,Rome,RETENTION_VOICE_T2,Email,Enterprise,Retention,Tier 1,Retail,228,219,202,17,17,866,174932,67.22374429,24,6,7,84,6,72,81
2021-11-29,Monday,48,November,2021,7,Slovenia,EMEA,Slovenia Hub,EMEA_CORE_EMAIL_T2,Chat,Premium,Support,Tier 2,Retail,324,351,333,18,18,611,203463,31.33333333,29,7,9,83,7,79,65
2024-01-18,Thursday,3,January,2024,1,Czech Republic,EMEA,Czech Republic Hub,EMEA_CORE_EMAIL_TIER2,Email,Premium,Support,Tier 3,Healthcare,255,256,226,30,30,378,85428,44.296875,20,2,2,75,2,93,82
2021-12-15,Wednesday,50,December,2021,20,Ireland,EMEA,Dublin,RETENTION_VOICE_T2,Email,Enterprise,Retention,Tier 1,Telecom,469,462,435,27,27,497,216195,29.04545455,26,7,9,85,8,95,66
2023-03-22,Wednesday,12,March,2023,7,Slovenia,EMEA,Slovenia Hub,EMEA_RETAIL_VOICE_T2,Chat,Premium,Support,Tier 2,E-commerce,267,281,255,26,26,806,205530,74.57651246,26,7,9,83,7,94,73
2025-03-06,Thursday,10,March,2025,17,Turkey,EMEA,Turkey Hub,EMEA_EMAIL_SUPPORT_T3,Chat,Premium,Support,Tier 2,Healthcare,478,474,474,0,0,811,384414,0.0,21,13,16,66,11,89,61
2022-10-03,Monday,40,October,2022,3,Netherlands,EMEA,Amsterdam,EMEA_RETAIL_VOICE_T2,Voice,Consumer,Support,Tier 3,Retail,242,267,239,28,28,714,170646,74.87640449,28,5,6,90,5,81,61
2024-09-11,Wednesday,37,September,2024,14,Finland,EMEA,Finland Hub,CUSTOMER_SUPPORT_CHAT_T1,Email,Enterprise,Customer Support,Tier 1,Banking,363,393,364,29,29,303,110292,22.35877863,32,3,4,68,3,79,70
2023-05-20,Saturday,20,May,2023,15,Luxembourg,EMEA,Luxembourg Hub,EMEA_CORE_EMAIL_TIER2,Chat,Consumer,Support,Tier 1,Retail,223,205,204,1,1,523,106692,2.551219512,19,3,4,77,3,91,78
2023-05-06,Saturday,18,May,2023,2,France,EMEA,Paris,CUSTOMER_SUPPORT_CHAT_T1,Chat,Enterprise,Customer Support,Tier 2,Healthcare,453,458,439,19,19,882,387198,36.58951965,26,13,16,85,14,86,82
2023-01-11,Wednesday,2,January,2023,11,Greece,EMEA,Greece Hub,RETENTION_VOICE_T2,Email,Premium,Retention,Tier 1,Retail,380,394,364,30,30,851,309764,64.79695431,34,10,13,93,12,71,75
2021-04-30,Friday,17,April,2021,17,Belgium,EMEA,Belgium Hub,RETENTION_VOICE_T2,Chat,Enterprise,Retention,Tier 3,E-commerce,198,190,177,13,13,430,76110,29.42105263,35,2,3,76,2,91,90
2021-06-09,Wednesday,23,June,2021,21,Bulgaria,EMEA,Bulgaria Hub,EMEA_RETAIL_VOICE_T2,Chat,Enterprise,Support,Tier 2,Banking,330,340,319,21,21,848,270512,52.37647059,25,9,11,81,9,83,63
2023-04-20,Thursday,16,April,2023,4,Spain,EMEA,Madrid,EMEA_EMAIL_SUPPORT_T3,Email,Premium,Support,Tier 2,Healthcare,72,57,42,15,15,227,9534,59.73684211,31,0,0,79,0,72,76
2023-03-01,Wednesday,9,March,2023,9,Norway,EMEA,Norway Hub,INBOUND_VOICE_TIER1,Email,Enterprise,Inbound,Tier 2,Telecom,89,71,43,28,28,597,25671,235.4366197,19,0,0,83,0,87,83
2022-05-09,Monday,19,May,2022,13,Belgium,EMEA,Belgium Hub,EMEA_CORE_EMAIL_T2,Email,Premium,Support,Tier 1,Retail,381,384,366,18,18,633,231678,29.671875,25,8,10,68,7,76,62
2022-05-05,Thursday,18,May,2022,2,Italy,EMEA,Rome,EMEA_CORE_EMAIL_TIER2,Email,Enterprise,Support,Tier 3,Retail,242,261,239,22,22,688,164432,57.99233716,22,5,6,94,6,71,62
2021-04-04,Sunday,13,April,2021,17,Iceland,EMEA,Iceland Hub,EMEA_CHAT_SUPPORT_T1,Voice,Enterprise,Support,Tier 2,E-commerce,365,351,324,27,27,876,283824,67.38461538,20,9,11,75,8,71,82
2024-11-18,Monday,47,November,2024,14,Luxembourg,EMEA,Luxembourg Hub,EMEA_RETAIL_VOICE_T2,Voice,Consumer,Support,Tier 2,Banking,391,377,364,13,13,575,209300,19.82758621,22,7,9,94,8,77,72
2022-10-20,Thursday,42,October,2022,4,Kenya,EMEA,Kenya Hub,EMEA_CORE_EMAIL_TIER2,Email,Premium,Support,Tier 2,Retail,305,335,318,17,17,831,264258,42.17014925,30,9,12,74,9,81,82
2021-01-13,Wednesday,2,January,2021,11,Belgium,EMEA,Belgium Hub,RETENTION_VOICE_T2,Voice,Premium,Retention,Tier 2,Banking,496,513,506,7,7,750,379500,10.23391813,26,13,16,77,12,74,76
2025-11-08,Saturday,45,November,2025,10,Denmark,EMEA,Denmark Hub,INBOUND_VOICE_TIER1,Chat,Premium,Inbound,Tier 3,Banking,371,375,353,22,22,722,254866,42.35733333,22,8,10,73,7,71,82
2021-05-17,Monday,20,May,2021,17,South Africa,EMEA,Cape Town,EMEA_CORE_EMAIL_TIER2,Voice,Enterprise,Support,Tier 2,Banking,396,409,385,24,24,791,304535,46.41564792,25,10,13,86,11,75,63
2024-12-05,Thursday,49,December,2024,0,Poland,EMEA,Poland Hub,EMEA_CORE_EMAIL_TIER2,Email,Enterprise,Support,Tier 1,Banking,402,415,398,17,17,896,356608,36.70361446,25,12,15,91,14,75,90
2021-05-02,Sunday,17,May,2021,20,United Kingdom,EMEA,London,EMEA_CORE_EMAIL_TIER2,Voice,Premium,Support,Tier 1,Banking,307,299,293,6,6,792,232056,15.89297659,17,8,9,79,7,77,81
2025-12-29,Monday,1,December,2025,4,Hungary,EMEA,Hungary Hub,EMEA_EMAIL_SUPPORT_T3,Voice,Premium,Support,Tier 2,Telecom,159,173,155,18,18,841,130355,87.50289017,24,4,5,82,4,92,63
2024-09-05,Thursday,36,September,2024,13,Norway,EMEA,Norway Hub,OUTBOUND_SALES_T2,Voice,Enterprise,Outbound,Tier 2,Retail,85,110,97,13,13,771,74787,91.11818182,23,2,2,71,1,81,74
2024-03-23,Saturday,12,March,2024,16,Sweden,EMEA,Sweden Hub,EMEA_RETAIL_VOICE_T2,Chat,Enterprise,Support,Tier 2,E-commerce,70,59,38,21,21,209,7942,74.38983051,20,0,0,93,0,80,62
2024-09-06,Friday,36,September,2024,2,United Kingdom,EMEA,London,TECH_SUPPORT_EMAIL_T3,Chat,Consumer,Tech Support,Tier 1,Banking,187,198,173,25,25,327,56571,41.28787879,35,1,1,74,1,82,60
2023-03-12,Sunday,10,March,2023,2,Greece,EMEA,Greece Hub,TECH_SUPPORT_EMAIL_T3,Chat,Enterprise,Tech Support,Tier 1,Healthcare,398,405,396,9,9,692,274032,15.37777778,34,9,12,70,8,92,63
2024-12-08,Sunday,49,December,2024,9,Iceland,EMEA,Iceland Hub,EMEA_CORE_EMAIL_TIER2,Email,Premium,Support,Tier 2,Retail,110,128,121,7,7,319,38599,17.4453125,18,1,1,75,1,78,70
2022-07-29,Friday,30,July,2022,15,Sweden,EMEA,Sweden Hub,EMEA_EMAIL_SUPPORT_T3,Chat,Premium,Support,Tier 1,E-commerce,455,470,455,15,15,415,188825,13.24468085,33,6,8,90,7,90,67
2022-08-18,Thursday,33,August,2022,21,Czech Republic,EMEA,Czech Republic Hub,CUSTOMER_SUPPORT_CHAT_T1,Voice,Premium,Customer Support,Tier 3,Healthcare,148,174,150,24,24,884,132600,121.9310345,26,4,5,79,4,72,85
2025-02-26,Wednesday,9,February,2025,21,Czech Republic,EMEA,Czech Republic Hub,OUTBOUND_SALES_T2,Voice,Consumer,Outbound,Tier 2,Banking,130,127,105,22,22,222,23310,38.45669291,21,0,0,87,0,73,79
2021-06-04,Friday,22,June,2021,15,Morocco,EMEA,Morocco Hub,TECH_SUPPORT_EMAIL_T3,Voice,Enterprise,Tech Support,Tier 3,Healthcare,472,469,442,27,27,880,388960,50.66098081,19,13,15,69,10,70,65
2023-10-05,Thursday,40,October,2023,21,United Kingdom,EMEA,London,EMEA_CORE_EMAIL_TIER2,Email,Enterprise,Support,Tier 2,Banking,439,420,391,29,29,312,121992,21.54285714,25,4,5,82,4,72,90
2021-12-27,Monday,52,December,2021,7,Bulgaria,EMEA,Bulgaria Hub,RETENTION_VOICE_T2,Voice,Premium,Retention,Tier 1,Healthcare,355,349,329,20,20,653,214837,37.42120344,17,7,8,80,6,78,83
2021-08-30,Monday,35,August,2021,3,Slovenia,EMEA,Slovenia Hub,TECH_SUPPORT_EMAIL_T3,Voice,Premium,Tech Support,Tier 2,Retail,311,314,293,21,21,884,259012,59.12101911,26,8,10,83,8,74,86
2025-05-11,Sunday,19,May,2025,4,Israel,EMEA,Israel Hub,EMEA_RETAIL_VOICE_T2,Email,Premium,Support,Tier 2,Telecom,249,278,269,9,9,275,73975,8.902877698,27,2,3,83,2,72,74
2025-01-29,Wednesday,5,January,2025,4,Portugal,EMEA,Portugal Hub,INBOUND_VOICE_TIER1,Voice,Consumer,Inbound,Tier 2,E-commerce,256,272,272,0,0,299,81328,0.0,27,2,3,80,2,72,80
2021-06-16,Wednesday,24,June,2021,9,Ireland,EMEA,Dublin,TECH_SUPPORT_EMAIL_T3,Chat,Enterprise,Tech Support,Tier 3,Telecom,218,200,175,25,25,242,42350,30.25,23,1,1,94,1,75,66
2023-10-25,Wednesday,43,October,2023,17,France,EMEA,Paris,EMEA_CORE_EMAIL_T2,Email,Enterprise,Support,Tier 3,Healthcare,79,77,53,24,24,525,27825,163.6363636,35,0,0,94,0,75,65
2021-12-27,Monday,52,December,2021,10,Netherlands,EMEA,Amsterdam,RETENTION_VOICE_T2,Email,Premium,Retention,Tier 2,Healthcare,290,286,261,25,25,357,93177,31.20629371,22,3,4,65,3,71,70
2025-11-28,Friday,48,November,2025,15,Italy,EMEA,Rome,EMEA_CORE_EMAIL_TIER2,Chat,Consumer,Support,Tier 3,Healthcare,186,184,162,22,22,675,109350,80.70652174,32,3,4,94,4,81,87
2021-11-22,Monday,47,November,2021,8,South Africa,EMEA,Cape Town,TECH_SUPPORT_EMAIL_T3,Chat,Consumer,Tech Support,Tier 2,Banking,251,266,244,22,22,522,127368,43.17293233,15,4,5,91,5,93,82
2025-07-21,Monday,30,July,2025,10,Slovenia,EMEA,Slovenia Hub,EMEA_CHAT_SUPPORT_T1,Chat,Enterprise,Support,Tier 2,Healthcare,129,117,107,10,10,395,42265,33.76068376,29,1,1,69,1,76,67
2021-09-04,Saturday,35,September,2021,1,Hungary,EMEA,Hungary Hub,EMEA_EMAIL_SUPPORT_T3,Chat,Consumer,Support,Tier 1,Retail,152,171,164,7,7,616,101024,25.21637427,32,3,4,82,3,73,69
2022-11-03,Thursday,44,November,2022,16,Portugal,EMEA,Portugal Hub,CUSTOMER_SUPPORT_CHAT_T1,Voice,Enterprise,Customer Support,Tier 3,Healthcare,309,330,307,23,23,304,93328,21.18787879,15,3,3,87,3,91,66
2021-10-18,Monday,42,October,2021,20,Bulgaria,EMEA,Bulgaria Hub,EMEA_EMAIL_SUPPORT_T3,Email,Enterprise,Support,Tier 3,E-commerce,228,229,218,11,11,859,187262,41.26200873,25,6,8,78,6,83,78
2023-01-11,Wednesday,2,January,2023,8,Romania,EMEA,Romania Hub,RETENTION_VOICE_T2,Email,Consumer,Retention,Tier 1,Healthcare,238,264,244,20,20,490,119560,37.12121212,20,4,5,80,4,92,76
2022-10-19,Wednesday,42,October,2022,7,Sweden,EMEA,Sweden Hub,EMEA_CHAT_SUPPORT_T1,Voice,Consumer,Support,Tier 2,Telecom,250,274,255,19,19,837,213435,58.04014599,18,7,8,91,7,95,85
2022-10-16,Sunday,41,October,2022,22,Netherlands,EMEA,Amsterdam,TECH_SUPPORT_EMAIL_T3,Email,Enterprise,Tech Support,Tier 2,Healthcare,178,162,152,10,10,744,113088,45.92592593,32,3,4,66,3,79,87
2021-07-08,Thursday,27,July,2021,10,Ireland,EMEA,Dublin,EMEA_EMAIL_SUPPORT_T3,Voice,Enterprise,Support,Tier 3,E-commerce,88,117,110,7,7,735,80850,43.97435897,30,2,3,93,3,80,66
2023-11-16,Thursday,46,November,2023,22,Iceland,EMEA,Iceland Hub,EMEA_EMAIL_SUPPORT_T3,Email,Enterprise,Support,Tier 2,E-commerce,183,198,187,11,11,271,50677,15.05555556,22,1,1,73,1,76,76
2022-08-31,Wednesday,35,August,2022,23,Iceland,EMEA,Iceland Hub,OUTBOUND_SALES_T2,Voice,Enterprise,Outbound,Tier 3,E-commerce,289,296,284,12,12,485,137740,19.66216216,25,4,5,67,3,70,82
2021-08-13,Friday,32,August,2021,20,South Africa,EMEA,Cape Town,OUTBOUND_SALES_T2,Voice,Premium,Outbound,Tier 3,Banking,391,371,356,15,15,609,216804,24.62264151,26,7,9,88,8,90,76
2024-07-27,Saturday,30,July,2024,4,Luxembourg,EMEA,Luxembourg Hub,EMEA_CHAT_SUPPORT_T1,Voice,Premium,Support,Tier 2,E-commerce,410,431,423,8,8,346,146358,6.422273782,16,5,6,95,6,91,84
2024-02-14,Wednesday,7,February,2024,16,Portugal,EMEA,Portugal Hub,OUTBOUND_SALES_T2,Chat,Consumer,Outbound,Tier 3,Telecom,340,320,303,17,17,293,88779,15.565625,19,3,4,80,3,87,76
2023-12-30,Saturday,52,December,2023,13,Russia,EMEA,Russia Hub,CUSTOMER_SUPPORT_CHAT_T1,Voice,Consumer,Customer Support,Tier 2,Banking,313,332,313,19,19,753,235689,43.09337349,16,8,9,66,6,79,82
2021-10-17,Sunday,41,October,2021,20,Bulgaria,EMEA,Bulgaria Hub,EMEA_EMAIL_SUPPORT_T3,Chat,Consumer,Support,Tier 3,Retail,63,84,82,2,2,786,64452,18.71428571,30,2,3,66,2,88,83
2022-06-06,Monday,23,June,2022,19,Netherlands,EMEA,Amsterdam,CUSTOMER_SUPPORT_CHAT_T1,Voice,Premium,Customer Support,Tier 2,Retail,147,135,111,24,24,320,35520,56.88888889,21,1,1,80,1,76,62
2024-10-13,Sunday,41,October,2024,19,Slovakia,EMEA,Slovakia Hub,CUSTOMER_SUPPORT_CHAT_T1,Chat,Premium,Customer Support,Tier 3,E-commerce,305,333,327,6,6,786,257022,14.16216216,28,8,10,95,10,80,88
2022-09-28,Wednesday,39,September,2022,8,Slovenia,EMEA,Slovenia Hub,EMEA_CORE_EMAIL_T2,Chat,Enterprise,Support,Tier 1,E-commerce,458,474,455,19,19,768,349440,30.78481013,16,12,14,83,12,94,61
2025-01-08,Wednesday,2,January,2025,16,United Kingdom,EMEA,London,EMEA_CHAT_SUPPORT_T1,Voice,Consumer,Support,Tier 2,Healthcare,433,433,410,23,23,456,186960,24.22170901,21,6,7,71,5,88,65
2023-04-03,Monday,14,April,2023,9,Slovenia,EMEA,Slovenia Hub,EMEA_CORE_EMAIL_T2,Chat,Premium,Support,Tier 2,Banking,154,173,170,3,3,696,118320,12.06936416,30,4,5,78,4,71,80
2022-04-19,Tuesday,16,April,2022,9,Belgium,EMEA,Belgium Hub,EMEA_CHAT_SUPPORT_T1,Email,Enterprise,Support,Tier 2,Telecom,194,203,195,8,8,730,142350,28.76847291,19,4,5,70,4,82,77
2021-09-01,Wednesday,35,September,2021,0,Slovakia,EMEA,Slovakia Hub,EMEA_CHAT_SUPPORT_T1,Email,Premium,Support,Tier 3,Telecom,381,386,378,8,8,621,234738,12.87046632,17,8,9,81,7,72,65
2024-09-28,Saturday,39,September,2024,15,Poland,EMEA,Poland Hub,RETENTION_VOICE_T2,Email,Consumer,Retention,Tier 2,Telecom,123,142,136,6,6,217,29512,9.169014085,35,1,1,77,1,90,80
2023-04-12,Wednesday,15,April,2023,15,Morocco,EMEA,Morocco Hub,EMEA_CHAT_SUPPORT_T1,Email,Enterprise,Support,Tier 1,Retail,429,436,409,27,27,633,258897,39.19954128,33,8,11,95,10,93,60
2022-11-27,Sunday,47,November,2022,3,Portugal,EMEA,Portugal Hub,EMEA_CORE_EMAIL_T2,Chat,Enterprise,Support,Tier 1,Retail,262,279,279,0,0,357,99603,0.0,32,3,4,91,4,77,73
2025-11-27,Thursday,48,November,2025,22,Poland,EMEA,Poland Hub,OUTBOUND_SALES_T2,Chat,Premium,Outbound,Tier 3,Healthcare,384,375,371,4,4,373,138383,3.978666667,35,4,5,82,4,95,77
2021-11-23,Tuesday,47,November,2021,6,France,EMEA,Paris,EMEA_CORE_EMAIL_T2,Voice,Premium,Support,Tier 3,Banking,490,486,456,30,30,754,343824,46.54320988,25,11,14,90,13,89,66
2025-06-01,Sunday,22,June,2025,16,Israel,EMEA,Israel Hub,RETENTION_VOICE_T2,Chat,Enterprise,Retention,Tier 3,Telecom,452,455,431,24,24,780,336180,41.14285714,23,11,14,94,13,88,90
2024-04-17,Wednesday,16,April,2024,14,Czech Republic,EMEA,Czech Republic Hub,OUTBOUND_SALES_T2,Email,Premium,Outbound,Tier 2,Healthcare,154,178,150,28,28,665,99750,104.6067416,35,3,4,81,3,87,81
2024-01-21,Sunday,3,January,2024,11,Denmark,EMEA,Denmark Hub,EMEA_CORE_EMAIL_T2,Chat,Enterprise,Support,Tier 3,Banking,205,191,189,2,2,360,68040,3.769633508,17,2,2,74,1,82,66
2024-04-30,Tuesday,18,April,2024,14,Sweden,EMEA,Sweden Hub,OUTBOUND_SALES_T2,Email,Consumer,Outbound,Tier 1,Healthcare,103,110,109,1,1,771,84039,7.009090909,30,2,3,86,3,70,76
2021-06-28,Monday,26,June,2021,10,Israel,EMEA,Israel Hub,EMEA_RETAIL_VOICE_T2,Voice,Premium,Support,Tier 1,Banking,173,172,151,21,21,853,128803,104.1453488,24,4,5,69,3,84,61
2025-08-03,Sunday,31,August,2025,2,Slovakia,EMEA,Slovakia Hub,INBOUND_VOICE_TIER1,Chat,Enterprise,Inbound,Tier 1,Telecom,230,251,245,6,6,526,128870,12.57370518,27,4,5,85,4,86,90
2023-09-09,Saturday,36,September,2023,0,France,EMEA,Paris,INBOUND_VOICE_TIER1,Email,Premium,Inbound,Tier 2,Banking,483,466,463,3,3,781,361603,5.027896996,31,12,16,85,14,85,63
2024-02-10,Saturday,6,February,2024,0,Kenya,EMEA,Kenya Hub,EMEA_RETAIL_VOICE_T2,Voice,Enterprise,Support,Tier 3,Retail,385,415,390,25,25,524,204360,31.56626506,26,7,9,70,6,94,79
2022-04-11,Monday,15,April,2022,9,Ukraine,EMEA,Ukraine Hub,EMEA_RETAIL_VOICE_T2,Voice,Premium,Support,Tier 2,E-commerce,419,445,418,27,27,583,243694,35.37303371,19,8,10,87,9,81,83
2023-06-27,Tuesday,26,June,2023,19,Israel,EMEA,Israel Hub,EMEA_CORE_EMAIL_TIER2,Email,Enterprise,Support,Tier 3,E-commerce,184,211,201,10,10,450,90450,21.32701422,31,3,4,74,3,91,74
2022-09-19,Monday,38,September,2022,12,Italy,EMEA,Rome,EMEA_CORE_EMAIL_TIER2,Email,Enterprise,Support,Tier 1,Retail,439,430,411,19,19,483,198513,21.34186047,29,6,8,73,6,80,83
2023-01-10,Tuesday,2,January,2023,6,Czech Republic,EMEA,Czech Republic Hub,RETENTION_VOICE_T2,Email,Consumer,Retention,Tier 3,Healthcare,152,150,137,13,13,764,104668,66.21333333,26,3,4,85,3,71,78
2021-12-10,Friday,49,December,2021,13,Germany,EMEA,Berlin,EMEA_RETAIL_VOICE_T2,Chat,Premium,Support,Tier 2,Healthcare,402,387,380,7,7,268,101840,4.84754522,23,3,4,68,3,76,86
2022-07-31,Sunday,30,July,2022,23,Norway,EMEA,Norway Hub,TECH_SUPPORT_EMAIL_T3,Voice,Enterprise,Tech Support,Tier 3,Healthcare,116,128,123,5,5,720,88560,28.125,27,3,4,92,4,91,78
2025-11-07,Friday,45,November,2025,9,Denmark,EMEA,Denmark Hub,RETENTION_VOICE_T2,Chat,Consumer,Retention,Tier 3,E-commerce,299,293,281,12,12,717,201477,29.36518771,25,6,8,88,7,71,88
2021-04-10,Saturday,14,April,2021,16,Morocco,EMEA,Morocco Hub,TECH_SUPPORT_EMAIL_T3,Chat,Consumer,Tech Support,Tier 2,Banking,123,150,129,21,21,359,46311,50.26,19,1,1,79,1,86,81
2023-08-31,Thursday,35,August,2023,19,United Kingdom,EMEA,London,EMEA_RETAIL_VOICE_T2,Chat,Enterprise,Support,Tier 2,E-commerce,323,322,300,22,22,602,180600,41.13043478,26,6,8,67,5,81,72
2025-09-21,Sunday,38,September,2025,6,Turkey,EMEA,Turkey Hub,EMEA_CORE_EMAIL_T2,Voice,Enterprise,Support,Tier 2,E-commerce,372,362,341,21,21,334,113894,19.37569061,32,3,4,87,3,72,74
2022-01-03,Monday,1,January,2022,22,Slovenia,EMEA,Slovenia Hub,OUTBOUND_SALES_T2,Voice,Consumer,Outbound,Tier 2,Telecom,71,98,84,14,14,585,49140,83.57142857,17,1,1,93,1,89,71
2021-12-14,Tuesday,50,December,2021,4,Morocco,EMEA,Morocco Hub,EMEA_CORE_EMAIL_TIER2,Chat,Premium,Support,Tier 1,Retail,448,460,449,11,11,620,278380,14.82608696,31,9,12,87,10,73,81
2024-02-13,Tuesday,7,February,2024,2,Slovenia,EMEA,Slovenia Hub,EMEA_RETAIL_VOICE_T2,Voice,Premium,Support,Tier 2,Telecom,53,59,53,6,6,596,31588,60.61016949,17,1,1,92,1,70,76
2022-07-29,Friday,30,July,2022,16,Greece,EMEA,Greece Hub,RETENTION_VOICE_T2,Voice,Consumer,Retention,Tier 3,Banking,279,304,281,23,23,767,215527,58.02960526,20,7,8,81,6,92,63
2021-05-22,Saturday,20,May,2021,9,Czech Republic,EMEA,Czech Republic Hub,TECH_SUPPORT_EMAIL_T3,Voice,Consumer,Tech Support,Tier 1,Banking,474,467,463,4,4,554,256502,4.745182013,22,8,10,65,7,86,84
2021-12-04,Saturday,48,December,2021,0,Slovakia,EMEA,Slovakia Hub,CUSTOMER_SUPPORT_CHAT_T1,Email,Premium,Customer Support,Tier 1,Banking,53,49,44,5,5,707,31108,72.14285714,15,1,1,74,1,85,62
2023-12-24,Sunday,51,December,2023,22,Kenya,EMEA,Kenya Hub,OUTBOUND_SALES_T2,Voice,Enterprise,Outbound,Tier 2,Banking,144,128,102,26,26,324,33048,65.8125,15,1,1,82,1,81,65
2021-05-14,Friday,19,May,2021,15,Morocco,EMEA,Morocco Hub,EMEA_CORE_EMAIL_T2,Voice,Premium,Support,Tier 3,Retail,196,177,155,22,22,514,79670,63.88700565,25,2,3,69,2,93,84
2025-01-03,Friday,1,January,2025,22,Turkey,EMEA,Turkey Hub,RETENTION_VOICE_T2,Voice,Enterprise,Retention,Tier 1,Retail,167,186,166,20,20,761,126326,81.82795699,29,4,5,81,4,76,75
2022-02-13,Sunday,6,February,2022,1,Turkey,EMEA,Turkey Hub,EMEA_CORE_EMAIL_T2,Email,Consumer,Support,Tier 1,Telecom,192,198,169,29,29,722,122018,105.7474747,26,4,5,89,4,80,81
2022-08-29,Monday,35,August,2022,17,Kenya,EMEA,Kenya Hub,RETENTION_VOICE_T2,Chat,Enterprise,Retention,Tier 3,Telecom,384,397,374,23,23,543,203082,31.45843829,20,7,8,72,6,81,77
2024-11-25,Monday,48,November,2024,2,Spain,EMEA,Madrid,EMEA_EMAIL_SUPPORT_T3,Chat,Premium,Support,Tier 3,Retail,240,220,220,0,0,596,131120,0.0,21,4,5,88,4,82,64
2025-01-19,Sunday,3,January,2025,18,Iceland,EMEA,Iceland Hub,TECH_SUPPORT_EMAIL_T3,Email,Premium,Tech Support,Tier 2,Retail,122,142,142,0,0,603,85626,0.0,28,2,3,92,3,73,78
2025-09-02,Tuesday,36,September,2025,8,Ireland,EMEA,Dublin,EMEA_RETAIL_VOICE_T2,Email,Consumer,Support,Tier 2,Banking,125,139,110,29,29,407,44770,84.91366906,21,1,1,71,1,80,71
2025-07-29,Tuesday,31,July,2025,9,Israel,EMEA,Israel Hub,EMEA_EMAIL_SUPPORT_T3,Email,Consumer,Support,Tier 3,E-commerce,394,404,398,6,6,621,247158,9.222772277,19,8,10,85,9,80,68
2023-04-25,Tuesday,17,April,2023,14,United Kingdom,EMEA,London,OUTBOUND_SALES_T2,Email,Consumer,Outbound,Tier 1,Healthcare,184,187,162,25,25,460,74520,61.4973262,34,2,3,88,3,95,85
2023-09-09,Saturday,36,September,2023,19,Netherlands,EMEA,Amsterdam,TECH_SUPPORT_EMAIL_T3,Voice,Consumer,Tech Support,Tier 2,Telecom,209,189,179,10,10,542,97018,28.67724868,30,3,4,71,3,83,64
2025-11-11,Tuesday,46,November,2025,15,Bulgaria,EMEA,Bulgaria Hub,OUTBOUND_SALES_T2,Email,Enterprise,Outbound,Tier 3,Retail,435,435,419,16,16,431,180589,15.85287356,29,6,8,76,6,76,68
2023-05-15,Monday,20,May,2023,14,Slovakia,EMEA,Slovakia Hub,EMEA_CORE_EMAIL_T2,Email,Enterprise,Support,Tier 2,Banking,413,419,394,25,25,215,84710,12.82816229,29,2,3,79,2,89,87
2022-08-13,Saturday,32,August,2022,15,Poland,EMEA,Poland Hub,CUSTOMER_SUPPORT_CHAT_T1,Email,Enterprise,Customer Support,Tier 2,E-commerce,372,377,369,8,8,439,161991,9.315649867,25,5,6,86,5,87,74
2022-07-22,Friday,29,July,2022,3,Sweden,EMEA,Sweden Hub,OUTBOUND_SALES_T2,Voice,Premium,Outbound,Tier 3,Banking,483,480,472,8,8,283,133576,4.716666667,33,4,5,93,5,78,82
2024-01-04,Thursday,1,January,2024,18,Finland,EMEA,Finland Hub,EMEA_EMAIL_SUPPORT_T3,Chat,Enterprise,Support,Tier 2,Telecom,150,179,169,10,10,306,51714,17.09497207,30,1,1,72,1,79,77
2023-05-03,Wednesday,18,May,2023,18,Sweden,EMEA,Sweden Hub,INBOUND_VOICE_TIER1,Email,Enterprise,Inbound,Tier 2,E-commerce,241,232,230,2,2,463,106490,3.99137931,25,3,4,86,3,85,75
2025-12-20,Saturday,51,December,2025,10,South Africa,EMEA,Cape Town,EMEA_CORE_EMAIL_TIER2,Chat,Consumer,Support,Tier 3,E-commerce,408,407,393,14,14,258,101394,8.874692875,20,3,4,92,4,74,63
2022-01-17,Monday,3,January,2022,9,Israel,EMEA,Israel Hub,CUSTOMER_SUPPORT_CHAT_T1,Voice,Enterprise,Customer Support,Tier 1,Healthcare,148,171,153,18,18,707,108171,74.42105263,30,3,4,90,4,74,77
2025-07-27,Sunday,30,July,2025,9,United Kingdom,EMEA,London,EMEA_EMAIL_SUPPORT_T3,Voice,Consumer,Support,Tier 2,Healthcare,91,91,82,9,9,648,53136,64.08791209,34,1,1,71,1,76,80
2025-06-24,Tuesday,26,June,2025,7,France,EMEA,Paris,EMEA_CORE_EMAIL_TIER2,Chat,Consumer,Support,Tier 2,Telecom,469,461,438,23,23,448,196224,22.35140998,26,6,8,88,7,81,62
2021-03-14,Sunday,10,March,2021,7,Morocco,EMEA,Morocco Hub,EMEA_CORE_EMAIL_TIER2,Voice,Enterprise,Support,Tier 2,Healthcare,375,366,343,23,23,898,308014,56.43169399,19,10,12,78,9,95,77
2024-08-06,Tuesday,32,August,2024,18,Hungary,EMEA,Hungary Hub,EMEA_CORE_EMAIL_TIER2,Voice,Consumer,Support,Tier 1,Healthcare,358,376,359,17,17,223,80057,10.08244681,28,2,3,69,2,95,74
2021-05-11,Tuesday,19,May,2021,9,Denmark,EMEA,Denmark Hub,CUSTOMER_SUPPORT_CHAT_T1,Email,Enterprise,Customer Support,Tier 1,Healthcare,432,425,402,23,23,505,203010,27.32941176,23,7,9,88,8,91,74
2021-01-15,Friday,2,January,2021,12,Italy,EMEA,Rome,EMEA_CHAT_SUPPORT_T1,Email,Enterprise,Support,Tier 1,Retail,128,144,134,10,10,864,115776,60.0,35,4,5,69,3,86,61
2021-05-30,Sunday,21,May,2021,14,Russia,EMEA,Russia Hub,EMEA_CORE_EMAIL_TIER2,Voice,Enterprise,Support,Tier 3,Banking,82,76,56,20,20,496,27776,130.5263158,18,0,0,81,0,85,61
2024-04-02,Tuesday,14,April,2024,15,Czech Republic,EMEA,Czech Republic Hub,OUTBOUND_SALES_T2,Chat,Consumer,Outbound,Tier 2,Healthcare,185,181,179,2,2,494,88426,5.458563536,17,3,4,69,3,83,84
2025-08-03,Sunday,31,August,2025,19,Belgium,EMEA,Belgium Hub,EMEA_RETAIL_VOICE_T2,Chat,Enterprise,Support,Tier 3,E-commerce,460,455,426,29,29,877,373602,55.8967033,27,12,15,83,12,87,76
2021-08-20,Friday,33,August,2021,14,United Kingdom,EMEA,London,EMEA_EMAIL_SUPPORT_T3,Voice,Consumer,Support,Tier 3,Telecom,140,164,161,3,3,270,43470,4.93902439,27,1,1,89,1,83,68
2023-01-15,Sunday,2,January,2023,2,Finland,EMEA,Finland Hub,EMEA_RETAIL_VOICE_T2,Voice,Consumer,Support,Tier 3,Healthcare,160,184,170,14,14,529,89930,40.25,19,3,4,82,3,81,80
2024-06-30,Sunday,26,June,2024,6,Iceland,EMEA,Iceland Hub,EMEA_CHAT_SUPPORT_T1,Email,Premium,Support,Tier 1,Healthcare,162,148,123,25,25,883,108609,149.1554054,21,3,4,85,3,88,77
2025-09-20,Saturday,38,September,2025,16,Czech Republic,EMEA,Czech Republic Hub,EMEA_CORE_EMAIL_T2,Email,Enterprise,Support,Tier 1,E-commerce,187,200,178,22,22,351,62478,38.61,20,2,2,79,2,79,85
2023-03-26,Sunday,12,March,2023,17,Czech Republic,EMEA,Czech Republic Hub,OUTBOUND_SALES_T2,Voice,Enterprise,Outbound,Tier 1,E-commerce,64,57,56,1,1,213,11928,3.736842105,31,0,0,77,0,93,73
2022-05-10,Tuesday,19,May,2022,8,France,EMEA,Paris,TECH_SUPPORT_EMAIL_T3,Email,Premium,Tech Support,Tier 2,Banking,242,236,220,16,16,382,84040,25.89830508,32,2,3,83,2,83,83
2022-03-09,Wednesday,10,March,2022,15,France,EMEA,Paris,INBOUND_VOICE_TIER1,Voice,Premium,Inbound,Tier 3,Banking,71,59,55,4,4,585,32175,39.66101695,20,1,1,73,1,93,65
2025-04-07,Monday,15,April,2025,17,Sweden,EMEA,Sweden Hub,OUTBOUND_SALES_T2,Voice,Consumer,Outbound,Tier 2,Healthcare,229,251,247,4,4,483,119301,7.697211155,27,4,5,79,4,80,77
2025-06-08,Sunday,23,June,2025,6,Slovakia,EMEA,Slovakia Hub,CUSTOMER_SUPPORT_CHAT_T1,Email,Enterprise,Customer Support,Tier 1,Telecom,202,209,185,24,24,852,157620,97.83732057,30,5,7,65,5,90,66
2023-02-06,Monday,6,February,2023,20,United Kingdom,EMEA,London,EMEA_CORE_EMAIL_TIER2,Email,Enterprise,Support,Tier 2,Retail,350,352,342,10,10,652,222984,18.52272727,18,7,8,92,7,70,63
2023-07-18,Tuesday,29,July,2023,21,Sweden,EMEA,Sweden Hub,EMEA_EMAIL_SUPPORT_T3,Chat,Enterprise,Support,Tier 3,E-commerce,122,149,147,2,2,871,128037,11.69127517,18,4,5,92,5,88,84
2025-03-09,Sunday,10,March,2025,5,Germany,EMEA,Berlin,EMEA_CORE_EMAIL_TIER2,Email,Enterprise,Support,Tier 2,Healthcare,54,40,24,16,16,530,12720,212.0,19,0,0,84,0,93,63
2025-08-08,Friday,32,August,2025,6,Spain,EMEA,Madrid,EMEA_CORE_EMAIL_T2,Chat,Consumer,Support,Tier 1,Retail,259,263,261,2,2,237,61857,1.802281369,17,2,2,95,2,70,79
2021-07-05,Monday,27,July,2021,13,Sweden,EMEA,Sweden Hub,EMEA_CORE_EMAIL_T2,Email,Enterprise,Support,Tier 1,Banking,294,302,294,8,8,530,155820,14.0397351,28,5,6,90,5,94,88
2022-08-27,Saturday,34,August,2022,12,Hungary,EMEA,Hungary Hub,EMEA_CHAT_SUPPORT_T1,Email,Premium,Support,Tier 2,Telecom,294,301,281,20,20,667,187427,44.31893688,18,6,7,80,6,81,71
2024-01-03,Wednesday,1,January,2024,20,France,EMEA,Paris,EMEA_CORE_EMAIL_TIER2,Email,Enterprise,Support,Tier 1,E-commerce,86,102,77,25,25,669,51513,163.9705882,35,1,1,77,1,75,85
2023-07-16,Sunday,28,July,2023,17,Sweden,EMEA,Sweden Hub,EMEA_RETAIL_VOICE_T2,Chat,Premium,Support,Tier 1,Banking,400,401,382,19,19,184,70288,8.718204489,21,2,2,95,2,83,86
2023-06-18,Sunday,24,June,2023,19,Luxembourg,EMEA,Luxembourg Hub,INBOUND_VOICE_TIER1,Email,Consumer,Inbound,Tier 2,Healthcare,465,486,480,6,6,359,172320,4.432098765,19,5,6,77,5,90,78
2025-03-23,Sunday,12,March,2025,3,Czech Republic,EMEA,Czech Republic Hub,OUTBOUND_SALES_T2,Chat,Enterprise,Outbound,Tier 2,Banking,425,406,405,1,1,698,282690,1.719211823,31,9,12,69,8,92,80
2022-03-18,Friday,11,March,2022,20,Sweden,EMEA,Sweden Hub,EMEA_EMAIL_SUPPORT_T3,Email,Enterprise,Support,Tier 1,E-commerce,461,470,453,17,17,457,207021,16.52978723,29,7,9,85,8,73,69
2022-01-13,Thursday,2,January,2022,14,Morocco,EMEA,Morocco Hub,EMEA_EMAIL_SUPPORT_T3,Chat,Premium,Support,Tier 2,E-commerce,212,194,189,5,5,499,94311,12.86082474,17,3,4,90,4,93,64
2023-05-20,Saturday,20,May,2023,5,Luxembourg,EMEA,Luxembourg Hub,EMEA_CHAT_SUPPORT_T1,Email,Enterprise,Support,Tier 1,Banking,224,212,190,22,22,250,47500,25.94339623,18,1,1,87,1,84,78
2024-12-05,Thursday,49,December,2024,9,Slovenia,EMEA,Slovenia Hub,CUSTOMER_SUPPORT_CHAT_T1,Voice,Consumer,Customer Support,Tier 3,Banking,455,448,438,10,10,684,299592,15.26785714,28,10,13,80,10,77,72
2022-12-01,Thursday,48,December,2022,14,Slovenia,EMEA,Slovenia Hub,RETENTION_VOICE_T2,Voice,Enterprise,Retention,Tier 2,E-commerce,70,63,43,20,20,567,24381,180.0,20,0,0,73,0,93,81
2022-12-18,Sunday,50,December,2022,1,Germany,EMEA,Berlin,EMEA_CORE_EMAIL_T2,Voice,Consumer,Support,Tier 1,E-commerce,206,212,211,1,1,772,162892,3.641509434,35,5,7,70,5,75,73
2021-05-08,Saturday,18,May,2021,4,France,EMEA,Paris,TECH_SUPPORT_EMAIL_T3,Voice,Consumer,Tech Support,Tier 3,Telecom,290,301,275,26,26,249,68475,21.50830565,18,2,2,88,2,94,87
2025-08-10,Sunday,32,August,2025,20,Romania,EMEA,Romania Hub,EMEA_CORE_EMAIL_T2,Email,Consumer,Support,Tier 3,Retail,67,68,54,14,14,404,21816,83.17647059,31,0,0,75,0,91,74
2021-06-17,Thursday,24,June,2021,2,Russia,EMEA,Russia Hub,EMEA_RETAIL_VOICE_T2,Chat,Consumer,Support,Tier 1,Banking,117,140,129,11,11,839,108231,65.92142857,28,3,4,86,3,89,66
2025-03-12,Wednesday,11,March,2025,3,Czech Republic,EMEA,Czech Republic Hub,EMEA_CHAT_SUPPORT_T1,Voice,Enterprise,Support,Tier 3,Banking,87,67,45,22,22,299,13455,98.17910448,27,0,0,84,0,73,68
2023-10-17,Tuesday,42,October,2023,2,France,EMEA,Paris,TECH_SUPPORT_EMAIL_T3,Chat,Enterprise,Tech Support,Tier 3,E-commerce,129,129,110,19,19,400,44000,58.91472868,15,1,1,94,1,72,68
2022-04-15,Friday,15,April,2022,23,Czech Republic,EMEA,Czech Republic Hub,EMEA_EMAIL_SUPPORT_T3,Chat,Premium,Support,Tier 3,Retail,455,474,464,10,10,397,184208,8.375527426,32,6,8,67,5,90,81
2023-09-01,Friday,35,September,2023,17,Belgium,EMEA,Belgium Hub,EMEA_CORE_EMAIL_TIER2,Email,Premium,Support,Tier 3,Telecom,327,323,322,1,1,419,134918,1.297213622,30,4,5,73,4,88,81
2021-05-16,Sunday,19,May,2021,6,Russia,EMEA,Russia Hub,CUSTOMER_SUPPORT_CHAT_T1,Voice,Consumer,Customer Support,Tier 1,Retail,67,63,47,16,16,317,14899,80.50793651,32,0,0,90,0,81,77
2023-09-19,Tuesday,38,September,2023,10,Czech Republic,EMEA,Czech Republic Hub,TECH_SUPPORT_EMAIL_T3,Chat,Premium,Tech Support,Tier 1,E-commerce,178,200,172,28,28,896,154112,125.44,30,5,7,77,5,74,67
2022-07-09,Saturday,27,July,2022,8,Poland,EMEA,Poland Hub,OUTBOUND_SALES_T2,Voice,Consumer,Outbound,Tier 2,Telecom,447,472,465,7,7,679,315735,10.06991525,21,10,12,82,10,71,61
2024-09-11,Wednesday,37,September,2024,6,South Africa,EMEA,Cape Town,TECH_SUPPORT_EMAIL_T3,Chat,Consumer,Tech Support,Tier 2,Telecom,369,384,362,22,22,298,107876,17.07291667,25,3,4,86,3,82,68
2025-09-21,Sunday,38,September,2025,4,Sweden,EMEA,Sweden Hub,CUSTOMER_SUPPORT_CHAT_T1,Chat,Premium,Customer Support,Tier 1,E-commerce,428,441,437,4,4,604,263948,5.47845805,26,9,11,76,8,70,79
2023-08-10,Thursday,32,August,2023,4,Sweden,EMEA,Sweden Hub,RETENTION_VOICE_T2,Voice,Enterprise,Retention,Tier 2,Telecom,96,109,82,27,27,359,29438,88.9266055,19,1,1,79,1,82,60
2023-06-09,Friday,23,June,2023,12,Ireland,EMEA,Dublin,CUSTOMER_SUPPORT_CHAT_T1,Voice,Enterprise,Customer Support,Tier 1,Retail,356,353,353,0,0,539,190267,0.0,35,6,8,80,6,95,90
2023-09-14,Thursday,37,September,2023,8,Kenya,EMEA,Kenya Hub,TECH_SUPPORT_EMAIL_T3,Chat,Premium,Tech Support,Tier 3,Banking,380,369,363,6,6,703,255189,11.43089431,35,8,11,70,8,94,89
2024-06-21,Friday,25,June,2024,13,Poland,EMEA,Poland Hub,INBOUND_VOICE_TIER1,Voice,Consumer,Inbound,Tier 3,Healthcare,67,47,40,7,7,258,10320,38.42553191,23,0,0,79,0,93,80
2023-09-01,Friday,35,September,2023,6,Luxembourg,EMEA,Luxembourg Hub,INBOUND_VOICE_TIER1,Voice,Consumer,Inbound,Tier 3,Banking,395,384,363,21,21,330,119790,18.046875,20,4,5,80,4,82,75
2022-11-23,Wednesday,47,November,2022,11,Ukraine,EMEA,Ukraine Hub,EMEA_CORE_EMAIL_TIER2,Voice,Enterprise,Support,Tier 2,Telecom,498,504,491,13,13,316,155156,8.150793651,26,5,6,66,4,93,66
2022-06-02,Thursday,22,June,2022,15,Spain,EMEA,Madrid,RETENTION_VOICE_T2,Email,Enterprise,Retention,Tier 1,Healthcare,70,86,62,24,24,811,50282,226.3255814,16,1,1,88,1,92,81
2023-10-13,Friday,41,October,2023,16,Morocco,EMEA,Morocco Hub,EMEA_RETAIL_VOICE_T2,Email,Premium,Support,Tier 1,Retail,485,485,484,1,1,550,266200,1.134020619,17,9,11,69,8,85,64
2024-06-14,Friday,24,June,2024,22,Ukraine,EMEA,Ukraine Hub,EMEA_CORE_EMAIL_T2,Chat,Enterprise,Support,Tier 3,Banking,341,370,360,10,10,854,307440,23.08108108,18,10,12,65,8,94,76
2025-07-11,Friday,28,July,2025,6,Bulgaria,EMEA,Bulgaria Hub,INBOUND_VOICE_TIER1,Chat,Enterprise,Inbound,Tier 3,Telecom,451,467,450,17,17,754,339300,27.44753747,29,11,14,92,13,71,77
2021-05-09,Sunday,18,May,2021,11,South Africa,EMEA,Cape Town,INBOUND_VOICE_TIER1,Email,Enterprise,Inbound,Tier 2,Retail,282,271,256,15,15,701,179456,38.80073801,25,6,8,74,6,91,89
2021-03-22,Monday,12,March,2021,11,Turkey,EMEA,Turkey Hub,RETENTION_VOICE_T2,Email,Consumer,Retention,Tier 3,Banking,252,269,241,28,28,730,175930,75.98513011,28,6,8,81,6,83,75
2022-04-09,Saturday,14,April,2022,0,Turkey,EMEA,Turkey Hub,CUSTOMER_SUPPORT_CHAT_T1,Chat,Enterprise,Customer Support,Tier 3,Retail,254,246,243,3,3,831,201933,10.13414634,27,7,9,82,7,94,75
2022-08-20,Saturday,33,August,2022,4,Belgium,EMEA,Belgium Hub,EMEA_CHAT_SUPPORT_T1,Voice,Premium,Support,Tier 1,Banking,422,442,437,5,5,758,331246,8.574660634,32,11,15,70,11,79,81
2021-12-01,Wednesday,48,December,2021,2,Ukraine,EMEA,Ukraine Hub,OUTBOUND_SALES_T2,Voice,Premium,Outbound,Tier 2,Healthcare,387,401,373,28,28,564,210372,39.38154613,20,7,8,79,6,88,73
2022-04-23,Saturday,16,April,2022,12,Bulgaria,EMEA,Bulgaria Hub,EMEA_EMAIL_SUPPORT_T3,Email,Premium,Support,Tier 1,Retail,446,443,428,15,15,859,367652,29.08577878,34,12,16,81,13,81,85
2025-06-17,Tuesday,25,June,2025,0,Slovakia,EMEA,Slovakia Hub,EMEA_EMAIL_SUPPORT_T3,Voice,Premium,Support,Tier 2,Retail,275,260,232,28,28,459,106488,49.43076923,22,3,4,84,3,86,85
2021-07-07,Wednesday,27,July,2021,21,Finland,EMEA,Finland Hub,OUTBOUND_SALES_T2,Chat,Enterprise,Outbound,Tier 1,E-commerce,359,353,347,6,6,360,124920,6.11898017,28,4,5,84,4,82,64
2025-02-01,Saturday,5,February,2025,15,Finland,EMEA,Finland Hub,TECH_SUPPORT_EMAIL_T3,Chat,Premium,Tech Support,Tier 2,E-commerce,116,144,128,16,16,330,42240,36.66666667,23,1,1,86,1,78,76
2024-03-18,Monday,12,March,2024,22,Sweden,EMEA,Sweden Hub,TECH_SUPPORT_EMAIL_T3,Voice,Enterprise,Tech Support,Tier 1,Healthcare,313,305,282,23,23,216,60912,16.28852459,15,2,2,81,2,70,81
2024-07-11,Thursday,28,July,2024,13,Portugal,EMEA,Portugal Hub,RETENTION_VOICE_T2,Chat,Premium,Retention,Tier 2,Healthcare,121,103,101,2,2,773,78073,15.00970874,15,2,2,83,2,90,90
2023-06-07,Wednesday,23,June,2023,11,Ukraine,EMEA,Ukraine Hub,TECH_SUPPORT_EMAIL_T3,Voice,Consumer,Tech Support,Tier 2,Banking,323,338,338,0,0,211,71318,0.0,22,2,2,79,2,85,80
2025-10-23,Thursday,43,October,2025,13,Italy,EMEA,Rome,EMEA_CORE_EMAIL_T2,Email,Enterprise,Support,Tier 3,E-commerce,150,140,135,5,5,593,80055,21.17857143,25,2,3,79,2,70,66
2024-06-10,Monday,24,June,2024,20,Denmark,EMEA,Denmark Hub,EMEA_CORE_EMAIL_T2,Voice,Premium,Support,Tier 1,Healthcare,483,464,449,15,15,772,346628,24.95689655,26,12,15,78,12,94,70
2025-04-06,Sunday,14,April,2025,11,Greece,EMEA,Greece Hub,CUSTOMER_SUPPORT_CHAT_T1,Voice,Premium,Customer Support,Tier 3,Retail,481,502,484,18,18,690,333960,24.74103586,33,11,15,80,12,87,67
2025-04-12,Saturday,15,April,2025,14,Denmark,EMEA,Denmark Hub,RETENTION_VOICE_T2,Email,Enterprise,Retention,Tier 1,Healthcare,393,391,366,25,25,412,150792,26.342711,24,5,6,90,5,88,79
2023-05-06,Saturday,18,May,2023,7,Slovakia,EMEA,Slovakia Hub,EMEA_CORE_EMAIL_T2,Email,Premium,Support,Tier 2,E-commerce,291,296,296,0,0,891,263736,0.0,29,9,12,76,9,94,66
2021-06-09,Wednesday,23,June,2021,5,Morocco,EMEA,Morocco Hub,EMEA_CORE_EMAIL_T2,Chat,Premium,Support,Tier 1,Telecom,411,433,424,9,9,442,187408,9.187066975,34,6,8,82,7,82,71
2025-12-27,Saturday,52,December,2025,23,Morocco,EMEA,Morocco Hub,OUTBOUND_SALES_T2,Voice,Premium,Outbound,Tier 2,Retail,207,235,214,21,21,774,165636,69.16595745,28,5,6,89,5,76,88
2025-03-15,Saturday,11,March,2025,5,Morocco,EMEA,Morocco Hub,CUSTOMER_SUPPORT_CHAT_T1,Voice,Premium,Customer Support,Tier 1,Retail,318,303,285,18,18,620,176700,36.83168317,32,6,8,77,6,95,77
2024-05-06,Monday,19,May,2024,2,Luxembourg,EMEA,Luxembourg Hub,OUTBOUND_SALES_T2,Email,Consumer,Outbound,Tier 1,Healthcare,95,122,93,29,29,897,83421,213.2213115,24,2,2,77,2,89,65
2021-10-11,Monday,41,October,2021,23,Luxembourg,EMEA,Luxembourg Hub,EMEA_CORE_EMAIL_TIER2,Email,Consumer,Support,Tier 1,Healthcare,204,228,209,19,19,219,45771,18.25,22,1,1,74,1,82,61
2023-01-24,Tuesday,4,January,2023,1,South Africa,EMEA,Cape Town,OUTBOUND_SALES_T2,Chat,Consumer,Outbound,Tier 3,Telecom,359,340,320,20,20,265,84800,15.58823529,33,2,3,79,2,74,85
2021-10-14,Thursday,41,October,2021,13,Iceland,EMEA,Iceland Hub,INBOUND_VOICE_TIER1,Chat,Consumer,Inbound,Tier 2,Banking,222,204,184,20,20,252,46368,24.70588235,25,1,1,77,1,75,81
2024-09-22,Sunday,38,September,2024,6,Germany,EMEA,Berlin,EMEA_EMAIL_SUPPORT_T3,Voice,Premium,Support,Tier 3,Banking,406,395,395,0,0,700,276500,0.0,17,9,11,75,8,79,82
2021-01-22,Friday,3,January,2021,13,South Africa,EMEA,Cape Town,EMEA_EMAIL_SUPPORT_T3,Chat,Premium,Support,Tier 1,Banking,296,321,311,10,10,506,157366,15.76323988,17,5,6,70,4,76,82
2021-03-14,Sunday,10,March,2021,20,Denmark,EMEA,Denmark Hub,EMEA_CHAT_SUPPORT_T1,Email,Consumer,Support,Tier 3,Telecom,78,82,75,7,7,286,21450,24.41463415,27,0,0,65,0,82,86
2023-12-31,Sunday,52,December,2023,3,Germany,EMEA,Berlin,EMEA_CORE_EMAIL_TIER2,Voice,Consumer,Support,Tier 1,Retail,348,353,324,29,29,548,177552,45.01983003,20,6,7,71,5,95,76
2021-11-10,Wednesday,45,November,2021,8,Poland,EMEA,Poland Hub,EMEA_RETAIL_VOICE_T2,Chat,Consumer,Support,Tier 3,Telecom,399,395,390,5,5,877,342030,11.10126582,27,11,14,71,10,80,78
2021-09-20,Monday,38,September,2021,10,Iceland,EMEA,Iceland Hub,RETENTION_VOICE_T2,Voice,Premium,Retention,Tier 2,E-commerce,422,407,397,10,10,766,304102,18.82063882,32,10,13,95,12,72,84
2025-11-28,Friday,48,November,2025,19,Bulgaria,EMEA,Bulgaria Hub,OUTBOUND_SALES_T2,Email,Premium,Outbound,Tier 3,Retail,322,330,303,27,27,601,182103,49.17272727,29,6,8,84,7,88,71
2025-02-18,Tuesday,8,February,2025,22,Iceland,EMEA,Iceland Hub,EMEA_CORE_EMAIL_TIER2,Voice,Consumer,Support,Tier 2,Banking,92,115,92,23,23,430,39560,86.0,19,1,1,88,1,91,83
2022-11-18,Friday,46,November,2022,6,United Kingdom,EMEA,London,RETENTION_VOICE_T2,Voice,Consumer,Retention,Tier 1,Telecom,110,103,97,6,6,737,71489,42.93203884,22,2,2,69,1,78,80
2023-11-02,Thursday,44,November,2023,8,Italy,EMEA,Rome,EMEA_RETAIL_VOICE_T2,Voice,Enterprise,Support,Tier 1,Healthcare,362,353,337,16,16,651,219387,29.50708215,24,7,9,80,7,74,62
2021-04-05,Monday,14,April,2021,0,Turkey,EMEA,Turkey Hub,EMEA_RETAIL_VOICE_T2,Chat,Consumer,Support,Tier 3,Telecom,147,160,143,17,17,859,122837,91.26875,33,4,5,88,4,87,76
2023-06-09,Friday,23,June,2023,9,Netherlands,EMEA,Amsterdam,EMEA_CHAT_SUPPORT_T1,Voice,Premium,Support,Tier 1,Retail,217,227,226,1,1,552,124752,2.431718062,28,4,5,84,4,77,67
2022-07-11,Monday,28,July,2022,13,Hungary,EMEA,Hungary Hub,EMEA_CORE_EMAIL_T2,Voice,Enterprise,Support,Tier 2,E-commerce,348,346,337,9,9,835,281395,21.71965318,23,9,11,72,8,87,88
2022-01-25,Tuesday,4,January,2022,14,Finland,EMEA,Finland Hub,INBOUND_VOICE_TIER1,Voice,Enterprise,Inbound,Tier 1,Retail,65,46,36,10,10,414,14904,90.0,33,0,0,93,0,93,85
2024-09-14,Saturday,37,September,2024,15,Turkey,EMEA,Turkey Hub,EMEA_RETAIL_VOICE_T2,Email,Enterprise,Support,Tier 2,Healthcare,426,418,398,20,20,829,329942,39.66507177,17,11,13,71,9,93,65
2023-11-19,Sunday,46,November,2023,14,Turkey,EMEA,Turkey Hub,TECH_SUPPORT_EMAIL_T3,Voice,Enterprise,Tech Support,Tier 1,Retail,409,430,416,14,14,569,236704,18.5255814,30,8,10,93,9,85,80
2023-02-28,Tuesday,9,February,2023,13,Poland,EMEA,Poland Hub,OUTBOUND_SALES_T2,Email,Premium,Outbound,Tier 3,Healthcare,423,404,378,26,26,374,141372,24.06930693,26,4,5,85,4,71,73
2021-03-15,Monday,11,March,2021,17,Ireland,EMEA,Dublin,CUSTOMER_SUPPORT_CHAT_T1,Email,Enterprise,Customer Support,Tier 2,Healthcare,266,279,277,2,2,661,183097,4.738351255,22,6,7,87,6,85,78
2023-12-14,Thursday,50,December,2023,20,Netherlands,EMEA,Amsterdam,INBOUND_VOICE_TIER1,Voice,Consumer,Inbound,Tier 3,E-commerce,360,390,378,12,12,741,280098,22.8,22,9,11,84,9,72,78
2025-01-25,Saturday,4,January,2025,4,Russia,EMEA,Russia Hub,RETENTION_VOICE_T2,Chat,Enterprise,Retention,Tier 3,Retail,52,40,21,19,19,708,14868,336.3,19,0,0,79,0,71,60
2021-03-21,Sunday,11,March,2021,12,Italy,EMEA,Rome,OUTBOUND_SALES_T2,Chat,Consumer,Outbound,Tier 1,E-commerce,119,106,76,30,30,495,37620,140.0943396,33,1,1,90,1,81,79
2024-10-29,Tuesday,44,October,2024,20,Bulgaria,EMEA,Bulgaria Hub,OUTBOUND_SALES_T2,Voice,Enterprise,Outbound,Tier 2,Banking,193,182,178,4,4,185,32930,4.065934066,35,1,1,94,1,87,81
2025-11-30,Sunday,48,November,2025,1,Czech Republic,EMEA,Czech Republic Hub,EMEA_EMAIL_SUPPORT_T3,Email,Enterprise,Support,Tier 2,E-commerce,237,259,258,1,1,395,101910,1.525096525,33,3,4,76,3,85,88
2022-08-26,Friday,34,August,2022,10,Spain,EMEA,Madrid,RETENTION_VOICE_T2,Email,Enterprise,Retention,Tier 2,Telecom,420,434,424,10,10,529,224296,12.18894009,31,7,9,81,7,91,80
2023-01-28,Saturday,4,January,2023,14,Slovenia,EMEA,Slovenia Hub,OUTBOUND_SALES_T2,Email,Premium,Outbound,Tier 3,Healthcare,153,139,132,7,7,248,32736,12.48920863,31,1,1,71,1,84,88
2025-10-07,Tuesday,41,October,2025,16,Netherlands,EMEA,Amsterdam,RETENTION_VOICE_T2,Voice,Consumer,Retention,Tier 3,Banking,282,279,264,15,15,453,119592,24.35483871,22,4,5,90,5,74,77
2022-07-13,Wednesday,28,July,2022,6,Poland,EMEA,Poland Hub,EMEA_RETAIL_VOICE_T2,Voice,Premium,Support,Tier 2,Healthcare,355,379,365,14,14,285,104025,10.52770449,18,3,4,78,3,72,90
2023-10-05,Thursday,40,October,2023,5,Morocco,EMEA,Morocco Hub,EMEA_CORE_EMAIL_T2,Chat,Premium,Support,Tier 3,Healthcare,471,470,456,14,14,593,270408,17.66382979,28,9,12,89,11,81,64
2023-10-14,Saturday,41,October,2023,12,Slovakia,EMEA,Slovakia Hub,OUTBOUND_SALES_T2,Voice,Enterprise,Outbound,Tier 3,E-commerce,165,178,175,3,3,342,59850,5.764044944,24,2,2,67,1,88,61
2021-05-19,Wednesday,20,May,2021,15,Sweden,EMEA,Sweden Hub,RETENTION_VOICE_T2,Chat,Premium,Retention,Tier 1,Banking,462,475,474,1,1,627,297198,1.32,33,10,13,67,9,84,80
2021-06-24,Thursday,25,June,2021,3,Slovakia,EMEA,Slovakia Hub,EMEA_EMAIL_SUPPORT_T3,Email,Premium,Support,Tier 1,Telecom,306,312,306,6,6,365,111690,7.019230769,30,3,4,72,3,90,78
2022-12-25,Sunday,51,December,2022,21,Portugal,EMEA,Portugal Hub,EMEA_CHAT_SUPPORT_T1,Voice,Premium,Support,Tier 3,Healthcare,340,359,354,5,5,199,70446,2.771587744,23,2,2,76,2,87,61
2025-12-20,Saturday,51,December,2025,3,Poland,EMEA,Poland Hub,TECH_SUPPORT_EMAIL_T3,Chat,Enterprise,Tech Support,Tier 2,Telecom,87,80,62,18,18,212,13144,47.7,28,0,0,94,0,70,86
2021-07-27,Tuesday,30,July,2021,2,Finland,EMEA,Finland Hub,EMEA_CHAT_SUPPORT_T1,Email,Premium,Support,Tier 1,E-commerce,349,349,345,4,4,487,168015,5.581661891,16,5,6,68,4,92,62
2025-07-11,Friday,28,July,2025,9,Belgium,EMEA,Belgium Hub,INBOUND_VOICE_TIER1,Email,Enterprise,Inbound,Tier 1,Retail,272,280,261,19,19,864,225504,58.62857143,21,7,8,69,6,89,68
2023-09-27,Wednesday,39,September,2023,9,Spain,EMEA,Madrid,INBOUND_VOICE_TIER1,Email,Enterprise,Inbound,Tier 3,Healthcare,286,289,286,3,3,880,251680,9.134948097,25,8,10,67,7,88,89
2025-07-29,Tuesday,31,July,2025,17,Finland,EMEA,Finland Hub,EMEA_CORE_EMAIL_TIER2,Email,Premium,Support,Tier 2,Banking,80,69,65,4,4,782,50830,45.33333333,15,1,1,76,1,84,85
2024-04-04,Thursday,14,April,2024,11,Morocco,EMEA,Morocco Hub,INBOUND_VOICE_TIER1,Email,Consumer,Inbound,Tier 2,Telecom,279,268,255,13,13,630,160650,30.55970149,32,5,7,95,7,73,72
2023-10-25,Wednesday,43,October,2023,0,Czech Republic,EMEA,Czech Republic Hub,RETENTION_VOICE_T2,Voice,Enterprise,Retention,Tier 1,Healthcare,65,68,46,22,22,468,21528,151.4117647,23,0,0,95,0,73,77
2022-03-03,Thursday,9,March,2022,1,Slovakia,EMEA,Slovakia Hub,EMEA_RETAIL_VOICE_T2,Chat,Enterprise,Support,Tier 3,Healthcare,434,452,443,9,9,860,380980,17.12389381,30,13,17,87,15,83,82
2022-08-21,Sunday,33,August,2022,19,Slovenia,EMEA,Slovenia Hub,EMEA_CORE_EMAIL_T2,Chat,Enterprise,Support,Tier 1,Retail,351,337,311,26,26,420,130620,32.40356083,15,4,5,91,5,78,77
2021-08-31,Tuesday,35,August,2021,4,Kenya,EMEA,Kenya Hub,EMEA_RETAIL_VOICE_T2,Chat,Enterprise,Support,Tier 1,Telecom,230,214,201,13,13,389,78189,23.63084112,34,2,3,65,2,76,74
2025-11-09,Sunday,45,November,2025,1,Portugal,EMEA,Portugal Hub,CUSTOMER_SUPPORT_CHAT_T1,Chat,Premium,Customer Support,Tier 1,Healthcare,176,185,185,0,0,808,149480,0.0,30,5,7,72,5,91,80
2024-03-05,Tuesday,10,March,2024,15,Denmark,EMEA,Denmark Hub,EMEA_EMAIL_SUPPORT_T3,Voice,Enterprise,Support,Tier 2,E-commerce,217,229,201,28,28,650,130650,79.47598253,18,4,5,93,5,88,68
2025-02-04,Tuesday,6,February,2025,1,Slovakia,EMEA,Slovakia Hub,OUTBOUND_SALES_T2,Voice,Consumer,Outbound,Tier 1,E-commerce,320,334,319,15,15,536,170984,24.07185629,23,5,6,94,6,72,75
2025-12-18,Thursday,51,December,2025,3,Romania,EMEA,Romania Hub,EMEA_RETAIL_VOICE_T2,Chat,Premium,Support,Tier 2,Banking,426,431,413,18,18,547,225911,22.84454756,33,7,9,66,6,79,74
2022-12-15,Thursday,50,December,2022,15,United Kingdom,EMEA,London,EMEA_CORE_EMAIL_TIER2,Email,Consumer,Support,Tier 1,Telecom,54,48,32,16,16,256,8192,85.33333333,31,0,0,84,0,71,90
2021-08-14,Saturday,32,August,2021,1,United Kingdom,EMEA,London,EMEA_RETAIL_VOICE_T2,Email,Enterprise,Support,Tier 2,E-commerce,252,254,232,22,22,828,192096,71.71653543,25,6,8,65,5,95,78
2021-09-24,Friday,38,September,2021,5,Germany,EMEA,Berlin,INBOUND_VOICE_TIER1,Voice,Premium,Inbound,Tier 2,Retail,187,170,144,26,26,586,84384,89.62352941,16,2,2,72,1,91,79
2022-02-07,Monday,6,February,2022,13,Israel,EMEA,Israel Hub,OUTBOUND_SALES_T2,Email,Premium,Outbound,Tier 3,Retail,224,218,215,3,3,403,86645,5.54587156,25,3,4,92,4,70,65
2022-05-07,Saturday,18,May,2022,4,Hungary,EMEA,Hungary Hub,RETENTION_VOICE_T2,Chat,Premium,Retention,Tier 2,Banking,183,179,169,10,10,236,39884,13.18435754,35,1,1,91,1,92,80
2025-11-09,Sunday,45,November,2025,15,Poland,EMEA,Poland Hub,INBOUND_VOICE_TIER1,Chat,Consumer,Inbound,Tier 1,E-commerce,211,228,217,11,11,756,164052,36.47368421,27,5,6,72,4,94,89
2023-01-24,Tuesday,4,January,2023,16,Denmark,EMEA,Denmark Hub,EMEA_CORE_EMAIL_TIER2,Chat,Premium,Support,Tier 2,Banking,61,54,47,7,7,467,21949,60.53703704,33,0,0,78,0,77,83
2022-01-20,Thursday,3,January,2022,9,Morocco,EMEA,Morocco Hub,TECH_SUPPORT_EMAIL_T3,Chat,Premium,Tech Support,Tier 1,Banking,376,356,350,6,6,507,177450,8.54494382,20,6,7,84,6,78,76
2025-11-10,Monday,46,November,2025,17,Ukraine,EMEA,Ukraine Hub,EMEA_CHAT_SUPPORT_T1,Voice,Premium,Support,Tier 3,Retail,499,489,485,4,4,286,138710,2.339468303,20,4,5,90,5,88,75
2024-11-03,Sunday,44,November,2024,22,South Africa,EMEA,Cape Town,CUSTOMER_SUPPORT_CHAT_T1,Email,Enterprise,Customer Support,Tier 2,Retail,250,268,263,5,5,792,208296,14.7761194,26,7,9,73,7,76,86
2022-05-19,Thursday,20,May,2022,11,Norway,EMEA,Norway Hub,RETENTION_VOICE_T2,Email,Premium,Retention,Tier 1,Healthcare,59,59,59,0,0,578,34102,0.0,21,1,1,93,1,90,66
2024-11-22,Friday,47,November,2024,7,Ireland,EMEA,Dublin,RETENTION_VOICE_T2,Email,Consumer,Retention,Tier 3,Healthcare,444,451,425,26,26,259,110075,14.93126386,32,3,4,73,3,89,79
2025-03-24,Monday,13,March,2025,8,Finland,EMEA,Finland Hub,INBOUND_VOICE_TIER1,Voice,Consumer,Inbound,Tier 1,E-commerce,178,185,166,19,19,442,73372,45.39459459,24,2,2,81,2,85,65
2021-09-09,Thursday,36,September,2021,5,Finland,EMEA,Finland Hub,INBOUND_VOICE_TIER1,Voice,Consumer,Inbound,Tier 1,Banking,325,316,311,5,5,530,164830,8.386075949,23,5,6,78,5,72,70
2024-02-08,Thursday,6,February,2024,1,Poland,EMEA,Poland Hub,EMEA_CORE_EMAIL_T2,Voice,Consumer,Support,Tier 2,Telecom,52,78,66,12,12,534,35244,82.15384615,21,1,1,81,1,86,79
2024-02-20,Tuesday,8,February,2024,0,Netherlands,EMEA,Amsterdam,EMEA_CHAT_SUPPORT_T1,Chat,Consumer,Support,Tier 3,Banking,328,313,302,11,11,669,202038,23.51118211,21,7,8,95,8,90,70
2022-08-21,Sunday,33,August,2022,4,Morocco,EMEA,Morocco Hub,EMEA_CORE_EMAIL_TIER2,Email,Consumer,Support,Tier 1,E-commerce,97,89,84,5,5,616,51744,34.60674157,32,1,1,74,1,84,69
2023-02-07,Tuesday,6,February,2023,10,Turkey,EMEA,Turkey Hub,TECH_SUPPORT_EMAIL_T3,Chat,Enterprise,Tech Support,Tier 2,E-commerce,467,451,436,15,15,210,91560,6.984478936,29,3,4,93,4,91,72
2023-03-31,Friday,13,March,2023,5,Luxembourg,EMEA,Luxembourg Hub,EMEA_CORE_EMAIL_T2,Email,Premium,Support,Tier 1,Banking,341,322,303,19,19,327,99081,19.29503106,24,3,4,87,3,94,70
2022-03-17,Thursday,11,March,2022,15,Ukraine,EMEA,Ukraine Hub,INBOUND_VOICE_TIER1,Email,Consumer,Inbound,Tier 1,Telecom,359,384,381,3,3,805,306705,6.2890625,15,10,12,71,9,71,87
2025-03-22,Saturday,12,March,2025,3,Greece,EMEA,Greece Hub,RETENTION_VOICE_T2,Email,Consumer,Retention,Tier 2,E-commerce,278,306,306,0,0,486,148716,0.0,28,5,6,95,6,84,81
2023-11-01,Wednesday,44,November,2023,23,Sweden,EMEA,Sweden Hub,OUTBOUND_SALES_T2,Voice,Premium,Outbound,Tier 3,Healthcare,420,401,377,24,24,888,334776,53.14713217,20,11,13,70,9,76,66
2021-12-27,Monday,52,December,2021,18,France,EMEA,Paris,RETENTION_VOICE_T2,Chat,Premium,Retention,Tier 2,Retail,267,281,262,19,19,248,64976,16.76868327,18,2,2,71,1,85,71
2024-05-31,Friday,22,May,2024,2,Russia,EMEA,Russia Hub,EMEA_CHAT_SUPPORT_T1,Voice,Premium,Support,Tier 2,E-commerce,474,503,491,12,12,643,315713,15.33996024,24,10,12,68,8,83,88
2022-07-25,Monday,30,July,2022,1,Kenya,EMEA,Kenya Hub,CUSTOMER_SUPPORT_CHAT_T1,Email,Premium,Customer Support,Tier 1,Telecom,498,486,483,3,3,628,303324,3.87654321,32,10,13,72,9,95,61
2021-08-22,Sunday,33,August,2021,9,Kenya,EMEA,Kenya Hub,EMEA_CORE_EMAIL_T2,Chat,Enterprise,Support,Tier 2,E-commerce,474,497,470,27,27,571,268370,31.02012072,22,9,11,90,10,80,80
2022-09-23,Friday,38,September,2022,9,Slovenia,EMEA,Slovenia Hub,EMEA_CHAT_SUPPORT_T1,Email,Consumer,Support,Tier 1,Healthcare,424,416,394,22,22,603,237582,31.88942308,34,8,11,68,7,92,80
2022-05-20,Friday,20,May,2022,8,Hungary,EMEA,Hungary Hub,RETENTION_VOICE_T2,Chat,Consumer,Retention,Tier 2,Telecom,481,509,503,6,6,311,156433,3.666011788,34,5,7,93,7,77,60
2022-12-03,Saturday,48,December,2022,13,Bulgaria,EMEA,Bulgaria Hub,CUSTOMER_SUPPORT_CHAT_T1,Voice,Enterprise,Customer Support,Tier 3,Retail,272,264,238,26,26,735,174930,72.38636364,20,6,7,72,5,95,84
2023-08-26,Saturday,34,August,2023,12,Greece,EMEA,Greece Hub,RETENTION_VOICE_T2,Email,Enterprise,Retention,Tier 3,Banking,221,225,206,19,19,833,171598,70.34222222,19,5,6,73,4,94,79
2024-03-18,Monday,12,March,2024,13,Kenya,EMEA,Kenya Hub,EMEA_CORE_EMAIL_TIER2,Email,Consumer,Support,Tier 3,Healthcare,465,448,418,30,30,403,168454,26.98660714,16,5,6,68,4,85,60
2025-04-15,Tuesday,16,April,2025,23,France,EMEA,Paris,EMEA_CORE_EMAIL_T2,Email,Premium,Support,Tier 2,Healthcare,214,211,194,17,17,387,75078,31.18009479,33,2,3,81,2,86,77
2023-03-10,Friday,10,March,2023,7,Slovakia,EMEA,Slovakia Hub,EMEA_RETAIL_VOICE_T2,Email,Enterprise,Support,Tier 1,Retail,480,483,464,19,19,465,215760,18.29192547,22,7,9,93,8,95,78
2024-03-30,Saturday,13,March,2024,15,Belgium,EMEA,Belgium Hub,EMEA_EMAIL_SUPPORT_T3,Email,Consumer,Support,Tier 2,Healthcare,473,455,454,1,1,546,247884,1.2,24,8,10,89,9,94,66
2025-01-14,Tuesday,3,January,2025,20,Iceland,EMEA,Iceland Hub,TECH_SUPPORT_EMAIL_T3,Email,Consumer,Tech Support,Tier 3,Retail,350,371,360,11,11,465,167400,13.78706199,27,5,6,67,4,71,88
2023-04-03,Monday,14,April,2023,18,Portugal,EMEA,Portugal Hub,INBOUND_VOICE_TIER1,Chat,Enterprise,Inbound,Tier 3,Banking,287,305,301,4,4,429,129129,5.626229508,28,4,5,88,4,71,80
2023-09-10,Sunday,36,September,2023,7,Denmark,EMEA,Denmark Hub,OUTBOUND_SALES_T2,Chat,Premium,Outbound,Tier 1,Telecom,433,461,456,5,5,372,169632,4.034707158,22,5,6,82,5,86,90
2022-10-01,Saturday,39,October,2022,9,Czech Republic,EMEA,Czech Republic Hub,TECH_SUPPORT_EMAIL_T3,Chat,Consumer,Tech Support,Tier 1,Banking,292,307,287,20,20,636,182532,41.43322476,20,6,7,85,6,95,60
2021-05-12,Wednesday,19,May,2021,0,Ukraine,EMEA,Ukraine Hub,OUTBOUND_SALES_T2,Email,Premium,Outbound,Tier 2,Banking,400,390,379,11,11,331,125449,9.335897436,18,4,5,85,4,90,82
2023-05-03,Wednesday,18,May,2023,5,France,EMEA,Paris,TECH_SUPPORT_EMAIL_T3,Email,Consumer,Tech Support,Tier 1,E-commerce,475,476,476,0,0,871,414596,0.0,21,14,17,77,13,90,75
2023-06-13,Tuesday,24,June,2023,0,Germany,EMEA,Berlin,EMEA_CORE_EMAIL_TIER2,Chat,Premium,Support,Tier 2,Retail,85,79,77,2,2,716,55132,18.12658228,21,1,1,76,1,85,90
2024-08-04,Sunday,31,August,2024,4,Germany,EMEA,Berlin,EMEA_EMAIL_SUPPORT_T3,Chat,Consumer,Support,Tier 1,Retail,475,491,488,3,3,583,284504,3.562118126,31,9,12,89,11,73,73
2025-06-14,Saturday,24,June,2025,19,Portugal,EMEA,Portugal Hub,CUSTOMER_SUPPORT_CHAT_T1,Email,Premium,Customer Support,Tier 1,E-commerce,62,58,47,11,11,570,26790,108.1034483,30,0,0,93,0,71,71
2025-12-07,Sunday,49,December,2025,21,Germany,EMEA,Berlin,EMEA_EMAIL_SUPPORT_T3,Chat,Consumer,Support,Tier 3,Retail,167,178,156,22,22,201,31356,24.84269663,25,1,1,85,1,72,76
2024-11-25,Monday,48,November,2024,17,Netherlands,EMEA,Amsterdam,RETENTION_VOICE_T2,Voice,Premium,Retention,Tier 3,Healthcare,394,393,381,12,12,250,95250,7.633587786,27,3,4,95,4,75,65
2021-04-10,Saturday,14,April,2021,0,Ukraine,EMEA,Ukraine Hub,EMEA_CHAT_SUPPORT_T1,Email,Premium,Support,Tier 1,Healthcare,202,219,217,2,2,673,146041,6.146118722,17,5,6,79,5,82,76
2024-10-09,Wednesday,41,October,2024,23,Turkey,EMEA,Turkey Hub,OUTBOUND_SALES_T2,Email,Consumer,Outbound,Tier 2,Banking,434,458,455,3,3,869,395395,5.692139738,21,13,16,78,12,88,84
2021-08-27,Friday,34,August,2021,7,Czech Republic,EMEA,Czech Republic Hub,TECH_SUPPORT_EMAIL_T3,Chat,Consumer,Tech Support,Tier 1,E-commerce,431,445,415,30,30,875,363125,58.98876404,30,12,16,93,15,74,64
2024-12-05,Thursday,49,December,2024,18,Finland,EMEA,Finland Hub,EMEA_CORE_EMAIL_TIER2,Chat,Consumer,Support,Tier 2,Telecom,149,178,162,16,16,239,38718,21.48314607,19,1,1,77,1,83,78
2024-12-30,Monday,1,December,2024,11,Sweden,EMEA,Sweden Hub,EMEA_EMAIL_SUPPORT_T3,Chat,Enterprise,Support,Tier 3,Healthcare,460,477,448,29,29,221,99008,13.4360587,24,3,4,74,3,93,68
2025-04-17,Thursday,16,April,2025,18,Slovenia,EMEA,Slovenia Hub,EMEA_EMAIL_SUPPORT_T3,Email,Premium,Support,Tier 1,Banking,453,459,433,26,26,403,174499,22.82788671,24,6,7,80,6,72,64
2023-02-22,Wednesday,8,February,2023,0,Germany,EMEA,Berlin,RETENTION_VOICE_T2,Voice,Enterprise,Retention,Tier 2,Banking,435,417,397,20,20,854,339038,40.95923261,24,11,14,66,9,84,67
2025-09-24,Wednesday,39,September,2025,10,Slovenia,EMEA,Slovenia Hub,TECH_SUPPORT_EMAIL_T3,Email,Premium,Tech Support,Tier 3,E-commerce,143,161,132,29,29,573,75636,103.2111801,24,2,2,77,2,80,70
2024-04-07,Sunday,14,April,2024,19,Czech Republic,EMEA,Czech Republic Hub,EMEA_EMAIL_SUPPORT_T3,Voice,Consumer,Support,Tier 3,Telecom,94,90,82,8,8,713,58466,63.37777778,31,2,3,71,2,94,71
2022-10-18,Tuesday,42,October,2022,1,Norway,EMEA,Norway Hub,RETENTION_VOICE_T2,Chat,Enterprise,Retention,Tier 2,Banking,279,262,237,25,25,886,209982,84.54198473,21,7,8,95,8,81,88
2022-10-22,Saturday,42,October,2022,4,Kenya,EMEA,Kenya Hub,TECH_SUPPORT_EMAIL_T3,Email,Enterprise,Tech Support,Tier 1,E-commerce,242,234,234,0,0,291,68094,0.0,34,2,3,75,2,72,74
2025-08-21,Thursday,34,August,2025,11,Belgium,EMEA,Belgium Hub,EMEA_RETAIL_VOICE_T2,Voice,Premium,Support,Tier 3,E-commerce,322,333,318,15,15,222,70596,10.0,16,2,2,70,1,74,72
2025-09-15,Monday,38,September,2025,0,Bulgaria,EMEA,Bulgaria Hub,TECH_SUPPORT_EMAIL_T3,Email,Consumer,Tech Support,Tier 1,E-commerce,293,318,309,9,9,468,144612,13.24528302,35,5,7,82,6,77,69
2023-02-27,Monday,9,February,2023,14,France,EMEA,Paris,EMEA_CORE_EMAIL_TIER2,Chat,Enterprise,Support,Tier 1,Retail,349,336,312,24,24,878,273936,62.71428571,28,9,12,92,11,90,90
2025-12-06,Saturday,49,December,2025,7,Spain,EMEA,Madrid,EMEA_CORE_EMAIL_T2,Voice,Enterprise,Support,Tier 2,Banking,200,222,216,6,6,878,189648,23.72972973,35,6,8,91,7,86,66
2023-04-27,Thursday,17,April,2023,11,Turkey,EMEA,Turkey Hub,RETENTION_VOICE_T2,Email,Enterprise,Retention,Tier 2,Banking,487,498,497,1,1,687,341439,1.379518072,19,11,13,95,12,77,76
2025-12-15,Monday,51,December,2025,1,Italy,EMEA,Rome,EMEA_RETAIL_VOICE_T2,Email,Premium,Support,Tier 3,E-commerce,243,227,205,22,22,740,151700,71.71806167,22,5,6,70,4,82,69
2022-07-28,Thursday,30,July,2022,3,Kenya,EMEA,Kenya Hub,EMEA_CORE_EMAIL_T2,Voice,Enterprise,Support,Tier 3,Healthcare,96,106,90,16,16,423,38070,63.8490566,28,1,1,94,1,84,90
2023-08-11,Friday,32,August,2023,10,South Africa,EMEA,Cape Town,OUTBOUND_SALES_T2,Chat,Consumer,Outbound,Tier 1,Healthcare,286,266,265,1,1,700,185500,2.631578947,34,6,8,83,7,75,60
2024-06-17,Monday,25,June,2024,9,Portugal,EMEA,Portugal Hub,RETENTION_VOICE_T2,Email,Consumer,Retention,Tier 1,Telecom,380,383,372,11,11,201,74772,5.772845953,30,2,3,77,2,92,75
2021-01-31,Sunday,4,January,2021,11,Russia,EMEA,Russia Hub,TECH_SUPPORT_EMAIL_T3,Email,Enterprise,Tech Support,Tier 1,E-commerce,363,377,356,21,21,319,113564,17.76923077,26,3,4,89,4,95,86
2025-08-15,Friday,33,August,2025,12,Russia,EMEA,Russia Hub,EMEA_CORE_EMAIL_TIER2,Chat,Enterprise,Support,Tier 2,Healthcare,449,445,441,4,4,199,87759,1.788764045,29,3,4,73,3,76,64
2025-04-11,Friday,15,April,2025,14,Hungary,EMEA,Hungary Hub,TECH_SUPPORT_EMAIL_T3,Chat,Enterprise,Tech Support,Tier 2,Healthcare,110,134,120,14,14,760,91200,79.40298507,35,3,4,74,3,70,74
2024-08-07,Wednesday,32,August,2024,22,Hungary,EMEA,Hungary Hub,TECH_SUPPORT_EMAIL_T3,Voice,Premium,Tech Support,Tier 2,Banking,88,91,88,3,3,570,50160,18.79120879,19,1,1,82,1,82,60
2021-12-13,Monday,50,December,2021,5,Hungary,EMEA,Hungary Hub,EMEA_CORE_EMAIL_TIER2,Voice,Premium,Support,Tier 1,Telecom,386,385,379,6,6,362,137198,5.641558442,34,4,5,70,4,94,84
2022-12-12,Monday,50,December,2022,6,Luxembourg,EMEA,Luxembourg Hub,RETENTION_VOICE_T2,Email,Consumer,Retention,Tier 2,Retail,130,110,83,27,27,655,54365,160.7727273,16,1,1,72,1,82,84
2024-02-19,Monday,8,February,2024,4,France,EMEA,Paris,RETENTION_VOICE_T2,Email,Premium,Retention,Tier 2,E-commerce,103,120,95,25,25,850,80750,177.0833333,34,2,3,91,3,72,78
2025-12-27,Saturday,52,December,2025,19,Slovakia,EMEA,Slovakia Hub,EMEA_RETAIL_VOICE_T2,Email,Enterprise,Support,Tier 2,Banking,220,200,179,21,21,893,159847,93.765,29,5,6,86,5,87,73
2021-02-23,Tuesday,8,February,2021,8,Turkey,EMEA,Turkey Hub,EMEA_CORE_EMAIL_TIER2,Email,Enterprise,Support,Tier 2,Retail,146,170,164,6,6,751,123164,26.50588235,25,4,5,95,5,83,89
2021-06-21,Monday,25,June,2021,18,Ireland,EMEA,Dublin,CUSTOMER_SUPPORT_CHAT_T1,Voice,Consumer,Customer Support,Tier 2,Banking,491,479,466,13,13,553,257698,15.00835073,20,8,10,71,7,95,71
2021-04-22,Thursday,16,April,2021,11,Hungary,EMEA,Hungary Hub,EMEA_RETAIL_VOICE_T2,Voice,Consumer,Support,Tier 1,Retail,148,140,110,30,30,350,38500,75.0,15,1,1,66,1,71,80
2025-01-02,Thursday,1,January,2025,8,Iceland,EMEA,Iceland Hub,RETENTION_VOICE_T2,Voice,Consumer,Retention,Tier 2,Retail,239,226,210,16,16,339,71190,24.0,15,2,2,69,1,88,65
2025-12-13,Saturday,50,December,2025,19,Russia,EMEA,Russia Hub,OUTBOUND_SALES_T2,Chat,Premium,Outbound,Tier 3,Telecom,263,292,278,14,14,360,100080,17.26027397,20,3,4,76,3,85,88
2021-08-07,Saturday,31,August,2021,16,Spain,EMEA,Madrid,EMEA_EMAIL_SUPPORT_T3,Chat,Premium,Support,Tier 2,Telecom,249,279,249,30,30,679,169071,73.01075269,22,5,6,72,4,76,68
2022-07-07,Thursday,27,July,2022,15,Romania,EMEA,Romania Hub,CUSTOMER_SUPPORT_CHAT_T1,Voice,Consumer,Customer Support,Tier 1,E-commerce,255,273,255,18,18,257,65535,16.94505495,20,2,2,68,1,73,75
2023-10-29,Sunday,43,October,2023,13,Luxembourg,EMEA,Luxembourg Hub,CUSTOMER_SUPPORT_CHAT_T1,Chat,Enterprise,Customer Support,Tier 1,Banking,373,362,358,4,4,188,67304,2.077348066,30,2,3,90,3,88,90
2024-10-15,Tuesday,42,October,2024,22,Turkey,EMEA,Turkey Hub,EMEA_CORE_EMAIL_T2,Voice,Enterprise,Support,Tier 3,Healthcare,172,154,128,26,26,591,75648,99.77922078,26,2,3,85,3,94,74
2025-09-24,Wednesday,39,September,2025,11,Morocco,EMEA,Morocco Hub,TECH_SUPPORT_EMAIL_T3,Voice,Premium,Tech Support,Tier 2,Telecom,428,450,421,29,29,208,87568,13.40444444,30,3,4,76,3,85,73
2025-04-30,Wednesday,18,April,2025,22,United Kingdom,EMEA,London,EMEA_CORE_EMAIL_T2,Voice,Premium,Support,Tier 1,Healthcare,168,155,130,25,25,323,41990,52.09677419,33,1,1,83,1,89,74
2024-02-23,Friday,8,February,2024,13,Romania,EMEA,Romania Hub,EMEA_CORE_EMAIL_TIER2,Chat,Enterprise,Support,Tier 1,Banking,247,275,264,11,11,716,189024,28.64,32,6,8,87,7,91,72
2023-01-16,Monday,3,January,2023,14,France,EMEA,Paris,TECH_SUPPORT_EMAIL_T3,Chat,Premium,Tech Support,Tier 3,Retail,252,255,229,26,26,634,145186,64.64313725,15,5,6,74,4,76,84
2023-05-08,Monday,19,May,2023,20,Denmark,EMEA,Denmark Hub,TECH_SUPPORT_EMAIL_T3,Voice,Premium,Tech Support,Tier 1,Banking,372,375,374,1,1,361,135014,0.962666667,25,4,5,68,3,89,74
2023-08-01,Tuesday,31,August,2023,20,Ireland,EMEA,Dublin,EMEA_CORE_EMAIL_TIER2,Email,Enterprise,Support,Tier 3,Telecom,319,336,312,24,24,368,114816,26.28571429,20,3,4,68,3,74,73
2024-12-28,Saturday,52,December,2024,1,Slovakia,EMEA,Slovakia Hub,RETENTION_VOICE_T2,Email,Premium,Retention,Tier 3,Telecom,97,114,113,1,1,335,37855,2.938596491,20,1,1,92,1,72,77
2024-10-25,Friday,43,October,2024,18,Israel,EMEA,Israel Hub,EMEA_CORE_EMAIL_T2,Email,Consumer,Support,Tier 2,Banking,340,365,357,8,8,798,284886,17.49041096,19,9,11,73,8,84,71
2024-03-14,Thursday,11,March,2024,13,Russia,EMEA,Russia Hub,TECH_SUPPORT_EMAIL_T3,Voice,Consumer,Tech Support,Tier 3,Telecom,443,464,442,22,22,441,194922,20.90948276,27,6,8,71,6,85,89
2023-08-12,Saturday,32,August,2023,23,Bulgaria,EMEA,Bulgaria Hub,OUTBOUND_SALES_T2,Voice,Enterprise,Outbound,Tier 2,Telecom,169,149,146,3,3,541,78986,10.89261745,32,2,3,77,2,88,86
2023-08-06,Sunday,31,August,2023,2,Finland,EMEA,Finland Hub,OUTBOUND_SALES_T2,Voice,Enterprise,Outbound,Tier 3,Banking,130,126,123,3,3,214,26322,5.095238095,26,0,0,69,0,79,67
2021-01-13,Wednesday,2,January,2021,14,United Kingdom,EMEA,London,EMEA_CHAT_SUPPORT_T1,Email,Premium,Support,Tier 1,Banking,95,123,112,11,11,477,53424,42.65853659,24,1,1,71,1,87,85
2021-11-14,Sunday,45,November,2021,17,Poland,EMEA,Poland Hub,INBOUND_VOICE_TIER1,Chat,Premium,Inbound,Tier 3,Telecom,86,116,87,29,29,180,15660,45.0,22,0,0,69,0,73,64
2022-12-25,Sunday,51,December,2022,21,Russia,EMEA,Russia Hub,INBOUND_VOICE_TIER1,Chat,Consumer,Inbound,Tier 2,E-commerce,277,274,246,28,28,322,79212,32.90510949,16,2,2,84,2,78,82
2023-05-31,Wednesday,22,May,2023,5,Slovenia,EMEA,Slovenia Hub,EMEA_CORE_EMAIL_T2,Chat,Consumer,Support,Tier 2,Retail,277,288,259,29,29,205,53095,20.64236111,33,1,1,70,1,74,90
2023-05-05,Friday,18,May,2023,19,Iceland,EMEA,Iceland Hub,EMEA_CORE_EMAIL_T2,Chat,Enterprise,Support,Tier 2,E-commerce,147,161,147,14,14,790,116130,68.69565217,30,4,5,91,5,85,80
2025-10-12,Sunday,41,October,2025,23,Portugal,EMEA,Portugal Hub,INBOUND_VOICE_TIER1,Chat,Consumer,Inbound,Tier 1,Banking,200,204,190,14,14,704,133760,48.31372549,21,4,5,92,5,75,87
2022-02-13,Sunday,6,February,2022,7,Greece,EMEA,Greece Hub,EMEA_CORE_EMAIL_T2,Chat,Enterprise,Support,Tier 1,Telecom,420,410,396,14,14,250,99000,8.536585366,26,3,4,92,4,90,85
2024-01-28,Sunday,4,January,2024,14,Israel,EMEA,Israel Hub,TECH_SUPPORT_EMAIL_T3,Chat,Premium,Tech Support,Tier 2,Healthcare,416,415,394,21,21,900,354600,45.54216867,25,12,15,80,12,80,88
2023-10-27,Friday,43,October,2023,23,Morocco,EMEA,Morocco Hub,EMEA_RETAIL_VOICE_T2,Chat,Enterprise,Support,Tier 2,Retail,62,61,41,20,20,517,21197,169.5081967,26,0,0,72,0,78,83
2023-02-26,Sunday,8,February,2023,22,Romania,EMEA,Romania Hub,OUTBOUND_SALES_T2,Chat,Premium,Outbound,Tier 2,Retail,352,370,340,30,30,189,64260,15.32432432,23,2,2,67,1,82,63
2025-08-20,Wednesday,34,August,2025,7,Norway,EMEA,Norway Hub,EMEA_CORE_EMAIL_T2,Voice,Enterprise,Support,Tier 3,Healthcare,162,142,134,8,8,640,85760,36.05633803,29,2,3,67,2,92,81
2023-06-03,Saturday,22,June,2023,14,Israel,EMEA,Israel Hub,EMEA_CORE_EMAIL_T2,Voice,Consumer,Support,Tier 1,Banking,271,259,247,12,12,868,214396,40.21621622,28,7,9,76,7,81,81
2023-03-29,Wednesday,13,March,2023,6,Turkey,EMEA,Turkey Hub,EMEA_RETAIL_VOICE_T2,Voice,Consumer,Support,Tier 1,Retail,495,489,488,1,1,714,348432,1.460122699,15,12,14,80,11,81,62
2023-11-28,Tuesday,48,November,2023,18,Belgium,EMEA,Belgium Hub,EMEA_RETAIL_VOICE_T2,Email,Enterprise,Support,Tier 3,Banking,297,306,303,3,3,615,186345,6.029411765,21,6,7,86,6,87,83
2022-04-13,Wednesday,15,April,2022,12,Greece,EMEA,Greece Hub,EMEA_CHAT_SUPPORT_T1,Email,Consumer,Support,Tier 1,Telecom,157,185,182,3,3,495,90090,8.027027027,18,3,4,69,3,86,64
2023-02-06,Monday,6,February,2023,2,Israel,EMEA,Israel Hub,EMEA_RETAIL_VOICE_T2,Chat,Premium,Support,Tier 1,Healthcare,72,78,63,15,15,815,51345,156.7307692,27,1,1,77,1,89,79
2024-07-16,Tuesday,29,July,2024,4,Slovakia,EMEA,Slovakia Hub,EMEA_CORE_EMAIL_T2,Email,Enterprise,Support,Tier 1,E-commerce,350,346,340,6,6,482,163880,8.358381503,32,5,7,83,6,83,76
2024-12-27,Friday,52,December,2024,7,France,EMEA,Paris,EMEA_EMAIL_SUPPORT_T3,Email,Enterprise,Support,Tier 2,E-commerce,489,476,452,24,24,275,124300,13.86554622,21,4,5,83,4,76,65
2022-10-09,Sunday,40,October,2022,18,Israel,EMEA,Israel Hub,OUTBOUND_SALES_T2,Email,Consumer,Outbound,Tier 2,Retail,491,471,453,18,18,409,185277,15.63057325,31,6,8,81,6,92,62
2021-07-19,Monday,29,July,2021,21,Romania,EMEA,Romania Hub,TECH_SUPPORT_EMAIL_T3,Chat,Premium,Tech Support,Tier 3,Banking,382,366,338,28,28,333,112554,25.47540984,29,3,4,87,3,85,78
2024-02-19,Monday,8,February,2024,7,Slovakia,EMEA,Slovakia Hub,TECH_SUPPORT_EMAIL_T3,Voice,Premium,Tech Support,Tier 1,Telecom,94,91,73,18,18,733,53509,144.989011,33,1,1,84,1,94,77
2021-06-27,Sunday,25,June,2021,6,Norway,EMEA,Norway Hub,EMEA_CORE_EMAIL_TIER2,Voice,Premium,Support,Tier 1,Retail,294,310,295,15,15,507,149565,24.53225806,15,5,6,83,5,83,85
2025-04-06,Sunday,14,April,2025,0,Bulgaria,EMEA,Bulgaria Hub,RETENTION_VOICE_T2,Voice,Enterprise,Retention,Tier 1,E-commerce,140,165,151,14,14,723,109173,61.34545455,25,3,4,72,3,87,85
2022-10-04,Tuesday,40,October,2022,21,Ireland,EMEA,Dublin,EMEA_CHAT_SUPPORT_T1,Chat,Consumer,Support,Tier 3,Telecom,146,155,130,25,25,887,115310,143.0645161,27,4,5,83,4,89,86
2024-10-24,Thursday,43,October,2024,15,Belgium,EMEA,Belgium Hub,EMEA_CHAT_SUPPORT_T1,Voice,Enterprise,Support,Tier 1,E-commerce,237,254,224,30,30,321,71904,37.91338583,26,2,3,85,3,77,60
2024-11-20,Wednesday,47,November,2024,9,Iceland,EMEA,Iceland Hub,EMEA_CORE_EMAIL_TIER2,Chat,Enterprise,Support,Tier 3,Banking,56,39,33,6,6,789,26037,121.3846154,17,0,0,66,0,77,78
2021-01-14,Thursday,2,January,2021,22,Greece,EMEA,Greece Hub,EMEA_RETAIL_VOICE_T2,Email,Premium,Support,Tier 2,Retail,313,334,307,27,27,395,121265,31.93113772,17,4,5,89,4,74,83
2024-05-27,Monday,22,May,2024,7,Hungary,EMEA,Hungary Hub,OUTBOUND_SALES_T2,Chat,Consumer,Outbound,Tier 2,Retail,449,430,417,13,13,272,113424,8.223255814,33,3,4,75,3,83,76
2024-05-25,Saturday,21,May,2024,17,Czech Republic,EMEA,Czech Republic Hub,EMEA_RETAIL_VOICE_T2,Voice,Consumer,Support,Tier 1,Healthcare,277,288,263,25,25,196,51548,17.01388889,35,1,1,90,1,78,70
2024-07-11,Thursday,28,July,2024,4,Germany,EMEA,Berlin,OUTBOUND_SALES_T2,Voice,Enterprise,Outbound,Tier 3,E-commerce,451,446,445,1,1,253,112585,0.567264574,28,3,4,66,3,86,75
2023-08-28,Monday,35,August,2023,15,Netherlands,EMEA,Amsterdam,RETENTION_VOICE_T2,Email,Premium,Retention,Tier 3,Healthcare,96,104,91,13,13,256,23296,32.0,16,0,0,88,0,91,67
2021-02-23,Tuesday,8,February,2021,16,Luxembourg,EMEA,Luxembourg Hub,OUTBOUND_SALES_T2,Chat,Consumer,Outbound,Tier 2,Telecom,186,185,158,27,27,552,87216,80.56216216,19,3,4,72,3,88,76
2024-01-16,Tuesday,3,January,2024,1,Netherlands,EMEA,Amsterdam,EMEA_CORE_EMAIL_TIER2,Chat,Enterprise,Support,Tier 2,E-commerce,499,505,489,16,16,444,217116,14.06732673,30,7,9,87,8,95,82
2022-08-28,Sunday,34,August,2022,22,Spain,EMEA,Madrid,TECH_SUPPORT_EMAIL_T3,Email,Enterprise,Tech Support,Tier 3,Telecom,224,236,217,19,19,702,152334,56.51694915,26,5,6,70,4,73,81
2025-10-31,Friday,44,October,2025,5,United Kingdom,EMEA,London,EMEA_CHAT_SUPPORT_T1,Chat,Enterprise,Support,Tier 3,Healthcare,224,223,211,12,12,487,102757,26.20627803,24,3,4,73,3,85,88
2021-08-05,Thursday,31,August,2021,17,Iceland,EMEA,Iceland Hub,OUTBOUND_SALES_T2,Email,Premium,Outbound,Tier 3,Telecom,478,503,481,22,22,212,101972,9.272365805,31,3,4,84,3,78,83
2022-07-07,Thursday,27,July,2022,21,Belgium,EMEA,Belgium Hub,TECH_SUPPORT_EMAIL_T3,Voice,Consumer,Tech Support,Tier 2,Retail,144,137,119,18,18,500,59500,65.69343066,17,2,2,66,1,71,87
2022-03-27,Sunday,12,March,2022,21,Slovakia,EMEA,Slovakia Hub,INBOUND_VOICE_TIER1,Chat,Enterprise,Inbound,Tier 3,E-commerce,479,475,471,4,4,209,98439,1.76,29,3,4,72,3,87,71
2022-09-17,Saturday,37,September,2022,13,France,EMEA,Paris,INBOUND_VOICE_TIER1,Voice,Enterprise,Inbound,Tier 3,Telecom,283,308,291,17,17,545,158595,30.08116883,22,5,6,70,4,87,78
2022-07-14,Thursday,28,July,2022,17,Finland,EMEA,Finland Hub,EMEA_EMAIL_SUPPORT_T3,Chat,Enterprise,Support,Tier 1,Healthcare,161,183,179,4,4,833,149107,18.20765027,19,5,6,76,5,92,77
2021-12-26,Sunday,51,December,2021,5,Turkey,EMEA,Turkey Hub,EMEA_CHAT_SUPPORT_T1,Voice,Premium,Support,Tier 2,Telecom,126,149,121,28,28,378,45738,71.03355705,18,1,1,82,1,82,89
2024-02-13,Tuesday,7,February,2024,13,Greece,EMEA,Greece Hub,INBOUND_VOICE_TIER1,Email,Premium,Inbound,Tier 3,E-commerce,401,423,411,12,12,567,233037,16.08510638,28,8,10,75,8,87,74
2022-11-19,Saturday,46,November,2022,7,Slovenia,EMEA,Slovenia Hub,TECH_SUPPORT_EMAIL_T3,Chat,Premium,Tech Support,Tier 1,E-commerce,195,213,183,30,30,653,119499,91.97183099,32,4,5,71,4,84,90
2024-10-24,Thursday,43,October,2024,23,Romania,EMEA,Romania Hub,EMEA_CHAT_SUPPORT_T1,Chat,Consumer,Support,Tier 3,Telecom,138,167,139,28,28,739,102721,123.9041916,22,3,4,66,3,83,90
2025-05-16,Friday,20,May,2025,11,Czech Republic,EMEA,Czech Republic Hub,OUTBOUND_SALES_T2,Email,Consumer,Outbound,Tier 1,E-commerce,447,463,455,8,8,267,121485,4.613390929,20,4,5,72,4,73,75
2021-05-19,Wednesday,20,May,2021,5,Belgium,EMEA,Belgium Hub,EMEA_RETAIL_VOICE_T2,Chat,Consumer,Support,Tier 1,E-commerce,406,415,391,24,24,726,283866,41.98554217,24,9,11,86,9,87,69
2022-03-03,Thursday,9,March,2022,5,Finland,EMEA,Finland Hub,CUSTOMER_SUPPORT_CHAT_T1,Email,Enterprise,Customer Support,Tier 3,Retail,152,178,153,25,25,489,74817,68.67977528,29,2,3,90,3,91,68
2023-05-21,Sunday,20,May,2023,16,Greece,EMEA,Greece Hub,RETENTION_VOICE_T2,Voice,Consumer,Retention,Tier 1,Retail,332,320,306,14,14,336,102816,14.7,16,3,3,80,2,76,61
2023-02-16,Thursday,7,February,2023,21,Ukraine,EMEA,Ukraine Hub,EMEA_CHAT_SUPPORT_T1,Email,Premium,Support,Tier 1,Retail,344,352,340,12,12,488,165920,16.63636364,15,5,6,66,4,86,71
2023-06-12,Monday,24,June,2023,22,Israel,EMEA,Israel Hub,EMEA_CORE_EMAIL_TIER2,Voice,Consumer,Support,Tier 1,Telecom,363,391,363,28,28,490,177870,35.08951407,17,6,7,72,5,73,79
2021-08-11,Wednesday,32,August,2021,3,Slovenia,EMEA,Slovenia Hub,CUSTOMER_SUPPORT_CHAT_T1,Voice,Consumer,Customer Support,Tier 2,Retail,128,148,121,27,27,487,58927,88.84459459,16,2,2,73,1,78,60
2024-08-26,Monday,35,August,2024,17,Germany,EMEA,Berlin,TECH_SUPPORT_EMAIL_T3,Email,Consumer,Tech Support,Tier 3,Healthcare,272,280,260,20,20,584,151840,41.71428571,26,5,6,72,4,90,65
2024-07-14,Sunday,28,July,2024,7,Israel,EMEA,Israel Hub,EMEA_EMAIL_SUPPORT_T3,Chat,Enterprise,Support,Tier 2,E-commerce,256,269,254,15,15,722,183388,40.26022305,35,6,8,71,6,91,62
2022-08-12,Friday,32,August,2022,21,Denmark,EMEA,Denmark Hub,EMEA_EMAIL_SUPPORT_T3,Voice,Premium,Support,Tier 3,E-commerce,72,100,89,11,11,611,54379,67.21,23,1,1,77,1,78,64
2024-05-19,Sunday,20,May,2024,20,Netherlands,EMEA,Amsterdam,CUSTOMER_SUPPORT_CHAT_T1,Email,Enterprise,Customer Support,Tier 1,Retail,392,391,374,17,17,670,250580,29.13043478,31,8,10,83,8,70,82
2023-03-17,Friday,11,March,2023,8,Germany,EMEA,Berlin,CUSTOMER_SUPPORT_CHAT_T1,Chat,Consumer,Customer Support,Tier 2,E-commerce,229,238,224,14,14,315,70560,18.52941176,23,2,2,67,1,78,75
2024-02-29,Thursday,9,February,2024,3,Norway,EMEA,Norway Hub,EMEA_RETAIL_VOICE_T2,Voice,Consumer,Support,Tier 3,Retail,151,154,138,16,16,823,113574,85.50649351,16,3,3,73,2,75,68
2025-09-24,Wednesday,39,September,2025,10,Denmark,EMEA,Denmark Hub,RETENTION_VOICE_T2,Chat,Premium,Retention,Tier 3,Healthcare,98,123,121,2,2,823,99583,13.38211382,25,3,4,69,3,72,89
2025-01-06,Monday,2,January,2025,3,Morocco,EMEA,Morocco Hub,INBOUND_VOICE_TIER1,Voice,Premium,Inbound,Tier 1,Telecom,147,134,115,19,19,351,40365,49.76865672,18,1,1,81,1,82,77
2022-02-20,Sunday,7,February,2022,18,Poland,EMEA,Poland Hub,EMEA_CHAT_SUPPORT_T1,Email,Premium,Support,Tier 3,Telecom,217,236,213,23,23,317,67521,30.8940678,31,2,3,86,3,86,81
2025-11-02,Sunday,44,November,2025,11,France,EMEA,Paris,EMEA_CHAT_SUPPORT_T1,Chat,Consumer,Support,Tier 1,Banking,312,296,275,21,21,383,105325,27.1722973,15,3,3,80,2,72,68
2021-03-05,Friday,9,March,2021,6,Israel,EMEA,Israel Hub,CUSTOMER_SUPPORT_CHAT_T1,Chat,Premium,Customer Support,Tier 3,Retail,449,440,433,7,7,862,373246,13.71363636,16,12,14,65,9,81,69
2025-11-20,Thursday,47,November,2025,17,Greece,EMEA,Greece Hub,INBOUND_VOICE_TIER1,Voice,Premium,Inbound,Tier 2,E-commerce,430,436,426,10,10,230,97980,5.275229358,18,3,4,94,4,84,73
2023-12-27,Wednesday,52,December,2023,6,France,EMEA,Paris,TECH_SUPPORT_EMAIL_T3,Chat,Consumer,Tech Support,Tier 3,Healthcare,391,382,364,18,18,479,174356,22.57068063,25,6,8,92,7,74,85
2023-09-16,Saturday,37,September,2023,11,Kenya,EMEA,Kenya Hub,RETENTION_VOICE_T2,Chat,Enterprise,Retention,Tier 2,Healthcare,106,131,115,16,16,590,67850,72.0610687,30,2,3,71,2,88,68
2024-01-03,Wednesday,1,January,2024,16,Morocco,EMEA,Morocco Hub,EMEA_CORE_EMAIL_T2,Chat,Premium,Support,Tier 2,Healthcare,319,306,276,30,30,234,64584,22.94117647,27,2,3,65,2,95,75
2023-09-01,Friday,35,September,2023,18,Turkey,EMEA,Turkey Hub,CUSTOMER_SUPPORT_CHAT_T1,Voice,Enterprise,Customer Support,Tier 1,E-commerce,287,280,268,12,12,464,124352,19.88571429,15,4,5,80,4,82,68
2021-12-12,Sunday,49,December,2021,17,Spain,EMEA,Madrid,EMEA_CHAT_SUPPORT_T1,Voice,Premium,Support,Tier 2,Banking,463,476,458,18,18,526,240908,19.8907563,25,8,10,90,9,90,65
2025-08-10,Sunday,32,August,2025,1,Slovakia,EMEA,Slovakia Hub,EMEA_CHAT_SUPPORT_T1,Chat,Consumer,Support,Tier 2,Banking,143,146,144,2,2,464,66816,6.356164384,28,2,3,67,2,94,61
2023-02-19,Sunday,7,February,2023,1,Hungary,EMEA,Hungary Hub,TECH_SUPPORT_EMAIL_T3,Chat,Enterprise,Tech Support,Tier 2,Telecom,456,479,471,8,8,867,408357,14.48016701,28,14,18,68,12,78,88
2025-02-10,Monday,7,February,2025,23,France,EMEA,Paris,TECH_SUPPORT_EMAIL_T3,Email,Enterprise,Tech Support,Tier 1,Telecom,472,502,484,18,18,254,122936,9.107569721,17,4,5,77,4,79,78
2022-06-10,Friday,23,June,2022,9,Kenya,EMEA,Kenya Hub,EMEA_EMAIL_SUPPORT_T3,Chat,Consumer,Support,Tier 1,E-commerce,192,216,187,29,29,488,91256,65.51851852,18,3,4,76,3,94,85
2024-08-02,Friday,31,August,2024,0,Morocco,EMEA,Morocco Hub,EMEA_EMAIL_SUPPORT_T3,Email,Enterprise,Support,Tier 1,Telecom,351,363,341,22,22,794,270754,48.12121212,31,9,12,89,11,90,77
2022-01-08,Saturday,1,January,2022,9,Israel,EMEA,Israel Hub,EMEA_CHAT_SUPPORT_T1,Voice,Enterprise,Support,Tier 3,Banking,478,499,479,20,20,648,310392,25.97194389,25,10,13,88,11,94,69
2021-12-05,Sunday,48,December,2021,19,Belgium,EMEA,Belgium Hub,RETENTION_VOICE_T2,Email,Consumer,Retention,Tier 2,Retail,288,310,300,10,10,684,205200,22.06451613,16,7,8,76,6,75,82
2024-05-05,Sunday,18,May,2024,21,Sweden,EMEA,Sweden Hub,EMEA_EMAIL_SUPPORT_T3,Voice,Consumer,Support,Tier 3,Telecom,486,493,463,30,30,287,132881,17.46450304,35,4,5,82,4,95,77
2024-07-26,Friday,30,July,2024,10,Poland,EMEA,Poland Hub,TECH_SUPPORT_EMAIL_T3,Email,Consumer,Tech Support,Tier 3,Healthcare,125,154,146,8,8,654,95484,33.97402597,22,3,4,68,3,73,61
2021-05-10,Monday,19,May,2021,10,Hungary,EMEA,Hungary Hub,EMEA_EMAIL_SUPPORT_T3,Email,Enterprise,Support,Tier 2,Retail,321,310,307,3,3,339,104073,3.280645161,16,3,3,83,2,75,62
2021-05-19,Wednesday,20,May,2021,9,Bulgaria,EMEA,Bulgaria Hub,EMEA_CORE_EMAIL_T2,Email,Premium,Support,Tier 2,Retail,125,142,138,4,4,714,98532,20.11267606,25,3,4,73,3,78,88
2025-05-03,Saturday,18,May,2025,5,Turkey,EMEA,Turkey Hub,EMEA_CHAT_SUPPORT_T1,Email,Enterprise,Support,Tier 1,E-commerce,493,522,518,4,4,649,336182,4.973180077,17,11,13,91,12,78,89
2022-01-07,Friday,1,January,2022,8,Bulgaria,EMEA,Bulgaria Hub,EMEA_CHAT_SUPPORT_T1,Email,Enterprise,Support,Tier 1,E-commerce,116,139,139,0,0,569,79091,0.0,28,2,3,76,2,80,69
2022-08-26,Friday,34,August,2022,23,Sweden,EMEA,Sweden Hub,EMEA_CORE_EMAIL_T2,Voice,Premium,Support,Tier 1,Banking,238,260,248,12,12,248,61504,11.44615385,29,2,3,67,2,89,63
2024-01-30,Tuesday,5,January,2024,10,Norway,EMEA,Norway Hub,CUSTOMER_SUPPORT_CHAT_T1,Email,Premium,Customer Support,Tier 3,Banking,343,326,320,6,6,375,120000,6.901840491,15,4,5,68,3,73,61
2022-04-08,Friday,14,April,2022,19,Belgium,EMEA,Belgium Hub,EMEA_EMAIL_SUPPORT_T3,Email,Enterprise,Support,Tier 2,Banking,318,310,292,18,18,653,190676,37.91612903,32,6,8,72,6,74,65
2021-10-04,Monday,40,October,2021,20,Netherlands,EMEA,Amsterdam,EMEA_CORE_EMAIL_T2,Email,Premium,Support,Tier 2,Banking,432,449,423,26,26,272,115056,15.75055679,30,3,4,88,4,82,83
2022-06-18,Saturday,24,June,2022,20,Italy,EMEA,Rome,EMEA_CHAT_SUPPORT_T1,Voice,Enterprise,Support,Tier 1,Retail,134,157,156,1,1,721,112476,4.592356688,30,3,4,73,3,79,63
2024-04-02,Tuesday,14,April,2024,7,Russia,EMEA,Russia Hub,OUTBOUND_SALES_T2,Voice,Enterprise,Outbound,Tier 2,Telecom,377,403,389,14,14,277,107753,9.622828784,22,3,4,90,4,76,68
2021-08-11,Wednesday,32,August,2021,9,Ukraine,EMEA,Ukraine Hub,EMEA_CORE_EMAIL_TIER2,Voice,Enterprise,Support,Tier 2,Telecom,270,261,246,15,15,385,94710,22.12643678,24,3,4,68,3,90,79
2025-05-09,Friday,19,May,2025,3,Finland,EMEA,Finland Hub,EMEA_CORE_EMAIL_TIER2,Voice,Premium,Support,Tier 2,E-commerce,305,293,263,30,30,526,138338,53.85665529,28,4,5,79,4,80,71
2024-04-24,Wednesday,17,April,2024,3,Hungary,EMEA,Hungary Hub,EMEA_CORE_EMAIL_T2,Chat,Enterprise,Support,Tier 3,E-commerce,243,235,218,17,17,655,142790,47.38297872,27,4,5,85,4,76,60
2025-06-03,Tuesday,23,June,2025,22,Romania,EMEA,Romania Hub,EMEA_CORE_EMAIL_T2,Email,Enterprise,Support,Tier 3,Banking,485,466,437,29,29,541,236417,33.66738197,35,8,11,65,7,77,76
2024-04-28,Sunday,17,April,2024,7,Netherlands,EMEA,Amsterdam,CUSTOMER_SUPPORT_CHAT_T1,Email,Consumer,Customer Support,Tier 3,Retail,388,415,406,9,9,306,124236,6.636144578,33,4,5,83,4,91,69
2021-10-18,Monday,42,October,2021,15,Kenya,EMEA,Kenya Hub,EMEA_RETAIL_VOICE_T2,Email,Premium,Support,Tier 2,Telecom,72,77,48,29,29,632,30336,238.025974,35,1,1,68,1,81,65
2025-04-03,Thursday,14,April,2025,22,Belgium,EMEA,Belgium Hub,CUSTOMER_SUPPORT_CHAT_T1,Email,Consumer,Customer Support,Tier 1,Banking,349,330,322,8,8,349,112378,8.460606061,35,3,4,84,3,89,73
2022-09-18,Sunday,37,September,2022,6,Italy,EMEA,Rome,EMEA_RETAIL_VOICE_T2,Email,Consumer,Support,Tier 2,Healthcare,141,128,107,21,21,735,78645,120.5859375,16,2,2,69,1,75,82
2021-08-04,Wednesday,31,August,2021,14,Slovakia,EMEA,Slovakia Hub,EMEA_CORE_EMAIL_TIER2,Chat,Consumer,Support,Tier 3,Healthcare,131,119,96,23,23,696,66816,134.5210084,22,2,2,71,1,93,86
2024-05-08,Wednesday,19,May,2024,3,Netherlands,EMEA,Amsterdam,EMEA_CORE_EMAIL_T2,Voice,Premium,Support,Tier 2,E-commerce,353,367,352,15,15,866,304832,35.39509537,31,10,13,92,12,92,82
2021-10-13,Wednesday,41,October,2021,2,Italy,EMEA,Rome,CUSTOMER_SUPPORT_CHAT_T1,Email,Enterprise,Customer Support,Tier 3,Banking,127,112,101,11,11,718,72518,70.51785714,18,2,2,95,2,86,69
2024-04-14,Sunday,15,April,2024,17,Slovakia,EMEA,Slovakia Hub,EMEA_CHAT_SUPPORT_T1,Chat,Premium,Support,Tier 3,Retail,426,432,419,13,13,297,124443,8.9375,30,4,5,67,3,71,65
2021-08-23,Monday,34,August,2021,9,Ukraine,EMEA,Ukraine Hub,EMEA_CHAT_SUPPORT_T1,Email,Enterprise,Support,Tier 3,Banking,443,472,471,1,1,705,332055,1.493644068,28,11,14,73,10,87,79
2021-05-01,Saturday,17,May,2021,1,France,EMEA,Paris,TECH_SUPPORT_EMAIL_T3,Chat,Enterprise,Tech Support,Tier 2,Retail,472,486,486,0,0,676,328536,0.0,24,11,14,89,12,74,75
2025-11-08,Saturday,45,November,2025,22,Greece,EMEA,Greece Hub,CUSTOMER_SUPPORT_CHAT_T1,Email,Premium,Customer Support,Tier 1,Telecom,269,251,239,12,12,758,181162,36.23904382,21,6,7,93,7,83,73
2025-02-04,Tuesday,6,February,2025,9,Bulgaria,EMEA,Bulgaria Hub,RETENTION_VOICE_T2,Voice,Consumer,Retention,Tier 2,E-commerce,116,130,128,2,2,674,86272,10.36923077,29,2,3,86,3,71,66
2022-03-30,Wednesday,13,March,2022,6,Czech Republic,EMEA,Czech Republic Hub,EMEA_CHAT_SUPPORT_T1,Voice,Enterprise,Support,Tier 3,Healthcare,270,259,249,10,10,298,74202,11.50579151,24,2,2,91,2,72,76
2024-09-30,Monday,40,September,2024,18,Slovenia,EMEA,Slovenia Hub,RETENTION_VOICE_T2,Email,Premium,Retention,Tier 3,Retail,275,294,284,10,10,354,100536,12.04081633,22,3,4,65,3,75,87
2022-07-18,Monday,29,July,2022,23,Sweden,EMEA,Sweden Hub,OUTBOUND_SALES_T2,Email,Premium,Outbound,Tier 3,Healthcare,284,269,267,2,2,189,50463,1.405204461,25,1,1,75,1,75,72
2021-11-18,Thursday,46,November,2021,7,Slovenia,EMEA,Slovenia Hub,CUSTOMER_SUPPORT_CHAT_T1,Voice,Enterprise,Customer Support,Tier 1,Banking,491,514,509,5,5,494,251446,4.805447471,17,8,9,94,8,82,74
2021-05-25,Tuesday,21,May,2021,3,Belgium,EMEA,Belgium Hub,EMEA_EMAIL_SUPPORT_T3,Email,Consumer,Support,Tier 1,Healthcare,157,185,160,25,25,539,86240,72.83783784,34,2,3,71,2,74,80
2023-03-09,Thursday,10,March,2023,8,France,EMEA,Paris,EMEA_CHAT_SUPPORT_T1,Email,Consumer,Support,Tier 2,Retail,68,60,44,16,16,341,15004,90.93333333,19,0,0,92,0,76,84
2021-07-24,Saturday,29,July,2021,11,Finland,EMEA,Finland Hub,TECH_SUPPORT_EMAIL_T3,Chat,Premium,Tech Support,Tier 3,Healthcare,344,333,303,30,30,537,162711,48.37837838,25,5,6,65,4,76,88
2022-05-20,Friday,20,May,2022,22,South Africa,EMEA,Cape Town,EMEA_CORE_EMAIL_T2,Email,Consumer,Support,Tier 2,Healthcare,58,62,59,3,3,533,31447,25.79032258,26,1,1,91,1,84,60
2025-11-12,Wednesday,46,November,2025,5,Netherlands,EMEA,Amsterdam,INBOUND_VOICE_TIER1,Chat,Enterprise,Inbound,Tier 3,Banking,194,198,197,1,1,785,154645,3.964646465,28,5,6,85,5,91,78
2024-08-08,Thursday,32,August,2024,12,Czech Republic,EMEA,Czech Republic Hub,TECH_SUPPORT_EMAIL_T3,Chat,Consumer,Tech Support,Tier 2,Healthcare,413,420,405,15,15,350,141750,12.5,35,4,5,85,4,95,62
2024-10-30,Wednesday,44,October,2024,21,Kenya,EMEA,Kenya Hub,EMEA_CORE_EMAIL_TIER2,Voice,Enterprise,Support,Tier 3,Retail,303,328,302,26,26,730,220460,57.86585366,34,7,9,73,7,90,64
2025-07-02,Wednesday,27,July,2025,10,Romania,EMEA,Romania Hub,CUSTOMER_SUPPORT_CHAT_T1,Email,Enterprise,Customer Support,Tier 3,Healthcare,295,324,294,30,30,427,125538,39.53703704,30,4,5,84,4,76,63
2024-12-23,Monday,52,December,2024,22,Israel,EMEA,Israel Hub,EMEA_RETAIL_VOICE_T2,Chat,Premium,Support,Tier 3,Telecom,200,215,210,5,5,652,136920,15.1627907,34,4,5,66,3,90,63
2025-07-23,Wednesday,30,July,2025,1,Hungary,EMEA,Hungary Hub,EMEA_RETAIL_VOICE_T2,Email,Enterprise,Support,Tier 3,Healthcare,383,404,394,10,10,697,274618,17.25247525,19,9,11,82,9,90,72
2025-05-08,Thursday,19,May,2025,23,Germany,EMEA,Berlin,RETENTION_VOICE_T2,Voice,Premium,Retention,Tier 3,Telecom,167,191,187,4,4,702,131274,14.70157068,27,4,5,75,4,88,89
2025-09-12,Friday,37,September,2025,12,Hungary,EMEA,Hungary Hub,INBOUND_VOICE_TIER1,Chat,Consumer,Inbound,Tier 2,Banking,246,258,239,19,19,271,64769,19.95736434,17,2,2,66,1,90,62
2023-03-12,Sunday,10,March,2023,0,Greece,EMEA,Greece Hub,EMEA_RETAIL_VOICE_T2,Voice,Premium,Support,Tier 3,E-commerce,382,403,393,10,10,572,224796,14.19354839,29,7,9,95,9,70,76
2023-05-25,Thursday,21,May,2023,2,Belgium,EMEA,Belgium Hub,INBOUND_VOICE_TIER1,Voice,Enterprise,Inbound,Tier 1,Retail,179,188,172,16,16,719,123668,61.19148936,30,4,5,66,3,71,65
2021-06-13,Sunday,23,June,2021,21,Hungary,EMEA,Hungary Hub,RETENTION_VOICE_T2,Email,Premium,Retention,Tier 3,Telecom,89,85,72,13,13,804,57888,122.9647059,25,2,3,69,2,77,73
2023-04-18,Tuesday,16,April,2023,17,Israel,EMEA,Israel Hub,EMEA_RETAIL_VOICE_T2,Chat,Enterprise,Support,Tier 1,Retail,245,261,235,26,26,634,148990,63.15708812,26,5,6,83,5,75,62
2022-04-02,Saturday,13,April,2022,13,Hungary,EMEA,Hungary Hub,OUTBOUND_SALES_T2,Voice,Consumer,Outbound,Tier 2,Banking,416,411,405,6,6,297,120285,4.335766423,33,4,5,93,5,74,62
2024-05-02,Thursday,18,May,2024,1,Italy,EMEA,Rome,EMEA_CORE_EMAIL_T2,Chat,Consumer,Support,Tier 2,Telecom,303,283,282,1,1,404,113928,1.427561838,17,3,4,77,3,92,61
2024-11-14,Thursday,46,November,2024,4,Iceland,EMEA,Iceland Hub,EMEA_CORE_EMAIL_T2,Email,Premium,Support,Tier 1,E-commerce,200,180,155,25,25,850,131750,118.0555556,35,4,5,82,4,89,88
2022-10-31,Monday,44,October,2022,9,Bulgaria,EMEA,Bulgaria Hub,EMEA_CORE_EMAIL_T2,Chat,Premium,Support,Tier 3,Healthcare,112,99,88,11,11,710,62480,78.88888889,18,2,2,65,1,91,77
2021-06-09,Wednesday,23,June,2021,3,Belgium,EMEA,Belgium Hub,EMEA_EMAIL_SUPPORT_T3,Chat,Consumer,Support,Tier 3,Telecom,141,161,157,4,4,571,89647,14.1863354,25,3,4,82,3,77,60
2024-10-31,Thursday,44,October,2024,15,Romania,EMEA,Romania Hub,EMEA_CHAT_SUPPORT_T1,Email,Enterprise,Support,Tier 1,Healthcare,51,69,57,12,12,398,22686,69.2173913,21,0,0,80,0,82,74
2022-04-11,Monday,15,April,2022,18,Czech Republic,EMEA,Czech Republic Hub,EMEA_EMAIL_SUPPORT_T3,Email,Consumer,Support,Tier 2,Telecom,362,343,333,10,10,819,272727,23.87755102,16,9,10,80,8,84,64
2023-03-31,Friday,13,March,2023,9,Belgium,EMEA,Belgium Hub,EMEA_RETAIL_VOICE_T2,Email,Premium,Support,Tier 2,Retail,246,227,198,29,29,547,108306,69.88105727,17,3,4,81,3,92,67
2021-04-24,Saturday,16,April,2021,6,Spain,EMEA,Madrid,EMEA_CORE_EMAIL_T2,Voice,Enterprise,Support,Tier 1,Telecom,270,291,283,8,8,506,143198,13.91065292,35,4,5,93,5,85,89
2023-11-25,Saturday,47,November,2023,21,Norway,EMEA,Norway Hub,INBOUND_VOICE_TIER1,Email,Premium,Inbound,Tier 1,Retail,230,223,206,17,17,283,58298,21.57399103,17,2,2,74,1,71,65
2022-09-03,Saturday,35,September,2022,11,Slovenia,EMEA,Slovenia Hub,CUSTOMER_SUPPORT_CHAT_T1,Chat,Consumer,Customer Support,Tier 2,E-commerce,457,444,427,17,17,243,103761,9.304054054,26,3,4,88,4,95,87
2024-04-21,Sunday,16,April,2024,7,Russia,EMEA,Russia Hub,EMEA_CORE_EMAIL_T2,Chat,Premium,Support,Tier 3,E-commerce,464,475,461,14,14,682,314402,20.10105263,25,10,13,76,10,86,60
2022-09-23,Friday,38,September,2022,0,Greece,EMEA,Greece Hub,OUTBOUND_SALES_T2,Email,Premium,Outbound,Tier 1,Healthcare,81,82,79,3,3,520,41080,19.02439024,25,1,1,95,1,70,80
2025-07-28,Monday,31,July,2025,23,Czech Republic,EMEA,Czech Republic Hub,INBOUND_VOICE_TIER1,Chat,Enterprise,Inbound,Tier 2,Banking,195,190,170,20,20,843,143310,88.73684211,32,4,5,77,4,84,86
2023-03-15,Wednesday,11,March,2023,12,Portugal,EMEA,Portugal Hub,OUTBOUND_SALES_T2,Chat,Enterprise,Outbound,Tier 3,Retail,470,493,478,15,15,642,306876,19.53346856,32,10,13,92,12,81,86
2021-07-06,Tuesday,27,July,2021,8,Kenya,EMEA,Kenya Hub,TECH_SUPPORT_EMAIL_T3,Email,Enterprise,Tech Support,Tier 3,Banking,483,491,479,12,12,544,260576,13.29531568,33,9,12,70,8,80,62
2024-02-16,Friday,7,February,2024,12,Spain,EMEA,Madrid,CUSTOMER_SUPPORT_CHAT_T1,Email,Consumer,Customer Support,Tier 3,Banking,236,216,194,22,22,542,105148,55.2037037,15,3,3,72,2,88,88
2022-09-28,Wednesday,39,September,2022,8,France,EMEA,Paris,RETENTION_VOICE_T2,Email,Consumer,Retention,Tier 1,Banking,363,350,323,27,27,465,150195,35.87142857,20,5,6,88,5,81,67
2022-11-10,Thursday,45,November,2022,18,Kenya,EMEA,Kenya Hub,OUTBOUND_SALES_T2,Chat,Consumer,Outbound,Tier 1,Telecom,495,507,506,1,1,466,235796,0.91913215,23,8,10,94,9,81,66
2024-09-22,Sunday,38,September,2024,21,Poland,EMEA,Poland Hub,TECH_SUPPORT_EMAIL_T3,Voice,Consumer,Tech Support,Tier 3,Healthcare,483,507,487,20,20,841,409567,33.17554241,32,14,18,90,16,85,74
2022-12-15,Thursday,50,December,2022,21,Ukraine,EMEA,Ukraine Hub,EMEA_EMAIL_SUPPORT_T3,Email,Premium,Support,Tier 2,E-commerce,461,479,475,4,4,466,221350,3.891440501,35,7,9,78,7,89,85
2025-09-07,Sunday,36,September,2025,5,Bulgaria,EMEA,Bulgaria Hub,EMEA_EMAIL_SUPPORT_T3,Chat,Premium,Support,Tier 1,Healthcare,417,399,378,21,21,549,207522,28.89473684,25,7,9,88,8,75,65
2022-08-13,Saturday,32,August,2022,12,Slovakia,EMEA,Slovakia Hub,EMEA_CORE_EMAIL_T2,Email,Premium,Support,Tier 1,E-commerce,460,450,421,29,29,673,283333,43.37111111,24,9,11,82,9,83,86
2023-02-01,Wednesday,5,February,2023,17,Portugal,EMEA,Portugal Hub,TECH_SUPPORT_EMAIL_T3,Email,Consumer,Tech Support,Tier 3,E-commerce,215,210,203,7,7,303,61509,10.1,17,2,2,87,2,90,65
2025-05-26,Monday,22,May,2025,18,Kenya,EMEA,Kenya Hub,CUSTOMER_SUPPORT_CHAT_T1,Chat,Premium,Customer Support,Tier 3,Telecom,440,447,421,26,26,794,334274,46.18344519,33,11,15,84,13,88,78
2025-12-28,Sunday,52,December,2025,0,Norway,EMEA,Norway Hub,EMEA_RETAIL_VOICE_T2,Email,Enterprise,Support,Tier 3,E-commerce,301,296,268,28,28,233,62444,22.04054054,22,2,2,89,2,71,78
2024-12-20,Friday,51,December,2024,22,Slovenia,EMEA,Slovenia Hub,INBOUND_VOICE_TIER1,Chat,Consumer,Inbound,Tier 3,E-commerce,79,71,42,29,29,228,9576,93.12676056,16,0,0,66,0,72,89
2025-06-25,Wednesday,26,June,2025,3,Slovakia,EMEA,Slovakia Hub,OUTBOUND_SALES_T2,Voice,Consumer,Outbound,Tier 2,Healthcare,391,383,379,4,4,226,85654,2.360313316,16,2,2,94,2,85,79
2024-11-19,Tuesday,47,November,2024,21,Greece,EMEA,Greece Hub,EMEA_CORE_EMAIL_TIER2,Chat,Premium,Support,Tier 2,E-commerce,154,143,117,26,26,394,46098,71.63636364,24,1,1,74,1,74,78
2021-03-14,Sunday,10,March,2021,19,Belgium,EMEA,Belgium Hub,CUSTOMER_SUPPORT_CHAT_T1,Chat,Premium,Customer Support,Tier 1,E-commerce,165,189,178,11,11,800,142400,46.56084656,20,4,5,74,4,77,74
2023-08-28,Monday,35,August,2023,23,Russia,EMEA,Russia Hub,INBOUND_VOICE_TIER1,Email,Enterprise,Inbound,Tier 1,Telecom,124,137,118,19,19,480,56640,66.56934307,16,1,1,95,1,71,68
2022-02-06,Sunday,5,February,2022,18,Greece,EMEA,Greece Hub,EMEA_EMAIL_SUPPORT_T3,Email,Premium,Support,Tier 1,Telecom,488,488,483,5,5,759,366597,7.776639344,33,12,16,84,13,77,69
2024-01-24,Wednesday,4,January,2024,9,Morocco,EMEA,Morocco Hub,EMEA_CORE_EMAIL_TIER2,Email,Consumer,Support,Tier 2,Healthcare,111,94,77,17,17,268,20636,48.46808511,15,0,0,75,0,77,72
2025-04-19,Saturday,16,April,2025,20,Norway,EMEA,Norway Hub,RETENTION_VOICE_T2,Voice,Premium,Retention,Tier 1,E-commerce,392,377,352,25,25,457,160864,30.30503979,32,5,7,81,6,77,87
2021-11-11,Thursday,45,November,2021,22,Luxembourg,EMEA,Luxembourg Hub,EMEA_CHAT_SUPPORT_T1,Voice,Consumer,Support,Tier 3,Telecom,428,444,442,2,2,586,259012,2.63963964,33,8,11,74,8,91,86
2023-05-19,Friday,20,May,2023,10,France,EMEA,Paris,EMEA_CORE_EMAIL_TIER2,Chat,Premium,Support,Tier 2,Banking,254,261,261,0,0,788,205668,0.0,27,7,9,81,7,90,74
2022-04-22,Friday,16,April,2022,4,Belgium,EMEA,Belgium Hub,EMEA_CORE_EMAIL_T2,Email,Premium,Support,Tier 1,Healthcare,66,83,78,5,5,578,45084,34.81927711,16,1,1,81,1,74,65
2024-05-22,Wednesday,21,May,2024,3,Sweden,EMEA,Sweden Hub,EMEA_EMAIL_SUPPORT_T3,Email,Consumer,Support,Tier 1,Banking,295,324,313,11,11,443,138659,15.04012346,19,4,5,87,4,93,86
2022-05-22,Sunday,20,May,2022,13,Russia,EMEA,Russia Hub,TECH_SUPPORT_EMAIL_T3,Chat,Consumer,Tech Support,Tier 3,Telecom,221,226,208,18,18,513,106704,40.85840708,22,3,4,81,3,74,80
2023-02-22,Wednesday,8,February,2023,2,Romania,EMEA,Romania Hub,OUTBOUND_SALES_T2,Chat,Premium,Outbound,Tier 3,E-commerce,182,173,143,30,30,789,112827,136.8208092,24,3,4,82,3,72,74
2024-10-29,Tuesday,44,October,2024,23,Netherlands,EMEA,Amsterdam,EMEA_CHAT_SUPPORT_T1,Voice,Premium,Support,Tier 2,Telecom,333,325,310,15,15,581,180110,26.81538462,18,6,7,71,5,92,77
2021-02-21,Sunday,7,February,2021,15,Finland,EMEA,Finland Hub,EMEA_RETAIL_VOICE_T2,Voice,Premium,Support,Tier 3,Retail,293,305,279,26,26,512,142848,43.64590164,18,4,5,90,5,72,70
2025-07-11,Friday,28,July,2025,16,Italy,EMEA,Rome,EMEA_CORE_EMAIL_TIER2,Email,Premium,Support,Tier 3,Healthcare,97,89,84,5,5,640,53760,35.95505618,28,1,1,82,1,88,68
2023-03-28,Tuesday,13,March,2023,9,Spain,EMEA,Madrid,EMEA_EMAIL_SUPPORT_T3,Voice,Consumer,Support,Tier 2,Retail,459,457,447,10,10,286,127842,6.258205689,22,4,5,70,4,94,80
2025-08-30,Saturday,35,August,2025,18,Iceland,EMEA,Iceland Hub,OUTBOUND_SALES_T2,Voice,Premium,Outbound,Tier 3,Retail,143,173,151,22,22,362,54662,46.03468208,34,1,1,91,1,73,90
2025-03-16,Sunday,11,March,2025,19,Netherlands,EMEA,Amsterdam,EMEA_RETAIL_VOICE_T2,Chat,Enterprise,Support,Tier 3,Banking,75,99,79,20,20,661,52219,133.5353535,30,1,1,77,1,72,88
2022-04-22,Friday,16,April,2022,12,Slovenia,EMEA,Slovenia Hub,RETENTION_VOICE_T2,Email,Consumer,Retention,Tier 2,Telecom,490,503,473,30,30,551,260623,32.86282306,19,9,11,87,10,93,81
2022-05-28,Saturday,21,May,2022,9,France,EMEA,Paris,TECH_SUPPORT_EMAIL_T3,Email,Consumer,Tech Support,Tier 1,E-commerce,404,417,413,4,4,578,238714,5.544364508,31,8,10,90,9,83,62
2023-05-31,Wednesday,22,May,2023,11,Portugal,EMEA,Portugal Hub,RETENTION_VOICE_T2,Chat,Premium,Retention,Tier 1,Telecom,63,51,34,17,17,794,26996,264.6666667,20,0,0,84,0,71,71
2023-11-14,Tuesday,46,November,2023,20,South Africa,EMEA,Cape Town,EMEA_CORE_EMAIL_TIER2,Voice,Consumer,Support,Tier 2,Banking,284,284,256,28,28,832,212992,82.02816901,18,7,8,94,8,81,85
2022-09-12,Monday,37,September,2022,10,United Kingdom,EMEA,London,CUSTOMER_SUPPORT_CHAT_T1,Chat,Premium,Customer Support,Tier 1,Retail,495,509,487,22,22,498,242526,21.52455796,29,8,10,77,8,71,62
2024-10-25,Friday,43,October,2024,20,Romania,EMEA,Romania Hub,EMEA_CORE_EMAIL_T2,Email,Enterprise,Support,Tier 3,Healthcare,100,92,77,15,15,291,22407,47.44565217,23,0,0,90,0,70,62
2025-10-03,Friday,40,October,2025,21,Russia,EMEA,Russia Hub,EMEA_EMAIL_SUPPORT_T3,Email,Premium,Support,Tier 3,Banking,175,175,173,2,2,534,92382,6.102857143,17,3,4,69,3,77,62
2022-05-03,Tuesday,18,May,2022,7,Slovakia,EMEA,Slovakia Hub,EMEA_EMAIL_SUPPORT_T3,Voice,Premium,Support,Tier 2,Banking,233,241,213,28,28,475,101175,55.18672199,27,3,4,94,4,73,64
2022-03-19,Saturday,11,March,2022,11,Luxembourg,EMEA,Luxembourg Hub,EMEA_CHAT_SUPPORT_T1,Email,Enterprise,Support,Tier 2,Retail,295,314,297,17,17,257,76329,13.91401274,19,2,2,83,2,79,63
2023-07-06,Thursday,27,July,2023,0,Israel,EMEA,Israel Hub,EMEA_RETAIL_VOICE_T2,Chat,Enterprise,Support,Tier 1,Retail,75,68,68,0,0,720,48960,0.0,30,1,1,91,1,71,70
2023-10-24,Tuesday,43,October,2023,0,Morocco,EMEA,Morocco Hub,CUSTOMER_SUPPORT_CHAT_T1,Voice,Premium,Customer Support,Tier 2,E-commerce,125,110,107,3,3,272,29104,7.418181818,21,1,1,86,1,79,61
2024-09-23,Monday,39,September,2024,3,Bulgaria,EMEA,Bulgaria Hub,EMEA_RETAIL_VOICE_T2,Chat,Enterprise,Support,Tier 1,E-commerce,172,178,171,7,7,343,58653,13.48876404,31,2,3,85,3,93,73
2023-06-18,Sunday,24,June,2023,3,Belgium,EMEA,Belgium Hub,EMEA_EMAIL_SUPPORT_T3,Chat,Consumer,Support,Tier 1,Retail,492,476,473,3,3,254,120142,1.600840336,32,4,5,86,4,92,79
2025-05-22,Thursday,21,May,2025,6,Luxembourg,EMEA,Luxembourg Hub,INBOUND_VOICE_TIER1,Voice,Enterprise,Inbound,Tier 1,Healthcare,415,425,400,25,25,381,152400,22.41176471,35,5,7,84,6,70,82
2024-08-27,Tuesday,35,August,2024,20,Norway,EMEA,Norway Hub,EMEA_RETAIL_VOICE_T2,Voice,Premium,Support,Tier 1,Retail,460,444,420,24,24,384,161280,20.75675676,21,5,6,86,5,93,67
2022-10-03,Monday,40,October,2022,5,Czech Republic,EMEA,Czech Republic Hub,EMEA_CHAT_SUPPORT_T1,Email,Premium,Support,Tier 3,Retail,388,405,399,6,6,341,136059,5.051851852,35,4,5,66,3,95,66
2025-08-02,Saturday,31,August,2025,0,Greece,EMEA,Greece Hub,TECH_SUPPORT_EMAIL_T3,Email,Consumer,Tech Support,Tier 1,Retail,75,69,48,21,21,475,22800,144.5652174,24,0,0,68,0,94,66
2022-06-16,Thursday,24,June,2022,11,Belgium,EMEA,Belgium Hub,EMEA_RETAIL_VOICE_T2,Chat,Premium,Support,Tier 1,Telecom,180,162,149,13,13,225,33525,18.05555556,27,1,1,68,1,83,69
2021-05-14,Friday,19,May,2021,4,Netherlands,EMEA,Amsterdam,TECH_SUPPORT_EMAIL_T3,Voice,Premium,Tech Support,Tier 1,Telecom,291,277,270,7,7,750,202500,18.95306859,27,7,9,71,6,92,82
2025-05-23,Friday,21,May,2025,22,United Kingdom,EMEA,London,EMEA_CORE_EMAIL_T2,Voice,Enterprise,Support,Tier 3,Banking,498,499,495,4,4,320,158400,2.565130261,15,5,6,65,4,90,75
2025-08-22,Friday,34,August,2025,4,Kenya,EMEA,Kenya Hub,EMEA_EMAIL_SUPPORT_T3,Chat,Enterprise,Support,Tier 3,E-commerce,339,322,314,8,8,659,206926,16.37267081,28,7,9,69,6,87,69
2023-03-23,Thursday,12,March,2023,4,Iceland,EMEA,Iceland Hub,CUSTOMER_SUPPORT_CHAT_T1,Email,Enterprise,Customer Support,Tier 3,Banking,201,194,177,17,17,182,32214,15.94845361,22,1,1,66,1,75,69
2025-08-05,Tuesday,32,August,2025,13,Slovakia,EMEA,Slovakia Hub,EMEA_CHAT_SUPPORT_T1,Chat,Premium,Support,Tier 3,Retail,160,169,158,11,11,344,54352,22.39053254,25,1,1,77,1,78,88
2023-07-17,Monday,29,July,2023,3,Luxembourg,EMEA,Luxembourg Hub,TECH_SUPPORT_EMAIL_T3,Chat,Enterprise,Tech Support,Tier 1,E-commerce,396,422,401,21,21,735,294735,36.57582938,22,10,12,78,9,72,75
2023-06-10,Saturday,23,June,2023,15,Greece,EMEA,Greece Hub,INBOUND_VOICE_TIER1,Voice,Premium,Inbound,Tier 2,Banking,464,488,479,9,9,741,354939,13.66598361,15,12,14,91,13,94,68
2023-06-06,Tuesday,23,June,2023,12,Belgium,EMEA,Belgium Hub,EMEA_CHAT_SUPPORT_T1,Voice,Enterprise,Support,Tier 1,Retail,297,327,301,26,26,421,126721,33.47400612,22,4,5,69,3,71,86
2025-06-05,Thursday,23,June,2025,4,Netherlands,EMEA,Amsterdam,TECH_SUPPORT_EMAIL_T3,Email,Premium,Tech Support,Tier 2,Telecom,414,407,398,9,9,695,276610,15.36855037,21,9,11,78,9,93,68
2021-12-14,Tuesday,50,December,2021,10,Bulgaria,EMEA,Bulgaria Hub,EMEA_CORE_EMAIL_T2,Email,Consumer,Support,Tier 3,Telecom,207,196,183,13,13,896,163968,59.42857143,21,5,6,88,5,82,83
2024-08-04,Sunday,31,August,2024,16,United Kingdom,EMEA,London,EMEA_CORE_EMAIL_TIER2,Voice,Premium,Support,Tier 3,Telecom,424,404,394,10,10,802,315988,19.85148515,35,10,14,79,11,81,71
2025-05-25,Sunday,21,May,2025,23,Iceland,EMEA,Iceland Hub,RETENTION_VOICE_T2,Voice,Enterprise,Retention,Tier 1,E-commerce,386,409,397,12,12,355,140935,10.41564792,16,4,5,76,4,72,78
2022-09-02,Friday,35,September,2022,14,Spain,EMEA,Madrid,TECH_SUPPORT_EMAIL_T3,Voice,Consumer,Tech Support,Tier 2,Banking,63,84,64,20,20,703,44992,167.3809524,26,1,1,85,1,87,74
2024-05-01,Wednesday,18,May,2024,16,Slovakia,EMEA,Slovakia Hub,EMEA_CORE_EMAIL_TIER2,Email,Enterprise,Support,Tier 1,Retail,372,373,365,8,8,883,322295,18.9383378,19,11,13,80,10,79,83
2025-04-10,Thursday,15,April,2025,17,Netherlands,EMEA,Amsterdam,EMEA_RETAIL_VOICE_T2,Chat,Premium,Support,Tier 3,Telecom,500,509,498,11,11,614,305772,13.26915521,27,10,13,76,10,78,61
2023-03-24,Friday,12,March,2023,14,Netherlands,EMEA,Amsterdam,EMEA_EMAIL_SUPPORT_T3,Chat,Consumer,Support,Tier 1,Telecom,434,432,402,30,30,356,143112,24.72222222,24,4,5,76,4,70,83
2025-05-15,Thursday,20,May,2025,10,Denmark,EMEA,Denmark Hub,RETENTION_VOICE_T2,Email,Consumer,Retention,Tier 1,E-commerce,430,436,415,21,21,192,79680,9.247706422,34,2,3,65,2,92,65
2024-12-25,Wednesday,52,December,2024,0,Turkey,EMEA,Turkey Hub,OUTBOUND_SALES_T2,Chat,Enterprise,Outbound,Tier 1,Retail,463,455,449,6,6,447,200703,5.894505495,15,6,7,69,5,70,87
2022-03-10,Thursday,10,March,2022,5,Czech Republic,EMEA,Czech Republic Hub,TECH_SUPPORT_EMAIL_T3,Voice,Consumer,Tech Support,Tier 1,Retail,187,214,201,13,13,609,122409,36.9953271,21,4,5,95,5,76,69
2021-01-16,Saturday,2,January,2021,12,Slovakia,EMEA,Slovakia Hub,INBOUND_VOICE_TIER1,Email,Premium,Inbound,Tier 2,E-commerce,163,164,157,7,7,498,78186,21.25609756,30,2,3,89,3,92,64
2022-08-21,Sunday,33,August,2022,5,Norway,EMEA,Norway Hub,RETENTION_VOICE_T2,Chat,Premium,Retention,Tier 2,E-commerce,398,389,372,17,17,290,107880,12.67352185,16,3,3,94,3,85,71
2021-02-17,Wednesday,7,February,2021,13,Finland,EMEA,Finland Hub,EMEA_RETAIL_VOICE_T2,Email,Enterprise,Support,Tier 3,Healthcare,271,277,251,26,26,733,183983,68.80144404,32,6,8,66,5,88,78
2021-11-07,Sunday,44,November,2021,9,Portugal,EMEA,Portugal Hub,CUSTOMER_SUPPORT_CHAT_T1,Voice,Premium,Customer Support,Tier 2,Banking,269,290,290,0,0,465,134850,0.0,19,4,5,87,4,79,72
2024-05-18,Saturday,20,May,2024,21,United Kingdom,EMEA,London,EMEA_EMAIL_SUPPORT_T3,Voice,Consumer,Support,Tier 3,Banking,400,392,388,4,4,715,277420,7.295918367,25,9,11,80,9,83,85
2024-08-21,Wednesday,34,August,2024,17,South Africa,EMEA,Cape Town,EMEA_CORE_EMAIL_T2,Voice,Premium,Support,Tier 2,Retail,211,209,196,13,13,850,166600,52.8708134,33,5,7,65,5,85,65
2022-03-25,Friday,12,March,2022,7,Romania,EMEA,Romania Hub,CUSTOMER_SUPPORT_CHAT_T1,Chat,Consumer,Customer Support,Tier 2,Telecom,224,242,241,1,1,570,137370,2.355371901,28,4,5,92,5,75,71
2022-10-01,Saturday,39,October,2022,1,Portugal,EMEA,Portugal Hub,EMEA_CORE_EMAIL_TIER2,Email,Consumer,Support,Tier 1,E-commerce,401,405,377,28,28,196,73892,13.55061728,23,2,2,84,2,76,62
2021-04-16,Friday,15,April,2021,0,Poland,EMEA,Poland Hub,EMEA_CHAT_SUPPORT_T1,Email,Enterprise,Support,Tier 1,Banking,174,200,183,17,17,370,67710,31.45,22,2,2,89,2,84,77
2021-11-18,Thursday,46,November,2021,19,Slovakia,EMEA,Slovakia Hub,EMEA_CHAT_SUPPORT_T1,Voice,Enterprise,Support,Tier 2,E-commerce,336,325,325,0,0,594,193050,0.0,34,6,8,95,8,77,63
2021-01-10,Sunday,1,January,2021,21,Poland,EMEA,Poland Hub,INBOUND_VOICE_TIER1,Email,Premium,Inbound,Tier 2,E-commerce,132,146,143,3,3,601,85943,12.34931507,31,2,3,71,2,88,60
2024-07-11,Thursday,28,July,2024,8,Hungary,EMEA,Hungary Hub,EMEA_CORE_EMAIL_TIER2,Chat,Consumer,Support,Tier 3,E-commerce,355,365,360,5,5,465,167400,6.369863014,21,5,6,67,4,82,68
2025-11-20,Thursday,47,November,2025,4,Greece,EMEA,Greece Hub,INBOUND_VOICE_TIER1,Chat,Premium,Inbound,Tier 1,E-commerce,185,177,172,5,5,361,62092,10.19774011,28,2,3,76,2,83,66
2024-12-17,Tuesday,51,December,2024,1,Slovenia,EMEA,Slovenia Hub,EMEA_CORE_EMAIL_TIER2,Email,Enterprise,Support,Tier 2,Banking,156,144,137,7,7,196,26852,9.527777778,15,0,0,94,0,83,78
2023-10-02,Monday,40,October,2023,8,Italy,EMEA,Rome,TECH_SUPPORT_EMAIL_T3,Chat,Premium,Tech Support,Tier 2,Banking,79,86,59,27,27,750,44250,235.4651163,18,1,1,83,1,77,87
2022-05-02,Monday,18,May,2022,0,Israel,EMEA,Israel Hub,INBOUND_VOICE_TIER1,Email,Consumer,Inbound,Tier 1,Healthcare,369,372,345,27,27,827,285315,60.02419355,23,9,11,90,10,92,60
2023-08-19,Saturday,33,August,2023,6,Morocco,EMEA,Morocco Hub,EMEA_CHAT_SUPPORT_T1,Email,Premium,Support,Tier 3,Banking,149,130,117,13,13,520,60840,52.0,26,2,3,68,2,71,64
2021-06-25,Friday,25,June,2021,16,France,EMEA,Paris,EMEA_CHAT_SUPPORT_T1,Chat,Consumer,Support,Tier 2,Healthcare,149,158,144,14,14,842,121248,74.60759494,25,4,5,85,4,90,69
2022-12-18,Sunday,50,December,2022,7,Israel,EMEA,Israel Hub,EMEA_CHAT_SUPPORT_T1,Email,Enterprise,Support,Tier 2,Banking,383,370,370,0,0,600,222000,0.0,35,7,9,72,6,77,64
2025-04-12,Saturday,15,April,2025,13,Kenya,EMEA,Kenya Hub,EMEA_EMAIL_SUPPORT_T3,Email,Premium,Support,Tier 3,Telecom,494,500,474,26,26,426,201924,22.152,35,7,9,76,7,82,83
2024-09-12,Thursday,37,September,2024,9,Poland,EMEA,Poland Hub,EMEA_CORE_EMAIL_T2,Chat,Consumer,Support,Tier 3,Retail,376,365,349,16,16,677,236273,29.67671233,16,8,9,80,7,95,86
2023-01-19,Thursday,3,January,2023,21,Turkey,EMEA,Turkey Hub,EMEA_RETAIL_VOICE_T2,Email,Consumer,Support,Tier 1,Retail,352,374,366,8,8,495,181170,10.58823529,22,6,7,66,5,80,66
2022-01-01,Saturday,52,January,2022,13,South Africa,EMEA,Cape Town,EMEA_RETAIL_VOICE_T2,Voice,Enterprise,Support,Tier 1,Healthcare,292,305,297,8,8,644,191268,16.89180328,34,6,8,92,7,93,79
2023-05-26,Friday,21,May,2023,6,Netherlands,EMEA,Amsterdam,CUSTOMER_SUPPORT_CHAT_T1,Voice,Enterprise,Customer Support,Tier 2,Telecom,319,330,328,2,2,773,253544,4.684848485,33,8,11,91,10,87,65
2021-06-26,Saturday,25,June,2021,10,Denmark,EMEA,Denmark Hub,EMEA_EMAIL_SUPPORT_T3,Chat,Consumer,Support,Tier 2,Telecom,192,210,190,20,20,847,160930,80.66666667,16,5,6,70,4,70,66
2024-05-20,Monday,21,May,2024,19,Romania,EMEA,Romania Hub,INBOUND_VOICE_TIER1,Email,Premium,Inbound,Tier 1,Healthcare,173,181,180,1,1,503,90540,2.779005525,22,3,4,89,4,70,82
2023-06-21,Wednesday,25,June,2023,1,Greece,EMEA,Greece Hub,INBOUND_VOICE_TIER1,Voice,Consumer,Inbound,Tier 1,Banking,409,428,413,15,15,368,151984,12.89719626,35,5,7,71,5,88,84
2024-05-25,Saturday,21,May,2024,14,Luxembourg,EMEA,Luxembourg Hub,TECH_SUPPORT_EMAIL_T3,Chat,Premium,Tech Support,Tier 3,Banking,65,70,61,9,9,645,39345,82.92857143,15,1,1,92,1,93,68
2021-02-12,Friday,6,February,2021,7,Netherlands,EMEA,Amsterdam,EMEA_CHAT_SUPPORT_T1,Email,Premium,Support,Tier 2,E-commerce,224,240,211,29,29,407,85877,49.17916667,21,2,2,72,1,75,79
2023-08-13,Sunday,32,August,2023,8,Turkey,EMEA,Turkey Hub,EMEA_CHAT_SUPPORT_T1,Chat,Enterprise,Support,Tier 2,E-commerce,267,257,244,13,13,202,49288,10.21789883,20,1,1,88,1,79,86
2024-04-06,Saturday,14,April,2024,14,Romania,EMEA,Romania Hub,RETENTION_VOICE_T2,Voice,Enterprise,Retention,Tier 1,E-commerce,482,475,469,6,6,292,136948,3.688421053,21,4,5,88,4,88,64
2022-10-09,Sunday,40,October,2022,5,Hungary,EMEA,Hungary Hub,RETENTION_VOICE_T2,Email,Consumer,Retention,Tier 3,Healthcare,443,472,443,29,29,336,148848,20.6440678,15,5,6,94,6,70,78
2022-10-17,Monday,42,October,2022,22,Romania,EMEA,Romania Hub,TECH_SUPPORT_EMAIL_T3,Voice,Enterprise,Tech Support,Tier 3,Telecom,351,333,307,26,26,716,219812,55.9039039,32,7,9,95,9,82,68
2023-02-06,Monday,6,February,2023,9,United Kingdom,EMEA,London,OUTBOUND_SALES_T2,Voice,Premium,Outbound,Tier 2,Banking,261,279,268,11,11,506,135608,19.94982079,17,4,5,69,3,76,61
2023-10-31,Tuesday,44,October,2023,7,Spain,EMEA,Madrid,OUTBOUND_SALES_T2,Email,Consumer,Outbound,Tier 3,Healthcare,248,261,249,12,12,746,185754,34.29885057,35,6,8,94,8,86,63
2023-12-16,Saturday,50,December,2023,16,United Kingdom,EMEA,London,EMEA_CORE_EMAIL_TIER2,Chat,Consumer,Support,Tier 3,Healthcare,119,112,100,12,12,670,67000,71.78571429,28,2,3,77,2,90,73
2025-03-01,Saturday,9,March,2025,20,Bulgaria,EMEA,Bulgaria Hub,EMEA_CHAT_SUPPORT_T1,Email,Enterprise,Support,Tier 2,E-commerce,211,213,197,16,16,265,52205,19.90610329,17,1,1,72,1,86,62
2023-10-14,Saturday,41,October,2023,13,Norway,EMEA,Norway Hub,INBOUND_VOICE_TIER1,Email,Premium,Inbound,Tier 3,Healthcare,481,467,447,20,20,431,192657,18.45824411,15,6,7,94,7,85,76
2024-06-16,Sunday,24,June,2024,8,Sweden,EMEA,Sweden Hub,EMEA_CHAT_SUPPORT_T1,Voice,Consumer,Support,Tier 3,E-commerce,406,399,388,11,11,324,125712,8.932330827,34,4,5,91,5,93,65
2025-10-20,Monday,43,October,2025,2,Slovakia,EMEA,Slovakia Hub,TECH_SUPPORT_EMAIL_T3,Chat,Enterprise,Tech Support,Tier 3,Telecom,283,290,283,7,7,635,179705,15.32758621,19,6,7,75,5,91,84
2024-04-13,Saturday,15,April,2024,1,United Kingdom,EMEA,London,EMEA_RETAIL_VOICE_T2,Chat,Enterprise,Support,Tier 1,Telecom,454,466,455,11,11,889,404495,20.98497854,21,14,17,70,12,77,85
2025-07-07,Monday,28,July,2025,0,Sweden,EMEA,Sweden Hub,CUSTOMER_SUPPORT_CHAT_T1,Chat,Premium,Customer Support,Tier 1,Banking,147,148,119,29,29,305,36295,59.76351351,33,1,1,75,1,84,74
2021-01-08,Friday,1,January,2021,22,Turkey,EMEA,Turkey Hub,EMEA_EMAIL_SUPPORT_T3,Email,Premium,Support,Tier 1,Telecom,356,337,317,20,20,649,205733,38.51632047,32,7,9,90,8,76,88
2021-11-30,Tuesday,48,November,2021,4,Portugal,EMEA,Portugal Hub,EMEA_RETAIL_VOICE_T2,Chat,Consumer,Support,Tier 3,Telecom,76,71,54,17,17,751,40554,179.8169014,28,1,1,86,1,85,73
2023-03-12,Sunday,10,March,2023,14,Ukraine,EMEA,Ukraine Hub,EMEA_CHAT_SUPPORT_T1,Chat,Enterprise,Support,Tier 1,Retail,172,173,170,3,3,577,98090,10.00578035,16,3,3,69,2,81,85
2024-03-16,Saturday,11,March,2024,20,Portugal,EMEA,Portugal Hub,CUSTOMER_SUPPORT_CHAT_T1,Voice,Enterprise,Customer Support,Tier 3,Retail,311,302,273,29,29,214,58422,20.54966887,21,2,2,72,1,83,62
2021-06-26,Saturday,25,June,2021,12,Denmark,EMEA,Denmark Hub,OUTBOUND_SALES_T2,Chat,Premium,Outbound,Tier 3,E-commerce,97,92,89,3,3,636,56604,20.73913043,32,1,1,73,1,84,84
2023-10-28,Saturday,43,October,2023,12,Russia,EMEA,Russia Hub,TECH_SUPPORT_EMAIL_T3,Chat,Enterprise,Tech Support,Tier 3,E-commerce,498,483,477,6,6,473,225621,5.875776398,24,7,9,69,6,77,87
2022-04-15,Friday,15,April,2022,10,Portugal,EMEA,Portugal Hub,INBOUND_VOICE_TIER1,Voice,Premium,Inbound,Tier 1,Banking,168,173,155,18,18,841,130355,87.50289017,29,4,5,80,4,89,82
2025-09-18,Thursday,38,September,2025,17,Finland,EMEA,Finland Hub,TECH_SUPPORT_EMAIL_T3,Chat,Enterprise,Tech Support,Tier 1,Banking,492,499,478,21,21,416,198848,17.50701403,21,6,7,91,6,93,89
2025-07-30,Wednesday,31,July,2025,22,Greece,EMEA,Greece Hub,EMEA_RETAIL_VOICE_T2,Chat,Premium,Support,Tier 1,Retail,457,443,425,18,18,419,178075,17.0248307,19,6,7,77,5,73,69
2022-09-25,Sunday,38,September,2022,17,Spain,EMEA,Madrid,TECH_SUPPORT_EMAIL_T3,Email,Consumer,Tech Support,Tier 3,Banking,60,83,71,12,12,426,30246,61.59036145,35,1,1,75,1,91,64
2025-10-30,Thursday,44,October,2025,18,Denmark,EMEA,Denmark Hub,EMEA_CHAT_SUPPORT_T1,Chat,Enterprise,Support,Tier 2,Telecom,155,144,126,18,18,310,39060,38.75,34,1,1,76,1,79,70
2023-05-14,Sunday,19,May,2023,16,Ukraine,EMEA,Ukraine Hub,EMEA_CORE_EMAIL_T2,Chat,Enterprise,Support,Tier 3,Telecom,231,218,207,11,11,503,104121,25.38073395,18,3,4,92,4,77,73
2022-01-17,Monday,3,January,2022,15,Greece,EMEA,Greece Hub,INBOUND_VOICE_TIER1,Voice,Consumer,Inbound,Tier 1,Healthcare,448,452,443,9,9,682,302126,13.57964602,24,10,12,87,10,86,62
2021-04-03,Saturday,13,April,2021,10,Ukraine,EMEA,Ukraine Hub,INBOUND_VOICE_TIER1,Chat,Premium,Inbound,Tier 2,Telecom,207,229,202,27,27,698,140996,82.29694323,29,4,5,90,5,88,80
2024-06-24,Monday,26,June,2024,15,Belgium,EMEA,Belgium Hub,EMEA_CHAT_SUPPORT_T1,Chat,Consumer,Support,Tier 1,Banking,438,423,399,24,24,186,74214,10.55319149,20,2,2,75,2,89,62
2025-05-01,Thursday,18,May,2025,2,United Kingdom,EMEA,London,RETENTION_VOICE_T2,Email,Consumer,Retention,Tier 1,Retail,166,156,132,24,24,740,97680,113.8461538,23,3,4,92,4,70,90
2022-04-20,Wednesday,16,April,2022,20,Slovenia,EMEA,Slovenia Hub,RETENTION_VOICE_T2,Email,Premium,Retention,Tier 1,E-commerce,205,229,200,29,29,659,131800,83.45414847,34,4,5,90,5,70,86
2024-09-05,Thursday,36,September,2024,6,Sweden,EMEA,Sweden Hub,EMEA_CORE_EMAIL_TIER2,Email,Premium,Support,Tier 2,Banking,203,229,202,27,27,494,99788,58.24454148,24,3,4,83,3,83,73
2021-02-16,Tuesday,7,February,2021,7,Finland,EMEA,Finland Hub,RETENTION_VOICE_T2,Email,Premium,Retention,Tier 2,Telecom,488,486,463,23,23,726,336138,34.35802469,35,11,15,66,10,80,75
2023-12-21,Thursday,51,December,2023,23,Hungary,EMEA,Hungary Hub,CUSTOMER_SUPPORT_CHAT_T1,Chat,Consumer,Customer Support,Tier 1,Banking,324,309,291,18,18,881,256371,51.32038835,17,8,9,83,7,92,69
2023-01-18,Wednesday,3,January,2023,16,Kenya,EMEA,Kenya Hub,TECH_SUPPORT_EMAIL_T3,Chat,Premium,Tech Support,Tier 3,Telecom,431,425,421,4,4,411,173031,3.868235294,34,6,8,73,6,75,83
2022-04-11,Monday,15,April,2022,9,Portugal,EMEA,Portugal Hub,CUSTOMER_SUPPORT_CHAT_T1,Email,Consumer,Customer Support,Tier 3,Healthcare,214,199,186,13,13,584,108624,38.15075377,23,3,4,77,3,73,70
2022-05-02,Monday,18,May,2022,12,South Africa,EMEA,Cape Town,EMEA_CORE_EMAIL_TIER2,Chat,Consumer,Support,Tier 2,Retail,372,395,370,25,25,513,189810,32.46835443,21,6,7,91,6,70,86
2024-06-22,Saturday,25,June,2024,13,Portugal,EMEA,Portugal Hub,OUTBOUND_SALES_T2,Voice,Premium,Outbound,Tier 1,Telecom,404,409,392,17,17,597,234024,24.81418093,25,8,10,90,9,73,60
2023-03-18,Saturday,11,March,2023,14,Ukraine,EMEA,Ukraine Hub,CUSTOMER_SUPPORT_CHAT_T1,Voice,Premium,Customer Support,Tier 3,Healthcare,479,480,468,12,12,518,242424,12.95,33,8,11,77,8,72,69
2025-02-23,Sunday,8,February,2025,3,France,EMEA,Paris,INBOUND_VOICE_TIER1,Chat,Consumer,Inbound,Tier 2,Banking,299,286,257,29,29,387,99459,39.24125874,20,3,4,69,3,71,62
2022-05-09,Monday,19,May,2022,22,Germany,EMEA,Berlin,OUTBOUND_SALES_T2,Voice,Enterprise,Outbound,Tier 3,Healthcare,439,460,430,30,30,842,362060,54.91304348,35,12,16,66,11,86,69
2022-03-28,Monday,13,March,2022,12,Slovenia,EMEA,Slovenia Hub,EMEA_RETAIL_VOICE_T2,Email,Consumer,Support,Tier 2,Retail,420,422,417,5,5,458,190986,5.426540284,19,6,7,71,5,77,89
2024-07-31,Wednesday,31,July,2024,23,Russia,EMEA,Russia Hub,OUTBOUND_SALES_T2,Chat,Enterprise,Outbound,Tier 1,Telecom,152,144,137,7,7,494,67678,24.01388889,17,2,2,82,2,84,85
2021-03-30,Tuesday,13,March,2021,11,United Kingdom,EMEA,London,RETENTION_VOICE_T2,Voice,Consumer,Retention,Tier 3,E-commerce,246,234,227,7,7,343,77861,10.26068376,26,2,3,95,3,92,88
2022-04-30,Saturday,17,April,2022,2,Sweden,EMEA,Sweden Hub,EMEA_CHAT_SUPPORT_T1,Email,Consumer,Support,Tier 1,E-commerce,75,82,69,13,13,423,29187,67.06097561,31,1,1,84,1,82,89
2024-02-21,Wednesday,8,February,2024,20,South Africa,EMEA,Cape Town,EMEA_RETAIL_VOICE_T2,Email,Premium,Support,Tier 2,Healthcare,253,251,225,26,26,197,44325,20.4063745,27,1,1,79,1,79,69
2024-08-22,Thursday,34,August,2024,17,Spain,EMEA,Madrid,OUTBOUND_SALES_T2,Chat,Premium,Outbound,Tier 3,Healthcare,77,67,58,9,9,660,38280,88.65671642,32,1,1,68,1,86,76
2023-10-09,Monday,41,October,2023,13,Poland,EMEA,Poland Hub,INBOUND_VOICE_TIER1,Chat,Consumer,Inbound,Tier 1,E-commerce,340,357,350,7,7,802,280700,15.7254902,26,9,11,84,9,76,65
2024-12-11,Wednesday,50,December,2024,15,Slovenia,EMEA,Slovenia Hub,TECH_SUPPORT_EMAIL_T3,Chat,Enterprise,Tech Support,Tier 3,Telecom,349,333,329,4,4,539,177331,6.474474475,15,6,7,95,7,91,66
2023-10-17,Tuesday,42,October,2023,8,Bulgaria,EMEA,Bulgaria Hub,EMEA_CORE_EMAIL_TIER2,Email,Consumer,Support,Tier 3,E-commerce,372,392,374,18,18,417,155958,19.14795918,35,5,7,87,6,93,64
2022-06-17,Friday,24,June,2022,15,Spain,EMEA,Madrid,EMEA_CORE_EMAIL_T2,Email,Consumer,Support,Tier 3,Telecom,129,156,145,11,11,432,62640,30.46153846,18,2,2,73,1,83,64
2022-10-18,Tuesday,42,October,2022,3,Ireland,EMEA,Dublin,OUTBOUND_SALES_T2,Voice,Premium,Outbound,Tier 1,Telecom,412,428,422,6,6,349,147278,4.892523365,30,5,7,93,7,86,87
2023-11-02,Thursday,44,November,2023,17,Germany,EMEA,Berlin,EMEA_CORE_EMAIL_T2,Email,Enterprise,Support,Tier 2,E-commerce,359,369,366,3,3,801,293166,6.512195122,30,10,13,88,11,70,87
2022-10-25,Tuesday,43,October,2022,7,Germany,EMEA,Berlin,EMEA_CORE_EMAIL_T2,Voice,Consumer,Support,Tier 1,Telecom,218,240,233,7,7,558,130014,16.275,35,4,5,81,4,82,85
2025-02-13,Thursday,7,February,2025,11,Iceland,EMEA,Iceland Hub,EMEA_CORE_EMAIL_TIER2,Chat,Premium,Support,Tier 1,Banking,386,413,390,23,23,511,199290,28.45762712,22,6,7,87,6,75,82
2021-03-08,Monday,10,March,2021,2,Belgium,EMEA,Belgium Hub,EMEA_CORE_EMAIL_TIER2,Chat,Premium,Support,Tier 2,E-commerce,262,284,283,1,1,526,148858,1.852112676,23,5,6,84,5,93,66
2022-08-23,Tuesday,34,August,2022,6,Luxembourg,EMEA,Luxembourg Hub,EMEA_CHAT_SUPPORT_T1,Email,Consumer,Support,Tier 2,E-commerce,85,99,93,6,6,301,27993,18.24242424,29,0,0,83,0,86,86
2024-08-25,Sunday,34,August,2024,23,Finland,EMEA,Finland Hub,OUTBOUND_SALES_T2,Voice,Premium,Outbound,Tier 2,Healthcare,278,271,253,18,18,443,112079,29.42435424,32,3,4,83,3,74,85
2023-03-26,Sunday,12,March,2023,5,Hungary,EMEA,Hungary Hub,RETENTION_VOICE_T2,Chat,Consumer,Retention,Tier 3,Healthcare,465,465,439,26,26,866,380174,48.42150538,34,13,17,84,14,95,64
2025-01-15,Wednesday,3,January,2025,1,Finland,EMEA,Finland Hub,CUSTOMER_SUPPORT_CHAT_T1,Voice,Consumer,Customer Support,Tier 1,Banking,342,323,322,1,1,218,70196,0.674922601,19,2,2,69,1,89,83
2025-01-25,Saturday,4,January,2025,12,Luxembourg,EMEA,Luxembourg Hub,OUTBOUND_SALES_T2,Email,Consumer,Outbound,Tier 2,Telecom,419,411,409,2,2,324,132516,1.576642336,23,4,5,87,4,81,62
2023-08-18,Friday,33,August,2023,17,Netherlands,EMEA,Amsterdam,EMEA_CORE_EMAIL_TIER2,Email,Premium,Support,Tier 2,Healthcare,429,452,447,5,5,528,236016,5.840707965,25,8,10,88,9,81,78
2022-03-01,Tuesday,9,March,2022,8,Germany,EMEA,Berlin,EMEA_CORE_EMAIL_T2,Voice,Premium,Support,Tier 1,E-commerce,67,68,43,25,25,826,35518,303.6764706,15,1,1,95,1,78,74
2023-06-21,Wednesday,25,June,2023,0,Denmark,EMEA,Denmark Hub,EMEA_CORE_EMAIL_T2,Email,Premium,Support,Tier 3,Retail,75,76,57,19,19,753,42921,188.25,21,1,1,83,1,91,74
2022-11-22,Tuesday,47,November,2022,13,Italy,EMEA,Rome,CUSTOMER_SUPPORT_CHAT_T1,Chat,Premium,Customer Support,Tier 1,Retail,435,461,442,19,19,584,258128,24.06941432,27,8,10,69,7,74,63
2022-05-19,Thursday,20,May,2022,0,Finland,EMEA,Finland Hub,CUSTOMER_SUPPORT_CHAT_T1,Email,Premium,Customer Support,Tier 3,Telecom,492,516,512,4,4,380,194560,2.945736434,25,6,8,84,7,77,62
2024-09-11,Wednesday,37,September,2024,9,Netherlands,EMEA,Amsterdam,OUTBOUND_SALES_T2,Voice,Premium,Outbound,Tier 3,Healthcare,104,104,81,23,23,353,28593,78.06730769,34,0,0,69,0,75,81
2021-06-24,Thursday,25,June,2021,22,France,EMEA,Paris,CUSTOMER_SUPPORT_CHAT_T1,Voice,Consumer,Customer Support,Tier 1,Retail,243,234,229,5,5,764,174956,16.32478632,33,6,8,83,7,91,60
2022-06-03,Friday,22,June,2022,15,Israel,EMEA,Israel Hub,EMEA_EMAIL_SUPPORT_T3,Email,Premium,Support,Tier 3,E-commerce,75,84,71,13,13,272,19312,42.0952381,20,0,0,82,0,95,61
2023-06-26,Monday,26,June,2023,23,Germany,EMEA,Berlin,EMEA_CHAT_SUPPORT_T1,Chat,Consumer,Support,Tier 1,Healthcare,449,466,456,10,10,650,296400,13.94849785,34,10,13,75,10,70,89
2021-01-22,Friday,3,January,2021,19,South Africa,EMEA,Cape Town,EMEA_EMAIL_SUPPORT_T3,Voice,Premium,Support,Tier 1,Banking,368,364,336,28,28,306,102816,23.53846154,19,3,4,72,3,88,90
2025-11-23,Sunday,47,November,2025,0,Romania,EMEA,Romania Hub,RETENTION_VOICE_T2,Email,Enterprise,Retention,Tier 1,Healthcare,94,109,107,2,2,863,92341,15.83486239,26,3,4,86,3,77,62
2022-03-05,Saturday,9,March,2022,21,Bulgaria,EMEA,Bulgaria Hub,RETENTION_VOICE_T2,Voice,Enterprise,Retention,Tier 1,Telecom,350,374,357,17,17,223,79611,10.13636364,21,2,2,80,2,88,80
2025-05-14,Wednesday,20,May,2025,12,Slovenia,EMEA,Slovenia Hub,RETENTION_VOICE_T2,Chat,Consumer,Retention,Tier 1,Retail,296,299,284,15,15,393,111612,19.71571906,25,3,4,94,4,80,76
2021-08-25,Wednesday,34,August,2021,1,Germany,EMEA,Berlin,EMEA_CORE_EMAIL_TIER2,Voice,Consumer,Support,Tier 3,E-commerce,369,362,353,9,9,646,228038,16.06077348,34,7,9,67,6,83,80
2022-06-08,Wednesday,23,June,2022,2,Morocco,EMEA,Morocco Hub,EMEA_RETAIL_VOICE_T2,Voice,Consumer,Support,Tier 2,Telecom,364,387,372,15,15,507,188604,19.65116279,30,6,8,90,7,92,87
2024-01-04,Thursday,1,January,2024,23,France,EMEA,Paris,OUTBOUND_SALES_T2,Chat,Premium,Outbound,Tier 2,Telecom,80,76,58,18,18,372,21576,88.10526316,22,0,0,65,0,93,89
2021-05-12,Wednesday,19,May,2021,12,Russia,EMEA,Russia Hub,INBOUND_VOICE_TIER1,Email,Consumer,Inbound,Tier 1,Retail,124,140,137,3,3,544,74528,11.65714286,31,2,3,87,3,74,77
2023-03-29,Wednesday,13,March,2023,19,Finland,EMEA,Finland Hub,INBOUND_VOICE_TIER1,Chat,Enterprise,Inbound,Tier 2,E-commerce,431,445,438,7,7,403,176514,6.339325843,22,6,7,94,7,76,88
2023-04-24,Monday,17,April,2023,4,Turkey,EMEA,Turkey Hub,EMEA_EMAIL_SUPPORT_T3,Voice,Enterprise,Support,Tier 1,Telecom,219,228,227,1,1,415,94205,1.820175439,21,3,4,77,3,87,90
2021-08-28,Saturday,34,August,2021,12,France,EMEA,Paris,OUTBOUND_SALES_T2,Email,Enterprise,Outbound,Tier 1,Retail,441,471,443,28,28,832,368576,49.46072187,28,12,15,92,14,77,89
2023-06-11,Sunday,23,June,2023,6,Kenya,EMEA,Kenya Hub,EMEA_CORE_EMAIL_TIER2,Voice,Premium,Support,Tier 1,Retail,112,111,98,13,13,837,82026,98.02702703,16,2,2,88,2,92,89
2021-07-31,Saturday,30,July,2021,23,Kenya,EMEA,Kenya Hub,TECH_SUPPORT_EMAIL_T3,Email,Enterprise,Tech Support,Tier 1,Banking,351,380,358,22,22,634,226972,36.70526316,25,7,9,90,8,86,80
2022-12-21,Wednesday,51,December,2022,20,Romania,EMEA,Romania Hub,EMEA_RETAIL_VOICE_T2,Chat,Enterprise,Support,Tier 2,Retail,112,141,113,28,28,263,29719,52.22695035,19,1,1,67,1,72,89
2025-07-30,Wednesday,31,July,2025,3,Kenya,EMEA,Kenya Hub,EMEA_CORE_EMAIL_T2,Voice,Premium,Support,Tier 1,Banking,393,381,366,15,15,583,213378,22.95275591,17,7,8,73,6,83,68
2021-07-29,Thursday,30,July,2021,6,Norway,EMEA,Norway Hub,TECH_SUPPORT_EMAIL_T3,Email,Premium,Tech Support,Tier 3,Telecom,371,355,336,19,19,604,202944,32.32676056,26,7,9,76,7,79,81
2024-04-19,Friday,16,April,2024,1,Portugal,EMEA,Portugal Hub,EMEA_EMAIL_SUPPORT_T3,Voice,Premium,Support,Tier 2,Telecom,441,444,442,2,2,473,209066,2.130630631,31,7,9,81,7,92,62
2025-01-29,Wednesday,5,January,2025,23,Spain,EMEA,Madrid,TECH_SUPPORT_EMAIL_T3,Voice,Premium,Tech Support,Tier 2,Telecom,322,331,315,16,16,236,74340,11.40785498,27,2,3,95,3,95,87
2022-08-21,Sunday,33,August,2022,20,Hungary,EMEA,Hungary Hub,TECH_SUPPORT_EMAIL_T3,Email,Consumer,Tech Support,Tier 2,Healthcare,316,314,292,22,22,854,249368,59.8343949,20,8,10,79,8,80,84
2024-08-22,Thursday,34,August,2024,11,Germany,EMEA,Berlin,OUTBOUND_SALES_T2,Chat,Consumer,Outbound,Tier 2,E-commerce,203,201,190,11,11,679,129010,37.15920398,24,4,5,77,4,78,65
2022-11-08,Tuesday,45,November,2022,1,Ukraine,EMEA,Ukraine Hub,EMEA_EMAIL_SUPPORT_T3,Chat,Premium,Support,Tier 2,Banking,481,463,457,6,6,338,154466,4.38012959,18,5,6,78,5,73,68
2021-09-16,Thursday,37,September,2021,8,Denmark,EMEA,Denmark Hub,EMEA_EMAIL_SUPPORT_T3,Voice,Consumer,Support,Tier 3,Banking,79,59,47,12,12,324,15228,65.89830508,22,0,0,80,0,80,74
2023-07-17,Monday,29,July,2023,17,Iceland,EMEA,Iceland Hub,EMEA_CHAT_SUPPORT_T1,Chat,Premium,Support,Tier 1,Banking,64,90,88,2,2,715,62920,15.88888889,29,2,3,90,3,83,87
2021-11-05,Friday,44,November,2021,12,France,EMEA,Paris,EMEA_CHAT_SUPPORT_T1,Email,Enterprise,Support,Tier 3,E-commerce,414,423,411,12,12,548,225228,15.54609929,17,7,8,79,6,88,72
2023-05-26,Friday,21,May,2023,2,Luxembourg,EMEA,Luxembourg Hub,RETENTION_VOICE_T2,Chat,Premium,Retention,Tier 1,Telecom,168,188,167,21,21,705,117735,78.75,28,4,5,81,4,85,70
2023-07-10,Monday,28,July,2023,6,Ireland,EMEA,Dublin,EMEA_EMAIL_SUPPORT_T3,Chat,Enterprise,Support,Tier 3,Healthcare,142,126,107,19,19,637,68159,96.05555556,34,2,3,88,3,88,62
2023-01-17,Tuesday,3,January,2023,12,Ukraine,EMEA,Ukraine Hub,OUTBOUND_SALES_T2,Email,Enterprise,Outbound,Tier 3,Healthcare,181,207,199,8,8,186,37014,7.188405797,22,1,1,72,1,89,61
2023-01-15,Sunday,2,January,2023,22,Turkey,EMEA,Turkey Hub,CUSTOMER_SUPPORT_CHAT_T1,Voice,Enterprise,Customer Support,Tier 3,Telecom,229,212,186,26,26,379,70494,46.48113208,20,2,2,69,1,88,70
2022-09-07,Wednesday,36,September,2022,4,Greece,EMEA,Greece Hub,EMEA_CHAT_SUPPORT_T1,Voice,Consumer,Support,Tier 3,Healthcare,101,118,105,13,13,585,61425,64.44915254,29,2,3,66,2,70,88
2023-11-14,Tuesday,46,November,2023,15,Bulgaria,EMEA,Bulgaria Hub,OUTBOUND_SALES_T2,Voice,Consumer,Outbound,Tier 2,Banking,145,144,131,13,13,507,66417,45.77083333,34,2,3,81,2,93,82
2022-01-31,Monday,5,January,2022,18,South Africa,EMEA,Cape Town,EMEA_RETAIL_VOICE_T2,Chat,Enterprise,Support,Tier 2,Retail,437,443,431,12,12,527,227137,14.27539503,15,7,8,74,6,71,88
2024-10-30,Wednesday,44,October,2024,12,Turkey,EMEA,Turkey Hub,RETENTION_VOICE_T2,Voice,Enterprise,Retention,Tier 3,Healthcare,102,86,65,21,21,799,51935,195.1046512,24,1,1,75,1,80,89
2024-02-03,Saturday,5,February,2024,22,Norway,EMEA,Norway Hub,EMEA_CHAT_SUPPORT_T1,Email,Enterprise,Support,Tier 1,E-commerce,280,295,274,21,21,446,122204,31.74915254,18,4,5,82,4,79,84
2024-03-28,Thursday,13,March,2024,8,Bulgaria,EMEA,Bulgaria Hub,TECH_SUPPORT_EMAIL_T3,Chat,Enterprise,Tech Support,Tier 2,Healthcare,183,178,176,2,2,233,41008,2.617977528,25,1,1,73,1,92,85
2021-09-16,Thursday,37,September,2021,16,Finland,EMEA,Finland Hub,TECH_SUPPORT_EMAIL_T3,Email,Enterprise,Tech Support,Tier 2,E-commerce,255,256,234,22,22,252,58968,21.65625,30,2,3,92,3,72,77
2021-12-13,Monday,50,December,2021,6,Iceland,EMEA,Iceland Hub,EMEA_EMAIL_SUPPORT_T3,Email,Consumer,Support,Tier 2,Healthcare,212,199,184,15,15,659,121256,49.67336683,27,4,5,89,4,74,74
2022-09-27,Tuesday,39,September,2022,20,Finland,EMEA,Finland Hub,OUTBOUND_SALES_T2,Chat,Consumer,Outbound,Tier 2,Healthcare,123,141,139,2,2,441,61299,6.255319149,25,2,3,90,3,83,63
2024-06-04,Tuesday,23,June,2024,15,Hungary,EMEA,Hungary Hub,EMEA_CORE_EMAIL_TIER2,Email,Consumer,Support,Tier 3,Retail,115,126,110,16,16,463,50930,58.79365079,35,1,1,74,1,93,80
2025-02-21,Friday,8,February,2025,12,Turkey,EMEA,Turkey Hub,EMEA_CHAT_SUPPORT_T1,Email,Premium,Support,Tier 1,Healthcare,440,426,424,2,2,222,94128,1.042253521,23,3,4,90,4,75,68
2023-06-25,Sunday,25,June,2023,15,Czech Republic,EMEA,Czech Republic Hub,EMEA_CHAT_SUPPORT_T1,Voice,Premium,Support,Tier 2,Healthcare,201,188,161,27,27,820,132020,117.7659574,15,4,5,85,4,80,70
2023-08-03,Thursday,31,August,2023,17,Greece,EMEA,Greece Hub,OUTBOUND_SALES_T2,Voice,Premium,Outbound,Tier 1,Retail,109,103,77,26,26,594,45738,149.9417476,17,1,1,73,1,74,71
2025-07-31,Thursday,31,July,2025,5,Sweden,EMEA,Sweden Hub,OUTBOUND_SALES_T2,Chat,Premium,Outbound,Tier 1,Telecom,176,199,189,10,10,323,61047,16.23115578,16,2,2,90,2,86,75
2023-04-25,Tuesday,17,April,2023,19,Iceland,EMEA,Iceland Hub,RETENTION_VOICE_T2,Voice,Premium,Retention,Tier 1,Banking,337,326,300,26,26,662,198600,52.79754601,28,6,8,79,6,83,87
2022-06-27,Monday,26,June,2022,2,Iceland,EMEA,Iceland Hub,OUTBOUND_SALES_T2,Email,Consumer,Outbound,Tier 3,Healthcare,169,170,147,23,23,674,99078,91.18823529,16,3,3,74,2,80,61
2021-03-09,Tuesday,10,March,2021,22,Ireland,EMEA,Dublin,EMEA_RETAIL_VOICE_T2,Chat,Enterprise,Support,Tier 2,E-commerce,51,66,64,2,2,829,53056,25.12121212,23,1,1,86,1,85,83
2022-03-17,Thursday,11,March,2022,3,Romania,EMEA,Romania Hub,INBOUND_VOICE_TIER1,Email,Consumer,Inbound,Tier 2,Telecom,410,432,404,28,28,569,229876,36.87962963,24,7,9,70,6,92,61
2021-01-02,Saturday,53,January,2021,9,Bulgaria,EMEA,Bulgaria Hub,INBOUND_VOICE_TIER1,Email,Premium,Inbound,Tier 2,Healthcare,145,165,152,13,13,453,68856,35.69090909,27,2,3,68,2,75,64
2021-11-26,Friday,47,November,2021,8,Romania,EMEA,Romania Hub,EMEA_EMAIL_SUPPORT_T3,Email,Premium,Support,Tier 3,Healthcare,51,56,53,3,3,461,24433,24.69642857,29,0,0,72,0,70,87
2022-02-18,Friday,7,February,2022,15,Denmark,EMEA,Denmark Hub,TECH_SUPPORT_EMAIL_T3,Chat,Consumer,Tech Support,Tier 2,Telecom,135,118,110,8,8,784,86240,53.15254237,20,2,2,71,1,91,72
2024-06-29,Saturday,26,June,2024,6,United Kingdom,EMEA,London,TECH_SUPPORT_EMAIL_T3,Email,Consumer,Tech Support,Tier 3,Retail,133,149,128,21,21,393,50304,55.38926175,26,1,1,88,1,78,86
2022-08-29,Monday,35,August,2022,20,Russia,EMEA,Russia Hub,EMEA_EMAIL_SUPPORT_T3,Chat,Premium,Support,Tier 1,E-commerce,127,156,152,4,4,490,74480,12.56410256,21,2,2,69,1,74,71
2021-01-24,Sunday,3,January,2021,17,Bulgaria,EMEA,Bulgaria Hub,EMEA_CHAT_SUPPORT_T1,Email,Enterprise,Support,Tier 2,Telecom,362,383,377,6,6,592,223184,9.274151436,21,7,8,92,7,72,69
2025-12-22,Monday,52,December,2025,14,Slovakia,EMEA,Slovakia Hub,EMEA_CORE_EMAIL_TIER2,Chat,Premium,Support,Tier 3,Healthcare,97,78,72,6,6,497,35784,38.23076923,17,1,1,72,1,95,80
2025-08-02,Saturday,31,August,2025,9,Turkey,EMEA,Turkey Hub,EMEA_EMAIL_SUPPORT_T3,Email,Premium,Support,Tier 3,Telecom,71,96,67,29,29,737,49379,222.6354167,27,1,1,84,1,84,79
2023-07-25,Tuesday,30,July,2023,2,Denmark,EMEA,Denmark Hub,EMEA_RETAIL_VOICE_T2,Chat,Enterprise,Support,Tier 3,Retail,110,104,98,6,6,690,67620,39.80769231,31,2,3,83,2,90,60
2024-03-23,Saturday,12,March,2024,1,Spain,EMEA,Madrid,EMEA_CORE_EMAIL_TIER2,Voice,Premium,Support,Tier 3,Banking,325,350,335,15,15,188,62980,8.057142857,27,2,3,85,3,90,86
2021-04-25,Sunday,16,April,2021,11,Spain,EMEA,Madrid,EMEA_RETAIL_VOICE_T2,Voice,Enterprise,Support,Tier 3,Healthcare,110,113,110,3,3,337,37070,8.946902655,19,1,1,65,1,88,67
2025-07-13,Sunday,28,July,2025,15,Greece,EMEA,Greece Hub,EMEA_CORE_EMAIL_T2,Email,Enterprise,Support,Tier 3,Telecom,399,407,378,29,29,466,176148,33.2039312,33,6,8,68,5,87,64
2024-12-04,Wednesday,49,December,2024,21,Kenya,EMEA,Kenya Hub,EMEA_CHAT_SUPPORT_T1,Voice,Enterprise,Support,Tier 3,Healthcare,198,224,208,16,16,204,42432,14.57142857,29,1,1,88,1,86,82
2022-03-09,Wednesday,10,March,2022,13,Denmark,EMEA,Denmark Hub,EMEA_CORE_EMAIL_T2,Chat,Enterprise,Support,Tier 1,Telecom,356,370,347,23,23,833,289051,51.78108108,25,10,13,86,11,75,80
2024-01-05,Friday,1,January,2024,5,Ireland,EMEA,Dublin,OUTBOUND_SALES_T2,Voice,Premium,Outbound,Tier 2,E-commerce,390,373,344,29,29,494,169936,38.4075067,21,5,6,84,5,92,90
2021-09-04,Saturday,35,September,2021,12,Kenya,EMEA,Kenya Hub,EMEA_RETAIL_VOICE_T2,Email,Enterprise,Support,Tier 1,E-commerce,179,164,139,25,25,824,114536,125.6097561,17,3,4,95,4,78,77
2022-09-05,Monday,36,September,2022,19,Netherlands,EMEA,Amsterdam,EMEA_CORE_EMAIL_TIER2,Chat,Enterprise,Support,Tier 2,Telecom,336,342,329,13,13,617,202993,23.45321637,32,7,9,93,8,88,84
2024-04-03,Wednesday,14,April,2024,9,Israel,EMEA,Israel Hub,EMEA_CHAT_SUPPORT_T1,Chat,Premium,Support,Tier 3,E-commerce,111,116,109,7,7,525,57225,31.68103448,32,1,1,71,1,77,85
2025-10-26,Sunday,43,October,2025,16,Czech Republic,EMEA,Czech Republic Hub,EMEA_EMAIL_SUPPORT_T3,Chat,Enterprise,Support,Tier 2,E-commerce,235,237,236,1,1,322,75992,1.358649789,16,2,2,85,2,78,88
2022-09-09,Friday,36,September,2022,18,Kenya,EMEA,Kenya Hub,RETENTION_VOICE_T2,Chat,Consumer,Retention,Tier 2,Healthcare,107,122,93,29,29,236,21948,56.09836066,27,0,0,89,0,90,78
2021-07-25,Sunday,29,July,2021,1,United Kingdom,EMEA,London,EMEA_CORE_EMAIL_T2,Email,Premium,Support,Tier 1,Retail,419,405,388,17,17,530,205640,22.24691358,21,7,8,71,6,88,61
2025-04-07,Monday,15,April,2025,10,Israel,EMEA,Israel Hub,EMEA_CORE_EMAIL_T2,Email,Premium,Support,Tier 2,Telecom,417,412,398,14,14,636,253128,21.61165049,30,8,10,82,8,85,90
2021-06-20,Sunday,24,June,2021,15,United Kingdom,EMEA,London,EMEA_CORE_EMAIL_T2,Email,Enterprise,Support,Tier 3,Banking,212,210,208,2,2,324,67392,3.085714286,31,2,3,89,3,80,81
2021-10-22,Friday,42,October,2021,1,Finland,EMEA,Finland Hub,RETENTION_VOICE_T2,Email,Consumer,Retention,Tier 1,Telecom,158,176,165,11,11,853,140745,53.3125,35,4,5,71,4,88,84
2024-04-20,Saturday,16,April,2024,7,Denmark,EMEA,Denmark Hub,EMEA_CORE_EMAIL_TIER2,Voice,Premium,Support,Tier 2,Telecom,485,496,471,25,25,835,393285,42.08669355,32,13,17,69,12,75,79
2024-02-13,Tuesday,7,February,2024,10,Finland,EMEA,Finland Hub,EMEA_RETAIL_VOICE_T2,Chat,Premium,Support,Tier 1,Retail,305,302,302,0,0,297,89694,0.0,26,3,4,84,3,75,88
2021-09-24,Friday,38,September,2021,9,Russia,EMEA,Russia Hub,EMEA_CORE_EMAIL_TIER2,Voice,Premium,Support,Tier 2,Retail,291,279,277,2,2,316,87532,2.265232975,22,3,4,87,3,87,61
2022-04-19,Tuesday,16,April,2022,19,Hungary,EMEA,Hungary Hub,TECH_SUPPORT_EMAIL_T3,Voice,Premium,Tech Support,Tier 3,Banking,284,308,307,1,1,875,268625,2.840909091,34,9,12,76,9,79,82
2024-05-03,Friday,18,May,2024,1,Israel,EMEA,Israel Hub,EMEA_CORE_EMAIL_T2,Voice,Premium,Support,Tier 2,Banking,453,473,461,12,12,184,84824,4.66807611,17,2,2,65,1,91,63
2021-11-02,Tuesday,44,November,2021,21,Greece,EMEA,Greece Hub,EMEA_EMAIL_SUPPORT_T3,Email,Consumer,Support,Tier 2,Telecom,142,125,113,12,12,563,63619,54.048,18,2,2,94,2,71,70
2021-06-16,Wednesday,24,June,2021,11,Russia,EMEA,Russia Hub,OUTBOUND_SALES_T2,Email,Premium,Outbound,Tier 2,Banking,84,112,89,23,23,537,47793,110.2767857,21,1,1,72,1,83,67
2024-07-13,Saturday,28,July,2024,9,Kenya,EMEA,Kenya Hub,OUTBOUND_SALES_T2,Chat,Enterprise,Outbound,Tier 1,Telecom,62,71,62,9,9,663,41106,84.04225352,23,1,1,93,1,86,70
2023-12-23,Saturday,51,December,2023,14,Ukraine,EMEA,Ukraine Hub,INBOUND_VOICE_TIER1,Voice,Premium,Inbound,Tier 3,Healthcare,358,378,374,4,4,693,259182,7.333333333,32,8,11,69,8,86,75
2023-05-31,Wednesday,22,May,2023,16,Romania,EMEA,Romania Hub,RETENTION_VOICE_T2,Chat,Enterprise,Retention,Tier 2,Healthcare,402,426,418,8,8,470,196460,8.82629108,32,6,8,77,6,89,87
2023-05-28,Sunday,21,May,2023,11,Finland,EMEA,Finland Hub,OUTBOUND_SALES_T2,Email,Premium,Outbound,Tier 2,Banking,201,210,210,0,0,594,124740,0.0,16,4,5,85,4,85,68
2023-07-24,Monday,30,July,2023,11,Greece,EMEA,Greece Hub,EMEA_RETAIL_VOICE_T2,Voice,Consumer,Support,Tier 2,Retail,310,312,312,0,0,483,150696,0.0,18,5,6,88,5,92,84
2024-05-10,Friday,19,May,2024,14,Spain,EMEA,Madrid,RETENTION_VOICE_T2,Chat,Premium,Retention,Tier 3,Telecom,424,443,433,10,10,651,281883,14.69525959,17,9,11,77,8,85,79
2024-03-23,Saturday,12,March,2024,20,Netherlands,EMEA,Amsterdam,TECH_SUPPORT_EMAIL_T3,Voice,Consumer,Tech Support,Tier 2,E-commerce,297,300,273,27,27,270,73710,24.3,34,2,3,88,3,83,69
2023-03-21,Tuesday,12,March,2023,2,Netherlands,EMEA,Amsterdam,INBOUND_VOICE_TIER1,Chat,Premium,Inbound,Tier 2,Banking,476,490,481,9,9,335,161135,6.153061225,19,5,6,88,5,75,67
2022-08-22,Monday,34,August,2022,11,Romania,EMEA,Romania Hub,INBOUND_VOICE_TIER1,Voice,Premium,Inbound,Tier 2,Telecom,378,395,383,12,12,735,281505,22.32911392,26,9,11,94,10,88,62
2022-03-07,Monday,10,March,2022,9,Bulgaria,EMEA,Bulgaria Hub,EMEA_CORE_EMAIL_TIER2,Email,Premium,Support,Tier 3,Telecom,395,393,375,18,18,729,273375,33.38931298,30,9,12,95,11,74,61
2021-04-04,Sunday,13,April,2021,3,Poland,EMEA,Poland Hub,RETENTION_VOICE_T2,Chat,Enterprise,Retention,Tier 2,Telecom,461,460,438,22,22,534,233892,25.53913043,24,8,10,80,8,85,72
2025-10-23,Thursday,43,October,2025,23,Sweden,EMEA,Sweden Hub,EMEA_EMAIL_SUPPORT_T3,Email,Enterprise,Support,Tier 3,E-commerce,292,321,295,26,26,426,125670,34.5046729,20,4,5,75,4,77,76
2021-11-05,Friday,44,November,2021,18,Bulgaria,EMEA,Bulgaria Hub,EMEA_CORE_EMAIL_TIER2,Email,Premium,Support,Tier 1,Healthcare,328,344,318,26,26,475,151050,35.90116279,20,5,6,66,4,86,69
2021-03-17,Wednesday,11,March,2021,13,Slovenia,EMEA,Slovenia Hub,EMEA_CORE_EMAIL_TIER2,Voice,Enterprise,Support,Tier 1,Telecom,65,81,51,30,30,610,31110,225.9259259,20,1,1,83,1,85,65
2022-06-20,Monday,25,June,2022,17,Italy,EMEA,Rome,EMEA_RETAIL_VOICE_T2,Email,Consumer,Support,Tier 1,E-commerce,124,122,108,14,14,441,47628,50.60655738,17,1,1,94,1,72,71
2024-08-12,Monday,33,August,2024,23,Romania,EMEA,Romania Hub,EMEA_CORE_EMAIL_T2,Chat,Consumer,Support,Tier 2,Telecom,132,146,138,8,8,861,118818,47.17808219,25,4,5,68,3,86,88
2021-12-09,Thursday,49,December,2021,10,Germany,EMEA,Berlin,TECH_SUPPORT_EMAIL_T3,Chat,Consumer,Tech Support,Tier 1,Banking,256,236,209,27,27,545,113905,62.35169492,17,3,4,69,3,85,90
2024-10-06,Sunday,40,October,2024,7,Spain,EMEA,Madrid,EMEA_CHAT_SUPPORT_T1,Email,Premium,Support,Tier 1,Banking,337,361,349,12,12,425,148325,14.12742382,31,5,7,77,5,76,84
2021-06-12,Saturday,23,June,2021,20,Denmark,EMEA,Denmark Hub,RETENTION_VOICE_T2,Voice,Premium,Retention,Tier 1,Healthcare,306,321,315,6,6,547,172305,10.22429907,17,5,6,84,5,84,70
2023-05-06,Saturday,18,May,2023,20,Russia,EMEA,Russia Hub,RETENTION_VOICE_T2,Voice,Enterprise,Retention,Tier 2,Telecom,65,87,75,12,12,365,27375,50.34482759,19,0,0,70,0,70,78
2024-01-12,Friday,2,January,2024,1,Iceland,EMEA,Iceland Hub,CUSTOMER_SUPPORT_CHAT_T1,Email,Enterprise,Customer Support,Tier 2,Healthcare,444,468,465,3,3,625,290625,4.006410256,35,10,14,89,12,85,88
2025-08-06,Wednesday,32,August,2025,23,Iceland,EMEA,Iceland Hub,CUSTOMER_SUPPORT_CHAT_T1,Email,Premium,Customer Support,Tier 3,Telecom,442,460,455,5,5,384,174720,4.173913044,31,6,8,69,6,89,87
2022-09-13,Tuesday,37,September,2022,7,Spain,EMEA,Madrid,CUSTOMER_SUPPORT_CHAT_T1,Chat,Premium,Customer Support,Tier 3,Banking,61,74,68,6,6,666,45288,54.0,35,1,1,80,1,82,73
2025-10-24,Friday,43,October,2025,8,South Africa,EMEA,Cape Town,TECH_SUPPORT_EMAIL_T3,Email,Premium,Tech Support,Tier 1,Banking,249,237,211,26,26,593,125123,65.05485232,20,4,5,83,4,92,87
2023-06-30,Friday,26,June,2023,2,Germany,EMEA,Berlin,EMEA_CORE_EMAIL_TIER2,Email,Consumer,Support,Tier 1,Telecom,339,350,336,14,14,854,286944,34.16,28,9,12,88,11,86,72
2023-02-28,Tuesday,9,February,2023,13,Kenya,EMEA,Kenya Hub,EMEA_RETAIL_VOICE_T2,Email,Consumer,Support,Tier 2,Banking,163,145,120,25,25,589,70680,101.5517241,17,2,2,81,2,73,60
2024-01-16,Tuesday,3,January,2024,23,South Africa,EMEA,Cape Town,EMEA_CHAT_SUPPORT_T1,Email,Consumer,Support,Tier 1,E-commerce,259,267,267,0,0,489,130563,0.0,25,4,5,67,3,80,65
2023-09-20,Wednesday,38,September,2023,17,Bulgaria,EMEA,Bulgaria Hub,OUTBOUND_SALES_T2,Email,Enterprise,Outbound,Tier 3,Retail,99,93,74,19,19,324,23976,66.19354839,31,0,0,70,0,92,86
2023-12-12,Tuesday,50,December,2023,8,Slovenia,EMEA,Slovenia Hub,RETENTION_VOICE_T2,Voice,Premium,Retention,Tier 1,Retail,320,340,333,7,7,365,121545,7.514705882,27,4,5,88,4,75,90
2024-11-20,Wednesday,47,November,2024,18,Kenya,EMEA,Kenya Hub,OUTBOUND_SALES_T2,Voice,Enterprise,Outbound,Tier 2,E-commerce,78,83,54,29,29,667,36018,233.0481928,30,1,1,93,1,91,74
2021-09-11,Saturday,36,September,2021,22,Belgium,EMEA,Belgium Hub,EMEA_CORE_EMAIL_TIER2,Email,Enterprise,Support,Tier 3,Telecom,412,423,417,6,6,675,281475,9.574468085,31,9,12,82,10,79,72
2023-11-04,Saturday,44,November,2023,9,Luxembourg,EMEA,Luxembourg Hub,EMEA_EMAIL_SUPPORT_T3,Email,Premium,Support,Tier 3,Retail,70,70,69,1,1,805,55545,11.5,20,1,1,67,1,93,67
2022-02-21,Monday,8,February,2022,19,Denmark,EMEA,Denmark Hub,EMEA_CHAT_SUPPORT_T1,Chat,Enterprise,Support,Tier 3,Banking,204,208,189,19,19,619,116991,56.54326923,33,4,5,78,4,88,64
2024-03-10,Sunday,10,March,2024,10,Sweden,EMEA,Sweden Hub,EMEA_EMAIL_SUPPORT_T3,Email,Enterprise,Support,Tier 3,Banking,183,176,156,20,20,324,50544,36.81818182,25,1,1,76,1,95,81
2022-10-03,Monday,40,October,2022,2,Greece,EMEA,Greece Hub,CUSTOMER_SUPPORT_CHAT_T1,Voice,Enterprise,Customer Support,Tier 2,Retail,350,367,357,10,10,798,284886,21.74386921,18,9,11,70,8,76,67
2025-11-23,Sunday,47,November,2025,21,Slovakia,EMEA,Slovakia Hub,OUTBOUND_SALES_T2,Chat,Enterprise,Outbound,Tier 1,E-commerce,181,207,204,3,3,639,130356,9.260869565,32,4,5,73,4,92,89
2021-03-13,Saturday,10,March,2021,2,Denmark,EMEA,Denmark Hub,EMEA_RETAIL_VOICE_T2,Voice,Premium,Support,Tier 3,Banking,326,317,310,7,7,771,239010,17.02523659,19,8,10,91,9,93,73
2025-09-30,Tuesday,40,September,2025,0,Slovakia,EMEA,Slovakia Hub,CUSTOMER_SUPPORT_CHAT_T1,Email,Consumer,Customer Support,Tier 2,Banking,385,404,383,21,21,331,126773,17.20544554,19,4,5,70,4,79,68
2024-01-24,Wednesday,4,January,2024,18,Slovenia,EMEA,Slovenia Hub,EMEA_CORE_EMAIL_TIER2,Email,Enterprise,Support,Tier 2,Telecom,314,295,273,22,22,627,171171,46.75932203,24,5,6,91,5,76,65
2022-09-15,Thursday,37,September,2022,18,Russia,EMEA,Russia Hub,RETENTION_VOICE_T2,Voice,Consumer,Retention,Tier 2,Retail,164,186,181,5,5,458,82898,12.31182796,30,2,3,84,3,88,75
2023-11-12,Sunday,45,November,2023,21,Morocco,EMEA,Morocco Hub,TECH_SUPPORT_EMAIL_T3,Voice,Premium,Tech Support,Tier 2,E-commerce,281,303,291,12,12,405,117855,16.03960396,25,4,5,69,3,94,89
2023-03-12,Sunday,10,March,2023,13,Hungary,EMEA,Hungary Hub,EMEA_CORE_EMAIL_T2,Email,Premium,Support,Tier 3,Banking,216,205,185,20,20,301,55685,29.36585366,29,1,1,88,1,91,79
2024-12-17,Tuesday,51,December,2024,3,Slovakia,EMEA,Slovakia Hub,INBOUND_VOICE_TIER1,Voice,Enterprise,Inbound,Tier 3,Telecom,103,124,96,28,28,814,78144,183.8064516,27,2,3,69,2,90,75
2024-11-04,Monday,45,November,2024,15,Italy,EMEA,Rome,EMEA_EMAIL_SUPPORT_T3,Voice,Consumer,Support,Tier 3,Retail,207,190,165,25,25,566,93390,74.47368421,35,3,4,77,3,77,83
2023-08-02,Wednesday,31,August,2023,12,Russia,EMEA,Russia Hub,CUSTOMER_SUPPORT_CHAT_T1,Chat,Premium,Customer Support,Tier 3,E-commerce,138,149,134,15,15,513,68742,51.6442953,21,2,2,73,1,90,61
2023-08-10,Thursday,32,August,2023,1,Romania,EMEA,Romania Hub,TECH_SUPPORT_EMAIL_T3,Email,Consumer,Tech Support,Tier 1,Telecom,262,256,226,30,30,759,171534,88.9453125,20,5,6,83,5,76,78
2021-08-10,Tuesday,32,August,2021,13,Poland,EMEA,Poland Hub,EMEA_CHAT_SUPPORT_T1,Voice,Consumer,Support,Tier 2,Healthcare,290,301,292,9,9,354,103368,10.58471761,33,3,4,72,3,77,62
2021-04-19,Monday,16,April,2021,0,France,EMEA,Paris,CUSTOMER_SUPPORT_CHAT_T1,Email,Premium,Customer Support,Tier 2,Healthcare,373,372,359,13,13,899,322741,31.41666667,18,11,13,75,10,91,86
2023-01-05,Thursday,1,January,2023,8,Greece,EMEA,Greece Hub,INBOUND_VOICE_TIER1,Voice,Premium,Inbound,Tier 3,Telecom,210,232,206,26,26,387,79722,43.37068966,26,2,3,84,3,81,87
2021-11-29,Monday,48,November,2021,4,Kenya,EMEA,Kenya Hub,EMEA_EMAIL_SUPPORT_T3,Chat,Enterprise,Support,Tier 1,Banking,276,285,279,6,6,771,215109,16.23157895,23,7,9,87,8,92,87
2023-09-30,Saturday,39,September,2023,15,Denmark,EMEA,Denmark Hub,RETENTION_VOICE_T2,Chat,Consumer,Retention,Tier 1,Banking,491,502,481,21,21,685,329485,28.65537849,19,11,13,89,12,87,67
2024-03-06,Wednesday,10,March,2024,6,Germany,EMEA,Berlin,EMEA_CORE_EMAIL_T2,Chat,Enterprise,Support,Tier 2,Telecom,420,419,413,6,6,639,263907,9.150357995,22,9,11,65,7,87,87
2022-12-21,Wednesday,51,December,2022,2,Kenya,EMEA,Kenya Hub,INBOUND_VOICE_TIER1,Chat,Consumer,Inbound,Tier 1,Healthcare,395,403,381,22,22,716,272796,39.08684864,32,9,12,70,8,77,63
2023-10-05,Thursday,40,October,2023,10,Sweden,EMEA,Sweden Hub,CUSTOMER_SUPPORT_CHAT_T1,Email,Enterprise,Customer Support,Tier 3,Retail,96,80,75,5,5,831,62325,51.9375,20,2,2,82,2,81,76
2022-03-14,Monday,11,March,2022,12,Germany,EMEA,Berlin,EMEA_CORE_EMAIL_TIER2,Chat,Premium,Support,Tier 2,Retail,317,315,304,11,11,865,262960,30.20634921,34,9,12,84,10,89,65
2021-09-05,Sunday,35,September,2021,18,Poland,EMEA,Poland Hub,EMEA_CORE_EMAIL_T2,Voice,Consumer,Support,Tier 2,Retail,228,245,243,2,2,858,208494,7.004081633,34,7,9,69,6,95,70
2024-02-20,Tuesday,8,February,2024,0,Iceland,EMEA,Iceland Hub,OUTBOUND_SALES_T2,Email,Premium,Outbound,Tier 2,Telecom,88,70,64,6,6,541,34624,46.37142857,35,1,1,78,1,95,66
2025-10-22,Wednesday,43,October,2025,14,Portugal,EMEA,Portugal Hub,OUTBOUND_SALES_T2,Voice,Enterprise,Outbound,Tier 1,E-commerce,468,449,420,29,29,827,347340,53.4142539,24,12,15,89,13,78,84
2023-03-17,Friday,11,March,2023,23,Greece,EMEA,Greece Hub,EMEA_RETAIL_VOICE_T2,Voice,Premium,Support,Tier 1,Banking,397,415,391,24,24,493,192763,28.51084337,27,6,8,76,6,83,86
2023-04-29,Saturday,17,April,2023,23,Slovakia,EMEA,Slovakia Hub,RETENTION_VOICE_T2,Email,Enterprise,Retention,Tier 2,Telecom,191,215,211,4,4,555,117105,10.3255814,17,4,5,94,5,72,90
2024-02-28,Wednesday,9,February,2024,10,Romania,EMEA,Romania Hub,EMEA_CHAT_SUPPORT_T1,Email,Consumer,Support,Tier 1,Telecom,449,447,420,27,27,758,318360,45.7852349,19,11,13,70,9,94,67
2025-09-12,Friday,37,September,2025,23,Spain,EMEA,Madrid,EMEA_CORE_EMAIL_TIER2,Email,Premium,Support,Tier 3,E-commerce,399,406,403,3,3,569,229307,4.204433498,30,7,9,90,8,79,84
2025-12-27,Saturday,52,December,2025,1,Hungary,EMEA,Hungary Hub,EMEA_EMAIL_SUPPORT_T3,Email,Consumer,Support,Tier 3,Telecom,92,115,109,6,6,451,49159,23.53043478,25,1,1,69,1,95,83
2025-08-30,Saturday,35,August,2025,11,Israel,EMEA,Israel Hub,TECH_SUPPORT_EMAIL_T3,Email,Consumer,Tech Support,Tier 3,E-commerce,183,202,191,11,11,337,64367,18.35148515,34,2,3,93,3,71,79
2022-04-24,Sunday,16,April,2022,15,Kenya,EMEA,Kenya Hub,RETENTION_VOICE_T2,Voice,Consumer,Retention,Tier 1,Healthcare,476,480,479,1,1,300,143700,0.625,22,4,5,78,4,77,83
2024-09-04,Wednesday,36,September,2024,11,Ukraine,EMEA,Ukraine Hub,EMEA_RETAIL_VOICE_T2,Voice,Premium,Support,Tier 1,Banking,105,125,106,19,19,892,94552,135.584,28,3,4,83,3,75,83
2025-08-15,Friday,33,August,2025,21,Netherlands,EMEA,Amsterdam,EMEA_CORE_EMAIL_TIER2,Voice,Enterprise,Support,Tier 1,E-commerce,259,239,221,18,18,553,122213,41.64853556,25,4,5,95,5,86,87
2021-11-02,Tuesday,44,November,2021,14,Russia,EMEA,Russia Hub,CUSTOMER_SUPPORT_CHAT_T1,Email,Consumer,Customer Support,Tier 3,Retail,355,380,375,5,5,302,113250,3.973684211,18,3,4,94,4,89,73
2021-05-11,Tuesday,19,May,2021,5,Israel,EMEA,Israel Hub,OUTBOUND_SALES_T2,Email,Enterprise,Outbound,Tier 2,Banking,365,389,369,20,20,900,332100,46.27249357,19,11,13,72,9,77,81
2024-07-21,Sunday,29,July,2024,21,Italy,EMEA,Rome,EMEA_RETAIL_VOICE_T2,Voice,Enterprise,Support,Tier 1,Banking,407,429,417,12,12,770,321090,21.53846154,35,11,15,74,11,79,90
2025-10-08,Wednesday,41,October,2025,22,Netherlands,EMEA,Amsterdam,TECH_SUPPORT_EMAIL_T3,Voice,Premium,Tech Support,Tier 2,Healthcare,253,243,223,20,20,273,60879,22.4691358,25,2,3,91,3,91,90
2022-05-02,Monday,18,May,2022,1,Spain,EMEA,Madrid,OUTBOUND_SALES_T2,Chat,Consumer,Outbound,Tier 3,Banking,65,70,68,2,2,755,51340,21.57142857,32,1,1,92,1,70,61
2025-08-31,Sunday,35,August,2025,22,Ireland,EMEA,Dublin,OUTBOUND_SALES_T2,Voice,Premium,Outbound,Tier 1,Healthcare,220,234,224,10,10,725,162400,30.98290598,18,5,6,87,5,74,66
2022-08-19,Friday,33,August,2022,4,Morocco,EMEA,Morocco Hub,EMEA_CORE_EMAIL_TIER2,Email,Premium,Support,Tier 3,E-commerce,164,189,180,9,9,283,50940,13.47619048,27,1,1,87,1,78,67
2024-10-08,Tuesday,41,October,2024,22,Norway,EMEA,Norway Hub,EMEA_CORE_EMAIL_T2,Voice,Premium,Support,Tier 1,E-commerce,198,189,171,18,18,664,113544,63.23809524,19,3,4,68,3,90,68
2025-04-27,Sunday,17,April,2025,11,Italy,EMEA,Rome,EMEA_RETAIL_VOICE_T2,Chat,Enterprise,Support,Tier 2,Telecom,203,203,173,30,30,545,94285,80.54187192,30,3,4,92,4,73,79
2023-09-05,Tuesday,36,September,2023,2,Bulgaria,EMEA,Bulgaria Hub,EMEA_CORE_EMAIL_T2,Voice,Consumer,Support,Tier 1,Healthcare,476,488,460,28,28,666,306360,38.21311475,24,10,12,69,8,73,73
2022-09-05,Monday,36,September,2022,0,Romania,EMEA,Romania Hub,EMEA_CHAT_SUPPORT_T1,Email,Premium,Support,Tier 3,Retail,428,456,437,19,19,477,208449,19.875,32,7,9,75,7,76,69
2021-08-17,Tuesday,33,August,2021,19,Sweden,EMEA,Sweden Hub,EMEA_CHAT_SUPPORT_T1,Email,Premium,Support,Tier 3,Telecom,176,198,194,4,4,476,92344,9.616161616,17,3,4,66,3,84,77
2021-12-02,Thursday,48,December,2021,12,United Kingdom,EMEA,London,INBOUND_VOICE_TIER1,Voice,Premium,Inbound,Tier 2,Telecom,132,122,121,1,1,891,107811,7.303278689,27,3,4,75,3,73,77
2025-06-10,Tuesday,24,June,2025,20,Bulgaria,EMEA,Bulgaria Hub,CUSTOMER_SUPPORT_CHAT_T1,Voice,Enterprise,Customer Support,Tier 3,Retail,332,342,324,18,18,829,268596,43.63157895,23,9,11,86,9,74,87
2023-01-20,Friday,3,January,2023,1,Norway,EMEA,Norway Hub,EMEA_EMAIL_SUPPORT_T3,Chat,Premium,Support,Tier 1,Telecom,375,370,350,20,20,575,201250,31.08108108,21,6,7,86,6,94,74
2022-08-17,Wednesday,33,August,2022,1,South Africa,EMEA,Cape Town,EMEA_EMAIL_SUPPORT_T3,Email,Premium,Support,Tier 3,E-commerce,235,237,215,22,22,771,165765,71.56962025,35,5,7,76,5,77,78
2025-03-13,Thursday,11,March,2025,9,Israel,EMEA,Israel Hub,RETENTION_VOICE_T2,Email,Premium,Retention,Tier 2,Telecom,117,121,110,11,11,468,51480,42.54545455,29,1,1,73,1,90,60
2022-07-31,Sunday,30,July,2022,1,Poland,EMEA,Poland Hub,EMEA_CORE_EMAIL_T2,Chat,Enterprise,Support,Tier 3,E-commerce,98,115,98,17,17,549,53802,81.15652174,16,1,1,89,1,77,62
2021-07-16,Friday,28,July,2021,8,Morocco,EMEA,Morocco Hub,EMEA_RETAIL_VOICE_T2,Voice,Premium,Support,Tier 1,E-commerce,68,78,63,15,15,204,12852,39.23076923,27,0,0,89,0,88,72
2025-11-25,Tuesday,48,November,2025,20,Hungary,EMEA,Hungary Hub,EMEA_CHAT_SUPPORT_T1,Chat,Consumer,Support,Tier 2,Telecom,251,245,244,1,1,545,132980,2.224489796,30,4,5,85,4,74,71
2024-12-08,Sunday,49,December,2024,5,Luxembourg,EMEA,Luxembourg Hub,RETENTION_VOICE_T2,Email,Consumer,Retention,Tier 3,Telecom,226,251,248,3,3,394,97712,4.709163347,18,3,4,82,3,76,84
2023-03-17,Friday,11,March,2023,0,Netherlands,EMEA,Amsterdam,OUTBOUND_SALES_T2,Voice,Enterprise,Outbound,Tier 2,Telecom,487,490,487,3,3,694,337978,4.248979592,27,11,14,89,12,93,79
2021-05-29,Saturday,21,May,2021,21,Russia,EMEA,Russia Hub,EMEA_CORE_EMAIL_TIER2,Email,Consumer,Support,Tier 3,Telecom,377,394,364,30,30,608,221312,46.29441624,25,7,9,90,8,72,88
2025-11-16,Sunday,46,November,2025,20,France,EMEA,Paris,INBOUND_VOICE_TIER1,Email,Enterprise,Inbound,Tier 3,E-commerce,310,319,315,4,4,783,246645,9.818181818,27,8,10,79,8,86,77
2025-06-20,Friday,25,June,2025,17,Portugal,EMEA,Portugal Hub,OUTBOUND_SALES_T2,Chat,Premium,Outbound,Tier 2,Retail,105,118,95,23,23,243,23085,47.36440678,19,0,0,66,0,83,89
2025-06-20,Friday,25,June,2025,12,Bulgaria,EMEA,Bulgaria Hub,CUSTOMER_SUPPORT_CHAT_T1,Chat,Premium,Customer Support,Tier 2,Banking,206,204,177,27,27,547,96819,72.39705882,32,3,4,94,4,94,71
2022-05-15,Sunday,19,May,2022,0,Hungary,EMEA,Hungary Hub,EMEA_CORE_EMAIL_TIER2,Email,Premium,Support,Tier 3,Retail,256,258,247,11,11,490,121030,20.89147287,25,4,5,77,4,95,79
2023-06-26,Monday,26,June,2023,7,Denmark,EMEA,Denmark Hub,EMEA_CORE_EMAIL_T2,Chat,Consumer,Support,Tier 3,Telecom,292,314,285,29,29,697,198645,64.37261147,22,6,7,77,5,88,61
2023-11-11,Saturday,45,November,2023,5,Iceland,EMEA,Iceland Hub,EMEA_CHAT_SUPPORT_T1,Chat,Premium,Support,Tier 2,Telecom,248,265,246,19,19,312,76752,22.36981132,24,2,2,85,2,81,63
2024-12-02,Monday,49,December,2024,1,Luxembourg,EMEA,Luxembourg Hub,EMEA_RETAIL_VOICE_T2,Voice,Enterprise,Support,Tier 3,Retail,185,183,182,1,1,546,99372,2.983606557,34,3,4,80,3,78,85
2022-08-08,Monday,32,August,2022,0,Norway,EMEA,Norway Hub,EMEA_CORE_EMAIL_T2,Email,Premium,Support,Tier 2,Banking,355,379,367,12,12,386,141662,12.22163588,31,4,5,88,4,90,69
2024-01-13,Saturday,2,January,2024,5,Sweden,EMEA,Sweden Hub,EMEA_CORE_EMAIL_T2,Voice,Premium,Support,Tier 3,E-commerce,323,327,324,3,3,439,142236,4.027522936,23,4,5,91,5,85,70
2022-01-22,Saturday,3,January,2022,4,United Kingdom,EMEA,London,RETENTION_VOICE_T2,Email,Premium,Retention,Tier 2,Telecom,117,146,144,2,2,357,51408,4.890410959,19,1,1,74,1,91,87
2022-08-19,Friday,33,August,2022,22,France,EMEA,Paris,INBOUND_VOICE_TIER1,Email,Consumer,Inbound,Tier 2,Telecom,270,273,255,18,18,784,199920,51.69230769,25,6,8,82,7,80,67
2024-07-17,Wednesday,29,July,2024,13,Morocco,EMEA,Morocco Hub,TECH_SUPPORT_EMAIL_T3,Voice,Premium,Tech Support,Tier 1,Banking,448,437,414,23,23,856,354384,45.05263158,34,12,16,73,12,89,60
2021-11-24,Wednesday,47,November,2021,23,Slovenia,EMEA,Slovenia Hub,TECH_SUPPORT_EMAIL_T3,Voice,Premium,Tech Support,Tier 2,Banking,127,130,121,9,9,507,61347,35.1,20,2,2,71,1,72,74
2022-02-08,Tuesday,6,February,2022,0,Norway,EMEA,Norway Hub,EMEA_CORE_EMAIL_T2,Email,Premium,Support,Tier 1,Banking,400,410,401,9,9,792,317592,17.38536585,30,11,14,88,12,89,77
2022-09-02,Friday,35,September,2022,3,Russia,EMEA,Russia Hub,CUSTOMER_SUPPORT_CHAT_T1,Voice,Consumer,Customer Support,Tier 1,Telecom,104,110,99,11,11,195,19305,19.5,24,0,0,75,0,73,67
2024-06-22,Saturday,25,June,2024,23,Hungary,EMEA,Hungary Hub,CUSTOMER_SUPPORT_CHAT_T1,Email,Premium,Customer Support,Tier 1,Healthcare,184,173,162,11,11,310,50220,19.71098266,31,1,1,90,1,82,74
2021-11-11,Thursday,45,November,2021,21,Portugal,EMEA,Portugal Hub,RETENTION_VOICE_T2,Voice,Enterprise,Retention,Tier 2,Healthcare,304,318,291,27,27,530,154230,45.0,31,5,7,91,6,81,73
2022-07-12,Tuesday,28,July,2022,3,Hungary,EMEA,Hungary Hub,EMEA_CHAT_SUPPORT_T1,Voice,Consumer,Support,Tier 2,Healthcare,421,414,397,17,17,192,76224,7.884057971,23,2,2,90,2,71,82
2021-12-26,Sunday,51,December,2021,7,Hungary,EMEA,Hungary Hub,INBOUND_VOICE_TIER1,Email,Premium,Inbound,Tier 3,Banking,68,50,44,6,6,462,20328,55.44,19,0,0,86,0,80,88
2022-06-01,Wednesday,22,June,2022,21,Slovenia,EMEA,Slovenia Hub,EMEA_CORE_EMAIL_TIER2,Email,Premium,Support,Tier 3,E-commerce,87,106,82,24,24,425,34850,96.22641509,29,1,1,67,1,88,72
2024-12-28,Saturday,52,December,2024,16,Norway,EMEA,Norway Hub,EMEA_CORE_EMAIL_TIER2,Chat,Enterprise,Support,Tier 1,E-commerce,377,367,365,2,2,708,258420,3.858310627,24,8,10,82,8,95,70
2024-12-27,Friday,52,December,2024,10,Slovenia,EMEA,Slovenia Hub,EMEA_RETAIL_VOICE_T2,Email,Enterprise,Support,Tier 2,E-commerce,57,43,24,19,19,761,18264,336.255814,15,0,0,77,0,88,77
2024-08-14,Wednesday,33,August,2024,12,Romania,EMEA,Romania Hub,INBOUND_VOICE_TIER1,Voice,Enterprise,Inbound,Tier 3,Banking,400,399,386,13,13,576,222336,18.76691729,21,7,8,73,6,77,73
2021-06-20,Sunday,24,June,2021,17,Russia,EMEA,Russia Hub,EMEA_CORE_EMAIL_T2,Chat,Enterprise,Support,Tier 1,Telecom,200,214,184,30,30,504,92736,70.65420561,22,3,4,93,4,71,84
2023-04-01,Saturday,13,April,2023,12,Netherlands,EMEA,Amsterdam,TECH_SUPPORT_EMAIL_T3,Email,Premium,Tech Support,Tier 3,Telecom,253,245,225,20,20,767,172575,62.6122449,34,5,7,87,6,92,78
2025-02-07,Friday,6,February,2025,11,Denmark,EMEA,Denmark Hub,TECH_SUPPORT_EMAIL_T3,Email,Consumer,Tech Support,Tier 3,E-commerce,156,137,113,24,24,194,21922,33.98540146,20,0,0,75,0,94,63
2023-10-06,Friday,40,October,2023,20,Italy,EMEA,Rome,INBOUND_VOICE_TIER1,Chat,Enterprise,Inbound,Tier 2,Retail,186,172,161,11,11,571,91931,36.51744186,24,3,4,85,3,86,89
2025-12-11,Thursday,50,December,2025,0,Denmark,EMEA,Denmark Hub,INBOUND_VOICE_TIER1,Voice,Consumer,Inbound,Tier 3,Healthcare,300,308,295,13,13,648,191160,27.35064935,34,6,8,90,7,90,61
2024-03-19,Tuesday,12,March,2024,11,Turkey,EMEA,Turkey Hub,CUSTOMER_SUPPORT_CHAT_T1,Email,Enterprise,Customer Support,Tier 3,Healthcare,262,249,234,15,15,729,170586,43.91566265,24,5,6,80,5,93,77
2022-05-14,Saturday,19,May,2022,8,Iceland,EMEA,Iceland Hub,EMEA_CORE_EMAIL_T2,Chat,Premium,Support,Tier 3,Retail,396,394,389,5,5,532,206948,6.751269036,17,7,8,72,6,92,82
2021-02-05,Friday,5,February,2021,3,Ireland,EMEA,Dublin,EMEA_CORE_EMAIL_T2,Voice,Consumer,Support,Tier 3,Banking,311,327,315,12,12,344,108360,12.62385321,27,3,4,84,3,81,73
2025-06-27,Friday,26,June,2025,20,Russia,EMEA,Russia Hub,EMEA_CORE_EMAIL_T2,Chat,Premium,Support,Tier 2,Banking,217,224,197,27,27,298,58706,35.91964286,19,2,2,82,2,75,86
2022-08-02,Tuesday,31,August,2022,3,Italy,EMEA,Rome,INBOUND_VOICE_TIER1,Voice,Consumer,Inbound,Tier 1,Healthcare,240,222,200,22,22,383,76600,37.95495496,35,2,3,88,3,75,81
2021-02-14,Sunday,6,February,2021,2,Poland,EMEA,Poland Hub,EMEA_RETAIL_VOICE_T2,Chat,Premium,Support,Tier 3,Retail,289,317,315,2,2,241,75915,1.520504732,27,2,3,90,3,83,90
2023-01-01,Sunday,52,January,2023,12,Romania,EMEA,Romania Hub,EMEA_CORE_EMAIL_T2,Chat,Premium,Support,Tier 1,Banking,483,472,451,21,21,871,392821,38.75211864,33,13,17,77,13,75,81
2022-11-15,Tuesday,46,November,2022,1,United Kingdom,EMEA,London,OUTBOUND_SALES_T2,Email,Premium,Outbound,Tier 3,Banking,299,308,302,6,6,519,156738,10.11038961,34,5,7,82,6,76,87
2022-06-13,Monday,24,June,2022,5,Israel,EMEA,Israel Hub,EMEA_CHAT_SUPPORT_T1,Chat,Premium,Support,Tier 3,Banking,469,487,458,29,29,507,232206,30.19096509,15,8,9,76,7,86,67
2025-03-09,Sunday,10,March,2025,1,United Kingdom,EMEA,London,TECH_SUPPORT_EMAIL_T3,Email,Consumer,Tech Support,Tier 1,Healthcare,85,102,93,9,9,602,55986,53.11764706,15,1,1,93,1,92,83
2023-03-23,Thursday,12,March,2023,19,United Kingdom,EMEA,London,INBOUND_VOICE_TIER1,Chat,Enterprise,Inbound,Tier 2,Retail,492,478,452,26,26,250,113000,13.59832636,25,3,4,72,3,73,84
2021-10-04,Monday,40,October,2021,16,Bulgaria,EMEA,Bulgaria Hub,EMEA_CHAT_SUPPORT_T1,Voice,Premium,Support,Tier 3,Banking,93,77,54,23,23,371,20034,110.8181818,24,0,0,73,0,91,89
2022-03-30,Wednesday,13,March,2022,4,Norway,EMEA,Norway Hub,OUTBOUND_SALES_T2,Email,Premium,Outbound,Tier 2,Telecom,284,265,255,10,10,615,156825,23.20754717,24,5,6,87,5,94,82
2021-12-01,Wednesday,48,December,2021,10,Spain,EMEA,Madrid,EMEA_CHAT_SUPPORT_T1,Chat,Enterprise,Support,Tier 1,Telecom,120,116,87,29,29,359,31233,89.75,20,1,1,70,1,82,63
2021-04-12,Monday,15,April,2021,5,Greece,EMEA,Greece Hub,EMEA_CORE_EMAIL_TIER2,Email,Consumer,Support,Tier 3,Banking,486,505,492,13,13,652,320784,16.78415842,20,11,13,78,10,87,90
2023-09-02,Saturday,35,September,2023,19,Ireland,EMEA,Dublin,EMEA_EMAIL_SUPPORT_T3,Voice,Premium,Support,Tier 1,Banking,136,121,119,2,2,593,70567,9.801652893,21,2,2,82,2,78,63
2024-07-15,Monday,29,July,2024,4,Iceland,EMEA,Iceland Hub,EMEA_CHAT_SUPPORT_T1,Email,Enterprise,Support,Tier 1,Telecom,386,409,395,14,14,330,130350,11.29584352,27,4,5,83,4,76,73
2024-07-21,Sunday,29,July,2024,3,Norway,EMEA,Norway Hub,EMEA_CORE_EMAIL_T2,Email,Enterprise,Support,Tier 2,Retail,438,448,418,30,30,416,173888,27.85714286,35,6,8,78,6,70,89
2022-11-26,Saturday,47,November,2022,10,Belgium,EMEA,Belgium Hub,EMEA_EMAIL_SUPPORT_T3,Email,Premium,Support,Tier 2,Retail,103,127,121,6,6,687,83127,32.45669291,32,2,3,76,2,78,85
2022-10-31,Monday,44,October,2022,22,Spain,EMEA,Madrid,EMEA_EMAIL_SUPPORT_T3,Voice,Consumer,Support,Tier 1,Retail,416,396,377,19,19,842,317434,40.3989899,17,11,13,85,11,94,81
2024-10-26,Saturday,43,October,2024,5,Slovakia,EMEA,Slovakia Hub,INBOUND_VOICE_TIER1,Chat,Enterprise,Inbound,Tier 3,Retail,144,169,158,11,11,854,134932,55.58579882,33,4,5,83,4,87,63
2024-01-05,Friday,1,January,2024,11,Spain,EMEA,Madrid,INBOUND_VOICE_TIER1,Email,Consumer,Inbound,Tier 2,Healthcare,231,234,223,11,11,586,130678,27.54700855,19,4,5,73,4,91,63
2022-02-17,Thursday,7,February,2022,20,Morocco,EMEA,Morocco Hub,EMEA_EMAIL_SUPPORT_T3,Chat,Consumer,Support,Tier 2,E-commerce,157,160,152,8,8,833,126616,41.65,20,4,5,66,3,81,78
2025-08-18,Monday,34,August,2025,0,South Africa,EMEA,Cape Town,RETENTION_VOICE_T2,Email,Enterprise,Retention,Tier 2,E-commerce,173,173,160,13,13,400,64000,30.05780347,20,2,2,67,1,80,86
2022-04-10,Sunday,14,April,2022,17,Poland,EMEA,Poland Hub,CUSTOMER_SUPPORT_CHAT_T1,Email,Enterprise,Customer Support,Tier 2,Banking,291,271,263,8,8,457,120191,13.49077491,31,4,5,67,3,74,64
2021-04-27,Tuesday,17,April,2021,18,France,EMEA,Paris,INBOUND_VOICE_TIER1,Chat,Consumer,Inbound,Tier 3,Telecom,354,384,354,30,30,217,76818,16.953125,28,2,3,84,3,81,72
2021-05-25,Tuesday,21,May,2021,21,Kenya,EMEA,Kenya Hub,EMEA_EMAIL_SUPPORT_T3,Chat,Premium,Support,Tier 2,E-commerce,271,265,238,27,27,805,191590,82.01886792,30,6,8,74,6,94,90
2022-02-14,Monday,7,February,2022,4,Iceland,EMEA,Iceland Hub,EMEA_CHAT_SUPPORT_T1,Voice,Premium,Support,Tier 1,Retail,412,429,410,19,19,360,147600,15.94405594,17,5,6,87,5,86,68
2023-06-09,Friday,23,June,2023,4,Czech Republic,EMEA,Czech Republic Hub,EMEA_CORE_EMAIL_TIER2,Email,Premium,Support,Tier 3,Banking,63,44,25,19,19,696,17400,300.5454545,27,0,0,88,0,85,83
2021-12-21,Tuesday,51,December,2021,8,Kenya,EMEA,Kenya Hub,EMEA_CHAT_SUPPORT_T1,Email,Enterprise,Support,Tier 2,Telecom,166,159,149,10,10,242,36058,15.22012579,33,1,1,80,1,72,65
2023-01-08,Sunday,1,January,2023,13,France,EMEA,Paris,EMEA_CHAT_SUPPORT_T1,Email,Premium,Support,Tier 3,Banking,337,341,328,13,13,321,105288,12.23753666,21,3,4,69,3,70,84
2023-07-01,Saturday,26,July,2023,8,South Africa,EMEA,Cape Town,EMEA_CORE_EMAIL_TIER2,Email,Enterprise,Support,Tier 2,Retail,284,300,291,9,9,583,169653,17.49,23,5,6,86,5,82,69
2021-08-04,Wednesday,31,August,2021,21,Slovakia,EMEA,Slovakia Hub,INBOUND_VOICE_TIER1,Chat,Premium,Inbound,Tier 3,Healthcare,170,154,153,1,1,206,31518,1.337662338,17,1,1,81,1,94,68
2025-07-24,Thursday,30,July,2025,6,Sweden,EMEA,Sweden Hub,RETENTION_VOICE_T2,Email,Enterprise,Retention,Tier 1,E-commerce,82,87,66,21,21,520,34320,125.5172414,25,1,1,80,1,70,67
2021-06-25,Friday,25,June,2021,8,Ireland,EMEA,Dublin,OUTBOUND_SALES_T2,Email,Consumer,Outbound,Tier 3,Banking,253,238,233,5,5,751,174983,15.77731092,17,6,7,88,6,92,60
2025-08-12,Tuesday,33,August,2025,0,Kenya,EMEA,Kenya Hub,CUSTOMER_SUPPORT_CHAT_T1,Chat,Premium,Customer Support,Tier 3,Telecom,299,328,317,11,11,568,180056,19.04878049,34,6,8,86,7,86,75
2021-09-06,Monday,36,September,2021,11,Romania,EMEA,Romania Hub,EMEA_CHAT_SUPPORT_T1,Chat,Consumer,Support,Tier 3,Retail,459,475,465,10,10,235,109275,4.947368421,30,3,4,69,3,93,62
2024-12-20,Friday,51,December,2024,20,Poland,EMEA,Poland Hub,EMEA_CORE_EMAIL_T2,Chat,Enterprise,Support,Tier 1,Retail,104,131,105,26,26,576,60480,114.3206107,33,2,3,94,3,81,73
2021-03-04,Thursday,9,March,2021,10,Portugal,EMEA,Portugal Hub,EMEA_CORE_EMAIL_T2,Email,Premium,Support,Tier 3,Banking,246,233,215,18,18,815,175225,62.96137339,30,6,8,88,7,73,64
2021-11-09,Tuesday,45,November,2021,18,Luxembourg,EMEA,Luxembourg Hub,INBOUND_VOICE_TIER1,Voice,Consumer,Inbound,Tier 3,Healthcare,318,324,312,12,12,368,114816,13.62962963,20,3,4,93,4,85,64
2021-06-26,Saturday,25,June,2021,16,Morocco,EMEA,Morocco Hub,EMEA_EMAIL_SUPPORT_T3,Email,Enterprise,Support,Tier 2,Telecom,375,371,365,6,6,413,150745,6.679245283,28,5,6,74,4,75,66
2022-05-11,Wednesday,19,May,2022,4,Luxembourg,EMEA,Luxembourg Hub,RETENTION_VOICE_T2,Email,Enterprise,Retention,Tier 1,Banking,309,300,286,14,14,581,166166,27.11333333,27,5,6,71,4,84,87
2021-10-14,Thursday,41,October,2021,0,Slovenia,EMEA,Slovenia Hub,OUTBOUND_SALES_T2,Chat,Consumer,Outbound,Tier 3,Healthcare,327,351,331,20,20,701,232031,39.94301994,17,8,9,73,7,78,63
2024-11-23,Saturday,47,November,2024,18,Hungary,EMEA,Hungary Hub,TECH_SUPPORT_EMAIL_T3,Voice,Consumer,Tech Support,Tier 3,Telecom,306,325,324,1,1,735,238140,2.261538462,30,8,10,88,9,95,73
2022-08-15,Monday,33,August,2022,23,Turkey,EMEA,Turkey Hub,EMEA_EMAIL_SUPPORT_T3,Voice,Premium,Support,Tier 3,Healthcare,470,461,449,12,12,723,324627,18.81995662,22,11,13,78,10,81,60
2024-05-05,Sunday,18,May,2024,8,Russia,EMEA,Russia Hub,EMEA_CORE_EMAIL_T2,Chat,Enterprise,Support,Tier 3,Telecom,326,322,301,21,21,435,130935,28.36956522,25,4,5,75,4,93,87
2021-04-17,Saturday,15,April,2021,20,Italy,EMEA,Rome,EMEA_RETAIL_VOICE_T2,Voice,Consumer,Support,Tier 1,Telecom,243,241,222,19,19,736,163392,58.02489627,19,5,6,93,6,82,66
2021-12-10,Friday,49,December,2021,23,Luxembourg,EMEA,Luxembourg Hub,OUTBOUND_SALES_T2,Chat,Enterprise,Outbound,Tier 2,Telecom,155,157,140,17,17,521,72940,56.41401274,31,2,3,88,3,78,80
2024-11-23,Saturday,47,November,2024,8,Greece,EMEA,Greece Hub,EMEA_RETAIL_VOICE_T2,Chat,Consumer,Support,Tier 1,Healthcare,126,145,141,4,4,335,47235,9.24137931,26,1,1,77,1,89,84
2024-04-19,Friday,16,April,2024,10,Russia,EMEA,Russia Hub,INBOUND_VOICE_TIER1,Voice,Premium,Inbound,Tier 3,Telecom,195,206,186,20,20,349,64914,33.88349515,31,2,3,67,2,88,80
2022-05-19,Thursday,20,May,2022,4,United Kingdom,EMEA,London,EMEA_CORE_EMAIL_T2,Chat,Enterprise,Support,Tier 3,Telecom,172,176,171,5,5,231,39501,6.5625,18,1,1,85,1,71,73
2023-10-28,Saturday,43,October,2023,7,Poland,EMEA,Poland Hub,RETENTION_VOICE_T2,Chat,Premium,Retention,Tier 3,Healthcare,100,84,64,20,20,217,13888,51.66666667,23,0,0,90,0,94,60
2023-07-02,Sunday,26,July,2023,0,Denmark,EMEA,Denmark Hub,EMEA_RETAIL_VOICE_T2,Voice,Enterprise,Support,Tier 3,E-commerce,128,136,121,15,15,808,97768,89.11764706,15,3,3,86,3,74,73
2025-09-09,Tuesday,37,September,2025,3,Russia,EMEA,Russia Hub,INBOUND_VOICE_TIER1,Email,Premium,Inbound,Tier 2,E-commerce,310,340,321,19,19,419,134499,23.41470588,30,4,5,82,4,79,89
2024-10-10,Thursday,41,October,2024,5,Morocco,EMEA,Morocco Hub,EMEA_CORE_EMAIL_T2,Voice,Consumer,Support,Tier 3,Retail,207,208,207,1,1,294,60858,1.413461539,27,2,3,70,2,86,88
2021-05-18,Tuesday,20,May,2021,1,Spain,EMEA,Madrid,INBOUND_VOICE_TIER1,Chat,Premium,Inbound,Tier 3,Retail,369,391,369,22,22,780,287820,43.88746803,24,9,11,69,8,91,65
2025-07-23,Wednesday,30,July,2025,17,Sweden,EMEA,Sweden Hub,EMEA_CORE_EMAIL_T2,Email,Consumer,Support,Tier 2,Retail,447,440,414,26,26,831,344034,49.10454545,18,11,13,83,11,86,88
2025-08-08,Friday,32,August,2025,0,Italy,EMEA,Rome,TECH_SUPPORT_EMAIL_T3,Chat,Consumer,Tech Support,Tier 1,Retail,76,95,66,29,29,547,36102,166.9789474,18,1,1,89,1,77,86
2025-01-01,Wednesday,1,January,2025,15,United Kingdom,EMEA,London,EMEA_CORE_EMAIL_T2,Email,Consumer,Support,Tier 2,E-commerce,126,129,99,30,30,498,49302,115.8139535,18,1,1,88,1,84,63
2021-01-02,Saturday,53,January,2021,12,Kenya,EMEA,Kenya Hub,INBOUND_VOICE_TIER1,Email,Enterprise,Inbound,Tier 3,Retail,61,45,24,21,21,838,20112,391.0666667,22,0,0,92,0,94,78
2021-10-05,Tuesday,40,October,2021,7,South Africa,EMEA,Cape Town,EMEA_EMAIL_SUPPORT_T3,Email,Premium,Support,Tier 2,E-commerce,117,128,102,26,26,472,48144,95.875,28,1,1,66,1,95,79
2022-09-02,Friday,35,September,2022,20,Iceland,EMEA,Iceland Hub,OUTBOUND_SALES_T2,Chat,Consumer,Outbound,Tier 1,Banking,344,332,312,20,20,654,204048,39.39759036,17,7,8,93,7,83,64
2021-09-15,Wednesday,37,September,2021,12,Portugal,EMEA,Portugal Hub,RETENTION_VOICE_T2,Email,Consumer,Retention,Tier 3,Retail,73,54,29,25,25,798,23142,369.4444444,26,0,0,69,0,80,73
2021-07-01,Thursday,26,July,2021,19,Netherlands,EMEA,Amsterdam,EMEA_RETAIL_VOICE_T2,Voice,Consumer,Support,Tier 3,Retail,183,195,180,15,15,287,51660,22.07692308,34,1,1,94,1,93,88
2021-05-13,Thursday,19,May,2021,21,Slovenia,EMEA,Slovenia Hub,EMEA_RETAIL_VOICE_T2,Voice,Consumer,Support,Tier 1,Telecom,140,160,137,23,23,191,26167,27.45625,23,0,0,77,0,72,86
2023-08-11,Friday,32,August,2023,17,Ukraine,EMEA,Ukraine Hub,OUTBOUND_SALES_T2,Voice,Consumer,Outbound,Tier 3,Retail,250,242,236,6,6,773,182428,19.16528926,23,6,7,76,5,77,76
2025-03-18,Tuesday,12,March,2025,7,United Kingdom,EMEA,London,EMEA_RETAIL_VOICE_T2,Voice,Premium,Support,Tier 2,Retail,334,343,327,16,16,799,261273,37.27113703,35,9,12,87,10,73,88
2021-12-10,Friday,49,December,2021,20,Greece,EMEA,Greece Hub,EMEA_EMAIL_SUPPORT_T3,Chat,Premium,Support,Tier 3,E-commerce,362,364,361,3,3,434,156674,3.576923077,34,5,7,77,5,91,71
2022-03-08,Tuesday,10,March,2022,12,Portugal,EMEA,Portugal Hub,RETENTION_VOICE_T2,Email,Consumer,Retention,Tier 1,Banking,235,262,233,29,29,685,159605,75.82061069,24,5,6,66,4,87,78
2022-11-04,Friday,44,November,2022,21,Belgium,EMEA,Belgium Hub,TECH_SUPPORT_EMAIL_T3,Chat,Premium,Tech Support,Tier 3,Retail,319,304,291,13,13,598,174018,25.57236842,25,6,8,77,6,90,88
2024-10-28,Monday,44,October,2024,23,France,EMEA,Paris,CUSTOMER_SUPPORT_CHAT_T1,Email,Enterprise,Customer Support,Tier 1,Telecom,229,237,212,25,25,760,161120,80.16877637,28,5,6,79,5,74,80
2025-07-27,Sunday,30,July,2025,13,South Africa,EMEA,Cape Town,RETENTION_VOICE_T2,Email,Enterprise,Retention,Tier 3,Healthcare,292,307,306,1,1,499,152694,1.625407166,20,5,6,92,6,85,65
2022-04-28,Thursday,17,April,2022,15,Morocco,EMEA,Morocco Hub,EMEA_CORE_EMAIL_T2,Email,Consumer,Support,Tier 2,Banking,296,296,290,6,6,211,61190,4.277027027,19,2,2,84,2,78,64
2023-04-24,Monday,17,April,2023,4,Sweden,EMEA,Sweden Hub,RETENTION_VOICE_T2,Voice,Premium,Retention,Tier 3,E-commerce,375,402,390,12,12,840,327600,25.07462687,33,11,15,72,11,84,85
2021-10-20,Wednesday,42,October,2021,22,Portugal,EMEA,Portugal Hub,EMEA_RETAIL_VOICE_T2,Email,Consumer,Support,Tier 2,E-commerce,472,461,445,16,16,872,388040,30.26464208,29,13,17,83,14,70,63
2023-02-01,Wednesday,5,February,2023,21,Luxembourg,EMEA,Luxembourg Hub,EMEA_CORE_EMAIL_TIER2,Chat,Consumer,Support,Tier 3,Retail,78,68,49,19,19,569,27881,158.9852941,20,0,0,84,0,79,61
2024-06-28,Friday,26,June,2024,19,Ireland,EMEA,Dublin,EMEA_CHAT_SUPPORT_T1,Email,Consumer,Support,Tier 2,Banking,207,188,176,12,12,236,41536,15.06382979,33,1,1,84,1,84,90
2021-08-17,Tuesday,33,August,2021,7,Denmark,EMEA,Denmark Hub,OUTBOUND_SALES_T2,Email,Consumer,Outbound,Tier 2,Telecom,164,175,157,18,18,430,67510,44.22857143,28,2,3,75,2,92,85
2022-10-16,Sunday,41,October,2022,15,Romania,EMEA,Romania Hub,INBOUND_VOICE_TIER1,Voice,Premium,Inbound,Tier 3,Banking,296,283,264,19,19,588,155232,39.4770318,23,5,6,66,4,86,81
2022-01-31,Monday,5,January,2022,21,Italy,EMEA,Rome,RETENTION_VOICE_T2,Chat,Consumer,Retention,Tier 2,E-commerce,80,85,82,3,3,566,46412,19.97647059,25,1,1,90,1,91,72
2021-05-11,Tuesday,19,May,2021,1,France,EMEA,Paris,EMEA_CORE_EMAIL_T2,Email,Consumer,Support,Tier 1,E-commerce,432,439,428,11,11,815,348820,20.4214123,33,12,16,86,14,91,62
2025-04-05,Saturday,14,April,2025,5,Finland,EMEA,Finland Hub,OUTBOUND_SALES_T2,Chat,Consumer,Outbound,Tier 1,E-commerce,493,488,469,19,19,542,254198,21.10245902,19,8,10,91,9,95,69
2022-06-23,Thursday,25,June,2022,16,Sweden,EMEA,Sweden Hub,INBOUND_VOICE_TIER1,Chat,Enterprise,Inbound,Tier 1,Telecom,418,448,424,24,24,772,327328,41.35714286,20,11,13,91,12,95,80
2021-09-16,Thursday,37,September,2021,7,Norway,EMEA,Norway Hub,EMEA_CORE_EMAIL_TIER2,Email,Consumer,Support,Tier 1,Telecom,124,129,115,14,14,617,70955,66.96124031,27,2,3,74,2,91,90
2024-08-12,Monday,33,August,2024,3,Morocco,EMEA,Morocco Hub,INBOUND_VOICE_TIER1,Chat,Premium,Inbound,Tier 2,Banking,134,134,110,24,24,414,45540,74.14925373,17,1,1,95,1,79,78
2023-08-30,Wednesday,35,August,2023,20,Hungary,EMEA,Hungary Hub,TECH_SUPPORT_EMAIL_T3,Email,Premium,Tech Support,Tier 1,E-commerce,160,170,161,9,9,537,86457,28.42941176,18,3,4,95,4,74,60
2021-01-19,Tuesday,3,January,2021,8,Spain,EMEA,Madrid,EMEA_CORE_EMAIL_T2,Voice,Premium,Support,Tier 1,Retail,281,270,263,7,7,345,90735,8.944444444,31,3,4,68,3,73,84
2021-11-03,Wednesday,44,November,2021,1,Slovenia,EMEA,Slovenia Hub,INBOUND_VOICE_TIER1,Voice,Consumer,Inbound,Tier 3,E-commerce,195,199,176,23,23,453,79728,52.35678392,33,2,3,85,3,82,81
2021-08-07,Saturday,31,August,2021,15,Ukraine,EMEA,Ukraine Hub,EMEA_CORE_EMAIL_TIER2,Voice,Consumer,Support,Tier 2,Banking,258,276,270,6,6,611,164970,13.2826087,23,5,6,89,5,82,73
2025-12-26,Friday,52,December,2025,16,Belgium,EMEA,Belgium Hub,TECH_SUPPORT_EMAIL_T3,Chat,Premium,Tech Support,Tier 1,E-commerce,368,391,390,1,1,754,294060,1.928388747,23,10,12,67,8,91,81
2022-06-17,Friday,24,June,2022,19,Ukraine,EMEA,Ukraine Hub,EMEA_CORE_EMAIL_TIER2,Voice,Enterprise,Support,Tier 2,Healthcare,293,295,273,22,22,229,62517,17.0779661,27,2,3,72,2,91,74
2024-02-15,Thursday,7,February,2024,4,Finland,EMEA,Finland Hub,EMEA_RETAIL_VOICE_T2,Voice,Consumer,Support,Tier 1,Retail,124,145,133,12,12,838,111454,69.35172414,18,3,4,80,3,77,85
2022-08-21,Sunday,33,August,2022,0,Slovenia,EMEA,Slovenia Hub,EMEA_CORE_EMAIL_TIER2,Chat,Consumer,Support,Tier 2,E-commerce,461,455,454,1,1,429,194766,0.942857143,31,6,8,78,6,93,66
2022-02-02,Wednesday,5,February,2022,6,Portugal,EMEA,Portugal Hub,CUSTOMER_SUPPORT_CHAT_T1,Email,Consumer,Customer Support,Tier 3,Telecom,78,59,53,6,6,767,40651,78.0,35,1,1,83,1,93,66
2024-10-05,Saturday,40,October,2024,22,Greece,EMEA,Greece Hub,TECH_SUPPORT_EMAIL_T3,Email,Consumer,Tech Support,Tier 3,Telecom,429,440,425,15,15,271,115175,9.238636364,28,3,4,79,3,94,78
2024-07-12,Friday,28,July,2024,1,Hungary,EMEA,Hungary Hub,EMEA_EMAIL_SUPPORT_T3,Chat,Premium,Support,Tier 1,Retail,78,106,98,8,8,310,30380,23.39622642,18,1,1,88,1,89,75
2025-06-14,Saturday,24,June,2025,1,Turkey,EMEA,Turkey Hub,EMEA_CHAT_SUPPORT_T1,Chat,Premium,Support,Tier 1,Retail,57,82,52,30,30,742,38584,271.4634146,22,1,1,75,1,87,90
2021-01-01,Friday,53,January,2021,6,Norway,EMEA,Norway Hub,INBOUND_VOICE_TIER1,Email,Consumer,Inbound,Tier 3,Banking,77,62,48,14,14,707,33936,159.6451613,23,1,1,66,1,87,86
2024-10-21,Monday,43,October,2024,1,Slovakia,EMEA,Slovakia Hub,INBOUND_VOICE_TIER1,Chat,Consumer,Inbound,Tier 2,Telecom,312,306,301,5,5,200,60200,3.267973856,31,2,3,75,2,72,83
2022-11-26,Saturday,47,November,2022,4,United Kingdom,EMEA,London,RETENTION_VOICE_T2,Email,Enterprise,Retention,Tier 1,Telecom,162,163,143,20,20,230,32890,28.2208589,28,1,1,91,1,88,62
2023-12-15,Friday,50,December,2023,22,France,EMEA,Paris,EMEA_CHAT_SUPPORT_T1,Voice,Consumer,Support,Tier 3,Healthcare,213,194,170,24,24,652,110840,80.65979381,27,3,4,85,3,84,78
2021-02-02,Tuesday,5,February,2021,18,Finland,EMEA,Finland Hub,EMEA_CORE_EMAIL_T2,Voice,Consumer,Support,Tier 1,E-commerce,216,240,214,26,26,585,125190,63.375,22,4,5,90,5,79,82
2023-01-27,Friday,4,January,2023,14,France,EMEA,Paris,EMEA_EMAIL_SUPPORT_T3,Voice,Premium,Support,Tier 1,Banking,438,450,432,18,18,566,244512,22.64,20,8,10,73,7,81,80
2024-08-24,Saturday,34,August,2024,20,Portugal,EMEA,Portugal Hub,EMEA_RETAIL_VOICE_T2,Voice,Enterprise,Support,Tier 2,Retail,439,421,420,1,1,874,367080,2.076009501,30,12,16,85,14,70,64
2021-07-23,Friday,29,July,2021,7,South Africa,EMEA,Cape Town,EMEA_EMAIL_SUPPORT_T3,Email,Enterprise,Support,Tier 3,Healthcare,70,99,77,22,22,512,39424,113.7777778,23,1,1,70,1,92,86
2025-03-05,Wednesday,10,March,2025,12,Portugal,EMEA,Portugal Hub,EMEA_CORE_EMAIL_TIER2,Voice,Premium,Support,Tier 2,Retail,124,113,95,18,18,817,77615,130.1415929,27,2,3,92,3,70,76
2021-07-01,Thursday,26,July,2021,23,Germany,EMEA,Berlin,RETENTION_VOICE_T2,Voice,Consumer,Retention,Tier 2,Healthcare,98,98,72,26,26,382,27504,101.3469388,22,0,0,65,0,90,69
2024-06-24,Monday,26,June,2024,5,Sweden,EMEA,Sweden Hub,EMEA_CORE_EMAIL_TIER2,Voice,Enterprise,Support,Tier 1,Healthcare,380,377,377,0,0,180,67860,0.0,22,2,2,75,2,88,86
2022-04-30,Saturday,17,April,2022,15,Poland,EMEA,Poland Hub,EMEA_CORE_EMAIL_T2,Email,Enterprise,Support,Tier 3,E-commerce,202,208,183,25,25,843,154269,101.3221154,21,5,6,77,5,75,78
2022-07-18,Monday,29,July,2022,5,Morocco,EMEA,Morocco Hub,OUTBOUND_SALES_T2,Chat,Enterprise,Outbound,Tier 3,Healthcare,92,85,66,19,19,311,20526,69.51764706,23,0,0,93,0,71,85
2024-09-22,Sunday,38,September,2024,5,Luxembourg,EMEA,Luxembourg Hub,EMEA_CHAT_SUPPORT_T1,Voice,Consumer,Support,Tier 2,Banking,179,206,177,29,29,255,45135,35.89805825,25,1,1,73,1,85,69
2024-11-27,Wednesday,48,November,2024,14,Turkey,EMEA,Turkey Hub,EMEA_CHAT_SUPPORT_T1,Email,Premium,Support,Tier 3,Retail,265,268,246,22,22,276,67896,22.65671642,35,2,3,75,2,87,69
2024-02-18,Sunday,7,February,2024,13,Greece,EMEA,Greece Hub,EMEA_CORE_EMAIL_TIER2,Voice,Enterprise,Support,Tier 1,Retail,102,111,88,23,23,723,63624,149.8108108,35,2,3,86,3,88,82
2025-06-18,Wednesday,25,June,2025,2,Germany,EMEA,Berlin,EMEA_RETAIL_VOICE_T2,Chat,Enterprise,Support,Tier 3,Telecom,492,496,492,4,4,326,160392,2.629032258,21,5,6,68,4,86,60
2021-03-21,Sunday,11,March,2021,0,Turkey,EMEA,Turkey Hub,EMEA_RETAIL_VOICE_T2,Voice,Enterprise,Support,Tier 2,Telecom,176,172,160,12,12,473,75680,33.0,31,2,3,84,3,85,76
2025-02-07,Friday,6,February,2025,15,Belgium,EMEA,Belgium Hub,INBOUND_VOICE_TIER1,Email,Premium,Inbound,Tier 1,E-commerce,195,210,182,28,28,816,148512,108.8,27,5,6,77,5,93,72
2025-05-25,Sunday,21,May,2025,15,Sweden,EMEA,Sweden Hub,RETENTION_VOICE_T2,Voice,Consumer,Retention,Tier 2,E-commerce,78,98,78,20,20,337,26286,68.7755102,17,0,0,72,0,81,77
2023-06-21,Wednesday,25,June,2023,20,Morocco,EMEA,Morocco Hub,EMEA_RETAIL_VOICE_T2,Email,Enterprise,Support,Tier 1,Telecom,371,353,353,0,0,432,152496,0.0,26,5,6,90,5,95,76
2025-02-06,Thursday,6,February,2025,1,United Kingdom,EMEA,London,TECH_SUPPORT_EMAIL_T3,Email,Premium,Tech Support,Tier 3,Retail,478,469,462,7,7,638,294756,9.52238806,34,10,13,92,12,83,77
2021-05-02,Sunday,17,May,2021,7,France,EMEA,Paris,TECH_SUPPORT_EMAIL_T3,Chat,Consumer,Tech Support,Tier 1,E-commerce,476,460,430,30,30,261,112230,17.02173913,26,3,4,82,3,74,74
2025-03-04,Tuesday,10,March,2025,20,Turkey,EMEA,Turkey Hub,EMEA_CORE_EMAIL_TIER2,Chat,Enterprise,Support,Tier 2,Healthcare,118,125,120,5,5,429,51480,17.16,31,1,1,92,1,81,62
2024-11-03,Sunday,44,November,2024,12,Slovakia,EMEA,Slovakia Hub,EMEA_CORE_EMAIL_TIER2,Voice,Consumer,Support,Tier 2,Telecom,427,420,397,23,23,823,326731,45.06904762,17,11,13,65,8,87,82
2021-11-01,Monday,44,November,2021,17,Bulgaria,EMEA,Bulgaria Hub,EMEA_CORE_EMAIL_T2,Chat,Premium,Support,Tier 1,Retail,393,392,371,21,21,664,246344,35.57142857,21,8,10,88,9,75,61
2023-04-30,Sunday,17,April,2023,13,Romania,EMEA,Romania Hub,EMEA_EMAIL_SUPPORT_T3,Email,Consumer,Support,Tier 3,Healthcare,214,230,211,19,19,862,181882,71.20869565,26,6,8,90,7,81,75
2021-09-25,Saturday,38,September,2021,5,Slovakia,EMEA,Slovakia Hub,EMEA_RETAIL_VOICE_T2,Email,Enterprise,Support,Tier 2,Healthcare,109,130,109,21,21,431,46979,69.62307692,23,1,1,95,1,84,63
2023-07-01,Saturday,26,July,2023,2,Belgium,EMEA,Belgium Hub,OUTBOUND_SALES_T2,Voice,Premium,Outbound,Tier 1,Healthcare,85,82,69,13,13,326,22494,51.68292683,18,0,0,77,0,90,83
2023-07-30,Sunday,30,July,2023,22,Poland,EMEA,Poland Hub,EMEA_CORE_EMAIL_T2,Voice,Consumer,Support,Tier 1,Banking,248,263,240,23,23,410,98400,35.85551331,15,3,3,88,3,78,73
2022-08-22,Monday,34,August,2022,17,Denmark,EMEA,Denmark Hub,EMEA_CHAT_SUPPORT_T1,Email,Premium,Support,Tier 3,E-commerce,291,275,258,17,17,375,96750,23.18181818,17,3,4,71,3,70,82
2023-03-17,Friday,11,March,2023,20,Spain,EMEA,Madrid,EMEA_CHAT_SUPPORT_T1,Email,Consumer,Support,Tier 3,Retail,177,173,157,16,16,234,36738,21.6416185,24,1,1,69,1,71,61
2021-10-27,Wednesday,43,October,2021,8,Denmark,EMEA,Denmark Hub,TECH_SUPPORT_EMAIL_T3,Email,Consumer,Tech Support,Tier 2,Retail,498,503,480,23,23,228,109440,10.42544732,16,3,3,88,3,74,60
2021-07-24,Saturday,29,July,2021,22,Spain,EMEA,Madrid,EMEA_CHAT_SUPPORT_T1,Voice,Premium,Support,Tier 3,Retail,62,43,31,12,12,364,11284,101.5813953,24,0,0,74,0,77,88
2025-04-17,Thursday,16,April,2025,22,Ireland,EMEA,Dublin,EMEA_CORE_EMAIL_TIER2,Voice,Enterprise,Support,Tier 3,Telecom,120,120,99,21,21,726,71874,127.05,25,2,3,77,2,78,72
2025-04-29,Tuesday,18,April,2025,4,Sweden,EMEA,Sweden Hub,CUSTOMER_SUPPORT_CHAT_T1,Email,Enterprise,Customer Support,Tier 2,E-commerce,274,265,250,15,15,192,48000,10.86792453,21,1,1,92,1,87,71
2025-09-30,Tuesday,40,September,2025,8,Czech Republic,EMEA,Czech Republic Hub,EMEA_CORE_EMAIL_TIER2,Voice,Premium,Support,Tier 1,Healthcare,145,129,106,23,23,636,67416,113.3953488,34,2,3,70,2,79,83
2022-08-21,Sunday,33,August,2022,22,Ukraine,EMEA,Ukraine Hub,OUTBOUND_SALES_T2,Email,Consumer,Outbound,Tier 1,E-commerce,226,229,210,19,19,489,102690,40.5720524,30,3,4,91,4,84,68
2022-09-21,Wednesday,38,September,2022,17,Bulgaria,EMEA,Bulgaria Hub,RETENTION_VOICE_T2,Voice,Enterprise,Retention,Tier 3,Retail,75,60,53,7,7,348,18444,40.6,21,0,0,83,0,88,81
2024-02-22,Thursday,8,February,2024,11,Romania,EMEA,Romania Hub,EMEA_CHAT_SUPPORT_T1,Voice,Consumer,Support,Tier 3,Telecom,283,296,268,28,28,192,51456,18.16216216,30,1,1,74,1,94,62
2021-05-19,Wednesday,20,May,2021,4,Russia,EMEA,Russia Hub,CUSTOMER_SUPPORT_CHAT_T1,Chat,Consumer,Customer Support,Tier 2,Retail,372,364,360,4,4,206,74160,2.263736264,23,2,2,95,2,82,85
2023-09-01,Friday,35,September,2023,22,Romania,EMEA,Romania Hub,EMEA_CHAT_SUPPORT_T1,Chat,Premium,Support,Tier 3,Healthcare,309,309,285,24,24,434,123690,33.70873786,32,4,5,65,3,89,67
2025-07-18,Friday,29,July,2025,9,Poland,EMEA,Poland Hub,TECH_SUPPORT_EMAIL_T3,Email,Consumer,Tech Support,Tier 2,Banking,407,424,408,16,16,764,311712,28.83018868,34,10,13,86,11,95,78
2025-10-05,Sunday,40,October,2025,14,Morocco,EMEA,Morocco Hub,EMEA_CORE_EMAIL_T2,Voice,Consumer,Support,Tier 2,Banking,65,94,65,29,29,795,51675,245.2659574,25,1,1,90,1,73,70
2022-11-23,Wednesday,47,November,2022,9,Israel,EMEA,Israel Hub,OUTBOUND_SALES_T2,Chat,Consumer,Outbound,Tier 2,Telecom,376,398,387,11,11,306,118422,8.457286432,33,4,5,95,5,92,76
2024-02-13,Tuesday,7,February,2024,18,Poland,EMEA,Poland Hub,EMEA_CHAT_SUPPORT_T1,Voice,Premium,Support,Tier 2,Retail,243,266,249,17,17,789,196461,50.42481203,17,6,7,73,5,82,88
2021-04-26,Monday,17,April,2021,18,Norway,EMEA,Norway Hub,INBOUND_VOICE_TIER1,Email,Consumer,Inbound,Tier 3,Telecom,69,81,56,25,25,812,45472,250.617284,15,1,1,94,1,85,81
2024-07-09,Tuesday,28,July,2024,17,Belgium,EMEA,Belgium Hub,EMEA_EMAIL_SUPPORT_T3,Chat,Enterprise,Support,Tier 3,Healthcare,236,228,198,30,30,890,176220,117.1052632,31,6,8,79,6,71,74
2024-11-13,Wednesday,46,November,2024,20,Hungary,EMEA,Hungary Hub,RETENTION_VOICE_T2,Voice,Consumer,Retention,Tier 1,Retail,267,266,243,23,23,455,110565,39.34210526,22,3,4,94,4,84,84
2023-05-30,Tuesday,22,May,2023,10,Czech Republic,EMEA,Czech Republic Hub,EMEA_CHAT_SUPPORT_T1,Chat,Premium,Support,Tier 3,Healthcare,276,262,232,30,30,340,78880,38.93129771,34,2,3,88,3,92,86
2025-04-05,Saturday,14,April,2025,2,Netherlands,EMEA,Amsterdam,EMEA_EMAIL_SUPPORT_T3,Chat,Premium,Support,Tier 3,Retail,380,394,376,18,18,421,158296,19.23350254,16,5,6,86,5,73,75
2022-07-12,Tuesday,28,July,2022,2,Ireland,EMEA,Dublin,INBOUND_VOICE_TIER1,Chat,Consumer,Inbound,Tier 2,E-commerce,290,291,261,30,30,656,171216,67.62886598,33,5,7,65,5,89,79
2024-03-30,Saturday,13,March,2024,7,Kenya,EMEA,Kenya Hub,INBOUND_VOICE_TIER1,Chat,Premium,Inbound,Tier 1,Banking,63,50,47,3,3,690,32430,41.4,15,1,1,91,1,80,88
2022-05-22,Sunday,20,May,2022,13,Netherlands,EMEA,Amsterdam,RETENTION_VOICE_T2,Voice,Enterprise,Retention,Tier 3,E-commerce,211,196,193,3,3,378,72954,5.785714286,26,2,3,81,2,71,87
2025-11-15,Saturday,46,November,2025,15,Hungary,EMEA,Hungary Hub,INBOUND_VOICE_TIER1,Email,Consumer,Inbound,Tier 3,Healthcare,305,298,296,2,2,887,262552,5.953020134,34,9,12,68,8,73,68
2021-08-31,Tuesday,35,August,2021,7,Turkey,EMEA,Turkey Hub,EMEA_CORE_EMAIL_TIER2,Chat,Consumer,Support,Tier 3,Healthcare,425,423,411,12,12,447,183717,12.68085106,16,6,7,84,6,91,70
2021-05-15,Saturday,19,May,2021,3,Iceland,EMEA,Iceland Hub,TECH_SUPPORT_EMAIL_T3,Email,Enterprise,Tech Support,Tier 3,Healthcare,369,378,368,10,10,845,310960,22.35449735,30,10,13,72,9,83,61
2025-03-23,Sunday,12,March,2025,12,France,EMEA,Paris,EMEA_CORE_EMAIL_T2,Voice,Enterprise,Support,Tier 3,Healthcare,430,432,426,6,6,457,194682,6.347222222,23,6,7,69,5,77,64
2024-02-08,Thursday,6,February,2024,23,Turkey,EMEA,Turkey Hub,RETENTION_VOICE_T2,Voice,Consumer,Retention,Tier 3,Retail,187,211,209,2,2,258,53922,2.44549763,19,1,1,74,1,94,65
2021-06-13,Sunday,23,June,2021,13,Kenya,EMEA,Kenya Hub,EMEA_CORE_EMAIL_T2,Chat,Consumer,Support,Tier 1,E-commerce,408,396,367,29,29,293,107531,21.45707071,22,3,4,74,3,79,86
2025-10-14,Tuesday,42,October,2025,12,Turkey,EMEA,Turkey Hub,INBOUND_VOICE_TIER1,Chat,Premium,Inbound,Tier 1,E-commerce,118,115,110,5,5,775,85250,33.69565217,30,2,3,66,2,87,66
2024-06-16,Sunday,24,June,2024,15,Poland,EMEA,Poland Hub,CUSTOMER_SUPPORT_CHAT_T1,Voice,Premium,Customer Support,Tier 1,Retail,425,410,383,27,27,840,321720,55.31707317,17,11,13,90,12,81,83
2021-04-11,Sunday,14,April,2021,8,Morocco,EMEA,Morocco Hub,EMEA_RETAIL_VOICE_T2,Email,Premium,Support,Tier 3,Banking,492,500,480,20,20,693,332640,27.72,15,11,13,90,12,86,70
2025-04-04,Friday,14,April,2025,5,Denmark,EMEA,Denmark Hub,OUTBOUND_SALES_T2,Chat,Enterprise,Outbound,Tier 1,Telecom,400,383,365,18,18,571,208415,26.83550914,21,7,8,67,5,86,85
2021-01-29,Friday,4,January,2021,15,Morocco,EMEA,Morocco Hub,CUSTOMER_SUPPORT_CHAT_T1,Voice,Consumer,Customer Support,Tier 1,Healthcare,500,481,459,22,22,442,202878,20.21621622,16,7,8,69,6,88,86
2024-09-26,Thursday,39,September,2024,10,Poland,EMEA,Poland Hub,EMEA_CORE_EMAIL_TIER2,Chat,Premium,Support,Tier 2,Retail,164,170,145,25,25,700,101500,102.9411765,28,3,4,90,4,75,76
2021-09-26,Sunday,38,September,2021,11,Denmark,EMEA,Denmark Hub,OUTBOUND_SALES_T2,Email,Consumer,Outbound,Tier 3,Retail,73,81,63,18,18,774,48762,172.0,35,1,1,90,1,91,74
2021-07-27,Tuesday,30,July,2021,6,United Kingdom,EMEA,London,TECH_SUPPORT_EMAIL_T3,Email,Premium,Tech Support,Tier 1,E-commerce,94,91,88,3,3,562,49456,18.52747253,29,1,1,72,1,93,65
2025-05-17,Saturday,20,May,2025,16,Morocco,EMEA,Morocco Hub,CUSTOMER_SUPPORT_CHAT_T1,Chat,Premium,Customer Support,Tier 2,Healthcare,220,216,206,10,10,306,63036,14.16666667,23,2,2,91,2,82,66
2021-03-13,Saturday,10,March,2021,14,Norway,EMEA,Norway Hub,EMEA_EMAIL_SUPPORT_T3,Voice,Premium,Support,Tier 1,E-commerce,86,93,74,19,19,826,61124,168.7526882,27,2,3,80,2,84,84
2023-07-01,Saturday,26,July,2023,4,Bulgaria,EMEA,Bulgaria Hub,EMEA_EMAIL_SUPPORT_T3,Voice,Premium,Support,Tier 2,E-commerce,467,463,433,30,30,605,261965,39.20086393,31,9,12,69,8,88,84
2024-11-18,Monday,47,November,2024,10,Hungary,EMEA,Hungary Hub,EMEA_CORE_EMAIL_TIER2,Email,Consumer,Support,Tier 1,E-commerce,136,122,95,27,27,527,50065,116.6311475,18,1,1,94,1,80,82
2025-11-06,Thursday,45,November,2025,11,Portugal,EMEA,Portugal Hub,EMEA_CORE_EMAIL_T2,Chat,Premium,Support,Tier 3,E-commerce,359,378,356,22,22,597,212532,34.74603175,29,7,9,69,6,89,73
2021-01-25,Monday,4,January,2021,1,Ireland,EMEA,Dublin,CUSTOMER_SUPPORT_CHAT_T1,Email,Premium,Customer Support,Tier 2,E-commerce,125,137,109,28,28,815,88835,166.5693431,26,3,4,94,4,90,66
2021-11-15,Monday,46,November,2021,18,Turkey,EMEA,Turkey Hub,TECH_SUPPORT_EMAIL_T3,Email,Consumer,Tech Support,Tier 3,Retail,433,452,434,18,18,444,192696,17.68141593,26,6,8,79,6,81,63
2023-11-06,Monday,45,November,2023,2,Bulgaria,EMEA,Bulgaria Hub,EMEA_CORE_EMAIL_TIER2,Email,Premium,Support,Tier 1,Retail,219,208,185,23,23,722,133570,79.83653846,23,4,5,91,5,93,79
2021-12-23,Thursday,51,December,2021,8,Netherlands,EMEA,Amsterdam,EMEA_EMAIL_SUPPORT_T3,Voice,Consumer,Support,Tier 3,Telecom,333,338,335,3,3,723,242205,6.417159763,27,8,10,94,9,75,80
2025-09-15,Monday,38,September,2025,5,Czech Republic,EMEA,Czech Republic Hub,INBOUND_VOICE_TIER1,Email,Consumer,Inbound,Tier 3,Telecom,353,347,335,12,12,537,179895,18.57060519,19,6,7,89,6,93,76
2025-09-12,Friday,37,September,2025,4,Sweden,EMEA,Sweden Hub,EMEA_CORE_EMAIL_TIER2,Voice,Consumer,Support,Tier 2,Telecom,270,296,284,12,12,532,151088,21.56756757,34,5,7,95,7,78,64
2025-04-10,Thursday,15,April,2025,19,Iceland,EMEA,Iceland Hub,INBOUND_VOICE_TIER1,Voice,Enterprise,Inbound,Tier 3,Healthcare,265,267,262,5,5,853,223486,15.97378277,22,7,9,92,8,93,76
2023-02-25,Saturday,8,February,2023,21,Belgium,EMEA,Belgium Hub,EMEA_CORE_EMAIL_T2,Chat,Enterprise,Support,Tier 2,Banking,499,506,489,17,17,764,373596,25.66798419,17,12,14,74,10,93,85
2024-05-10,Friday,19,May,2024,16,Sweden,EMEA,Sweden Hub,EMEA_EMAIL_SUPPORT_T3,Email,Enterprise,Support,Tier 1,Banking,58,59,34,25,25,732,24888,310.1694915,35,0,0,74,0,82,65
2025-09-17,Wednesday,38,September,2025,6,Poland,EMEA,Poland Hub,EMEA_CORE_EMAIL_TIER2,Email,Enterprise,Support,Tier 1,E-commerce,369,360,338,22,22,279,94302,17.05,20,3,4,66,3,81,65
2021-02-08,Monday,6,February,2021,9,Denmark,EMEA,Denmark Hub,RETENTION_VOICE_T2,Chat,Consumer,Retention,Tier 1,Healthcare,245,244,214,30,30,252,53928,30.98360656,26,1,1,90,1,94,64
2023-06-06,Tuesday,23,June,2023,20,United Kingdom,EMEA,London,INBOUND_VOICE_TIER1,Voice,Enterprise,Inbound,Tier 3,E-commerce,377,370,364,6,6,384,139776,6.227027027,26,4,5,66,3,80,88
2021-04-09,Friday,14,April,2021,8,Belgium,EMEA,Belgium Hub,EMEA_CORE_EMAIL_T2,Email,Enterprise,Support,Tier 1,Retail,169,162,141,21,21,830,117030,107.5925926,28,4,5,79,4,89,66
2021-06-23,Wednesday,25,June,2021,22,United Kingdom,EMEA,London,EMEA_CHAT_SUPPORT_T1,Voice,Premium,Support,Tier 1,E-commerce,362,352,339,13,13,217,73563,8.014204546,17,2,2,67,1,70,65
2025-11-26,Wednesday,48,November,2025,6,Portugal,EMEA,Portugal Hub,EMEA_RETAIL_VOICE_T2,Chat,Premium,Support,Tier 2,Retail,222,218,208,10,10,449,93392,20.59633028,26,3,4,72,3,89,77
2025-12-15,Monday,51,December,2025,9,Slovakia,EMEA,Slovakia Hub,EMEA_CHAT_SUPPORT_T1,Email,Premium,Support,Tier 1,Healthcare,169,183,160,23,23,774,123840,97.27868852,22,4,5,78,4,77,64
2024-04-22,Monday,17,April,2024,19,Turkey,EMEA,Turkey Hub,EMEA_EMAIL_SUPPORT_T3,Email,Consumer,Support,Tier 3,Healthcare,337,362,359,3,3,325,116675,2.693370166,30,4,5,91,5,76,62
2022-06-23,Thursday,25,June,2022,11,Ukraine,EMEA,Ukraine Hub,INBOUND_VOICE_TIER1,Chat,Enterprise,Inbound,Tier 3,E-commerce,344,345,326,19,19,470,153220,25.88405797,30,5,7,89,6,94,78
2023-05-11,Thursday,19,May,2023,16,South Africa,EMEA,Cape Town,EMEA_EMAIL_SUPPORT_T3,Email,Premium,Support,Tier 3,E-commerce,127,122,111,11,11,180,19980,16.2295082,35,0,0,79,0,77,75
2023-01-08,Sunday,1,January,2023,20,Slovakia,EMEA,Slovakia Hub,EMEA_RETAIL_VOICE_T2,Chat,Premium,Support,Tier 1,Healthcare,446,465,462,3,3,805,371910,5.193548387,33,12,16,67,11,72,68
2023-06-25,Sunday,25,June,2023,2,Belgium,EMEA,Belgium Hub,EMEA_CHAT_SUPPORT_T1,Voice,Enterprise,Support,Tier 2,Telecom,127,124,101,23,23,396,39996,73.4516129,32,1,1,86,1,73,60
2021-06-20,Sunday,24,June,2021,11,Greece,EMEA,Greece Hub,CUSTOMER_SUPPORT_CHAT_T1,Voice,Consumer,Customer Support,Tier 1,Healthcare,166,186,168,18,18,892,149856,86.32258065,29,5,6,79,5,75,86
2023-07-17,Monday,29,July,2023,7,Sweden,EMEA,Sweden Hub,RETENTION_VOICE_T2,Chat,Consumer,Retention,Tier 3,Healthcare,309,319,306,13,13,587,179622,23.92163009,35,6,8,76,6,78,78
2023-07-14,Friday,28,July,2023,11,Morocco,EMEA,Morocco Hub,EMEA_CORE_EMAIL_T2,Voice,Premium,Support,Tier 1,Banking,416,420,392,28,28,763,299096,50.86666667,26,10,13,76,10,84,75
2024-11-20,Wednesday,47,November,2024,23,Israel,EMEA,Israel Hub,EMEA_RETAIL_VOICE_T2,Email,Consumer,Support,Tier 2,Banking,125,130,130,0,0,343,44590,0.0,15,1,1,69,1,86,75
2025-05-14,Wednesday,20,May,2025,18,Slovenia,EMEA,Slovenia Hub,EMEA_CORE_EMAIL_T2,Chat,Premium,Support,Tier 2,Retail,81,103,77,26,26,685,52745,172.9126214,32,1,1,66,1,71,81
2023-06-12,Monday,24,June,2023,1,Czech Republic,EMEA,Czech Republic Hub,EMEA_EMAIL_SUPPORT_T3,Email,Premium,Support,Tier 2,Telecom,369,374,369,5,5,758,279702,10.13368984,23,9,11,92,10,90,87
2021-04-29,Thursday,17,April,2021,15,Ukraine,EMEA,Ukraine Hub,CUSTOMER_SUPPORT_CHAT_T1,Chat,Premium,Customer Support,Tier 1,Retail,311,315,302,13,13,428,129256,17.66349206,16,4,5,75,4,92,82
2024-10-14,Monday,42,October,2024,9,Ireland,EMEA,Dublin,EMEA_EMAIL_SUPPORT_T3,Voice,Enterprise,Support,Tier 2,Telecom,165,150,123,27,27,268,32964,48.24,18,1,1,79,1,70,61
2021-11-16,Tuesday,46,November,2021,6,Portugal,EMEA,Portugal Hub,TECH_SUPPORT_EMAIL_T3,Email,Enterprise,Tech Support,Tier 1,Banking,357,385,378,7,7,590,223020,10.72727273,28,7,9,66,6,77,79
2025-01-15,Wednesday,3,January,2025,4,Israel,EMEA,Israel Hub,EMEA_RETAIL_VOICE_T2,Email,Enterprise,Support,Tier 1,Telecom,204,225,221,4,4,293,64753,5.208888889,27,2,3,86,3,76,76
2025-01-10,Friday,2,January,2025,8,Belgium,EMEA,Belgium Hub,OUTBOUND_SALES_T2,Voice,Premium,Outbound,Tier 1,E-commerce,403,422,410,12,12,195,79950,5.545023697,23,2,2,67,1,73,80
2023-11-28,Tuesday,48,November,2023,20,Hungary,EMEA,Hungary Hub,EMEA_CHAT_SUPPORT_T1,Voice,Premium,Support,Tier 2,Telecom,318,327,304,23,23,186,56544,13.08256881,20,1,1,68,1,76,68
2023-03-28,Tuesday,13,March,2023,18,Slovakia,EMEA,Slovakia Hub,EMEA_CORE_EMAIL_TIER2,Email,Consumer,Support,Tier 3,E-commerce,274,263,249,14,14,872,217128,46.41825095,24,7,9,71,6,82,80
2022-01-25,Tuesday,4,January,2022,22,Italy,EMEA,Rome,EMEA_CORE_EMAIL_T2,Chat,Premium,Support,Tier 1,Healthcare,107,109,90,19,19,200,18000,34.86238532,34,0,0,71,0,72,84
2023-09-10,Sunday,36,September,2023,21,Portugal,EMEA,Portugal Hub,EMEA_CORE_EMAIL_T2,Voice,Consumer,Support,Tier 2,Retail,461,488,460,28,28,819,376740,46.99180328,18,13,15,74,11,75,90
2022-01-14,Friday,2,January,2022,18,Turkey,EMEA,Turkey Hub,EMEA_CORE_EMAIL_T2,Email,Consumer,Support,Tier 2,Telecom,79,103,103,0,0,315,32445,0.0,26,1,1,78,1,92,70
2022-03-04,Friday,9,March,2022,3,Slovakia,EMEA,Slovakia Hub,TECH_SUPPORT_EMAIL_T3,Voice,Premium,Tech Support,Tier 1,E-commerce,255,259,235,24,24,480,112800,44.47876448,16,3,3,68,2,77,62
2023-12-19,Tuesday,51,December,2023,2,Bulgaria,EMEA,Bulgaria Hub,OUTBOUND_SALES_T2,Email,Consumer,Outbound,Tier 1,Banking,68,68,47,21,21,214,10058,66.08823529,19,0,0,83,0,79,79
2023-01-21,Saturday,3,January,2023,16,Ireland,EMEA,Dublin,EMEA_CHAT_SUPPORT_T1,Chat,Enterprise,Support,Tier 1,Healthcare,137,143,123,20,20,718,88314,100.4195804,22,3,4,88,4,90,68
2022-12-30,Friday,52,December,2022,2,Belgium,EMEA,Belgium Hub,EMEA_CHAT_SUPPORT_T1,Email,Consumer,Support,Tier 3,Telecom,370,356,355,1,1,879,312045,2.469101124,18,10,12,81,10,74,73
2023-04-29,Saturday,17,April,2023,18,Slovenia,EMEA,Slovenia Hub,CUSTOMER_SUPPORT_CHAT_T1,Voice,Consumer,Customer Support,Tier 3,Telecom,208,197,184,13,13,300,55200,19.79695431,27,1,1,73,1,94,85
2021-12-23,Thursday,51,December,2021,22,Germany,EMEA,Berlin,EMEA_CORE_EMAIL_TIER2,Voice,Enterprise,Support,Tier 3,Banking,91,81,64,17,17,861,55104,180.7037037,35,1,1,69,1,79,87
2023-10-29,Sunday,43,October,2023,13,Ukraine,EMEA,Ukraine Hub,EMEA_EMAIL_SUPPORT_T3,Voice,Consumer,Support,Tier 3,Retail,350,339,332,7,7,435,144420,8.982300885,32,5,7,77,5,77,72
2024-03-23,Saturday,12,March,2024,8,Kenya,EMEA,Kenya Hub,TECH_SUPPORT_EMAIL_T3,Voice,Enterprise,Tech Support,Tier 3,Telecom,480,496,479,17,17,313,149927,10.72782258,15,5,6,65,4,71,65
2022-10-22,Saturday,42,October,2022,13,Denmark,EMEA,Denmark Hub,EMEA_CORE_EMAIL_TIER2,Chat,Consumer,Support,Tier 3,Retail,333,362,358,4,4,581,207998,6.419889503,17,7,8,76,6,77,88
2025-05-30,Friday,22,May,2025,11,Germany,EMEA,Berlin,EMEA_RETAIL_VOICE_T2,Email,Enterprise,Support,Tier 2,Retail,101,127,112,15,15,306,34272,36.14173228,26,1,1,93,1,94,65
2024-12-23,Monday,52,December,2024,6,France,EMEA,Paris,EMEA_CORE_EMAIL_TIER2,Email,Consumer,Support,Tier 1,Telecom,76,73,71,2,2,551,39121,15.09589041,24,1,1,77,1,90,89
2022-12-06,Tuesday,49,December,2022,3,Belgium,EMEA,Belgium Hub,CUSTOMER_SUPPORT_CHAT_T1,Voice,Enterprise,Customer Support,Tier 3,Healthcare,403,390,363,27,27,487,176781,33.71538462,31,6,8,73,6,77,83
2022-02-25,Friday,8,February,2022,18,Netherlands,EMEA,Amsterdam,TECH_SUPPORT_EMAIL_T3,Voice,Consumer,Tech Support,Tier 2,E-commerce,188,204,203,1,1,338,68614,1.656862745,35,2,3,78,2,89,63
2025-12-27,Saturday,52,December,2025,1,Iceland,EMEA,Iceland Hub,CUSTOMER_SUPPORT_CHAT_T1,Email,Enterprise,Customer Support,Tier 2,Healthcare,205,215,190,25,25,373,70870,43.37209302,18,2,2,89,2,83,76
2024-02-20,Tuesday,8,February,2024,6,Germany,EMEA,Berlin,EMEA_CORE_EMAIL_TIER2,Voice,Consumer,Support,Tier 1,Telecom,201,231,221,10,10,378,83538,16.36363636,35,2,3,84,3,95,86
2021-03-09,Tuesday,10,March,2021,19,Spain,EMEA,Madrid,EMEA_CORE_EMAIL_TIER2,Voice,Consumer,Support,Tier 2,Telecom,203,191,180,11,11,418,75240,24.07329843,20,2,2,67,1,72,61
2023-02-03,Friday,5,February,2023,4,Ireland,EMEA,Dublin,EMEA_RETAIL_VOICE_T2,Voice,Enterprise,Support,Tier 1,E-commerce,316,317,315,2,2,206,64890,1.299684543,21,2,2,84,2,87,76
2022-12-25,Sunday,51,December,2022,2,Spain,EMEA,Madrid,RETENTION_VOICE_T2,Chat,Consumer,Retention,Tier 1,Telecom,116,109,93,16,16,631,58683,92.62385321,26,2,3,92,3,89,75
2025-06-22,Sunday,25,June,2025,23,Israel,EMEA,Israel Hub,OUTBOUND_SALES_T2,Email,Premium,Outbound,Tier 3,Retail,61,91,91,0,0,287,26117,0.0,31,0,0,81,0,83,76
2025-03-11,Tuesday,11,March,2025,14,Luxembourg,EMEA,Luxembourg Hub,OUTBOUND_SALES_T2,Email,Enterprise,Outbound,Tier 2,Banking,200,207,187,20,20,778,145486,75.16908213,22,5,6,92,6,88,81
2025-02-08,Saturday,6,February,2025,16,Italy,EMEA,Rome,EMEA_CORE_EMAIL_T2,Chat,Consumer,Support,Tier 1,E-commerce,85,74,73,1,1,761,55553,10.28378378,32,1,1,70,1,75,69
2021-01-05,Tuesday,1,January,2021,3,Poland,EMEA,Poland Hub,CUSTOMER_SUPPORT_CHAT_T1,Email,Enterprise,Customer Support,Tier 1,Telecom,121,135,121,14,14,270,32670,28.0,19,1,1,95,1,71,60
2025-08-04,Monday,32,August,2025,13,Spain,EMEA,Madrid,OUTBOUND_SALES_T2,Voice,Consumer,Outbound,Tier 3,Banking,335,316,293,23,23,747,218871,54.37025316,16,7,8,70,6,94,84
2022-11-27,Sunday,47,November,2022,9,Poland,EMEA,Poland Hub,OUTBOUND_SALES_T2,Chat,Enterprise,Outbound,Tier 1,E-commerce,108,91,70,21,21,600,42000,138.4615385,35,1,1,95,1,82,64
2024-12-21,Saturday,51,December,2024,18,Portugal,EMEA,Portugal Hub,EMEA_CHAT_SUPPORT_T1,Voice,Consumer,Support,Tier 1,E-commerce,308,317,310,7,7,646,200260,14.26498423,17,6,7,91,6,80,72
2024-01-15,Monday,3,January,2024,15,Russia,EMEA,Russia Hub,CUSTOMER_SUPPORT_CHAT_T1,Chat,Consumer,Customer Support,Tier 1,Telecom,260,246,223,23,23,302,67346,28.23577236,30,2,3,75,2,73,78
2021-05-24,Monday,21,May,2021,16,Belgium,EMEA,Belgium Hub,EMEA_CORE_EMAIL_TIER2,Voice,Consumer,Support,Tier 2,E-commerce,385,387,379,8,8,534,202386,11.03875969,32,7,9,92,8,75,60
2024-07-26,Friday,30,July,2024,20,Netherlands,EMEA,Amsterdam,EMEA_CHAT_SUPPORT_T1,Chat,Enterprise,Support,Tier 1,Retail,253,255,235,20,20,715,168025,56.07843137,17,5,6,83,5,86,65
2023-12-13,Wednesday,50,December,2023,11,Luxembourg,EMEA,Luxembourg Hub,TECH_SUPPORT_EMAIL_T3,Email,Consumer,Tech Support,Tier 1,Healthcare,156,169,161,8,8,242,38962,11.4556213,17,1,1,66,1,77,79
2025-06-09,Monday,24,June,2025,6,Russia,EMEA,Russia Hub,RETENTION_VOICE_T2,Voice,Premium,Retention,Tier 3,Healthcare,105,121,98,23,23,216,21168,41.05785124,17,0,0,72,0,81,65
2024-01-23,Tuesday,4,January,2024,0,Iceland,EMEA,Iceland Hub,OUTBOUND_SALES_T2,Chat,Premium,Outbound,Tier 1,Healthcare,256,254,247,7,7,455,112385,12.53937008,20,3,4,76,3,90,77
2022-01-09,Sunday,1,January,2022,1,France,EMEA,Paris,CUSTOMER_SUPPORT_CHAT_T1,Voice,Premium,Customer Support,Tier 3,Healthcare,184,167,165,2,2,365,60225,4.371257485,25,2,3,82,2,93,60
2021-06-14,Monday,24,June,2021,15,Sweden,EMEA,Sweden Hub,CUSTOMER_SUPPORT_CHAT_T1,Email,Consumer,Customer Support,Tier 1,Telecom,114,115,109,6,6,584,63656,30.46956522,22,2,2,72,1,88,85
2023-01-19,Thursday,3,January,2023,1,Russia,EMEA,Russia Hub,EMEA_CHAT_SUPPORT_T1,Chat,Consumer,Support,Tier 3,Banking,308,291,287,4,4,649,186263,8.920962199,32,6,8,90,7,92,63
2022-04-05,Tuesday,14,April,2022,9,Turkey,EMEA,Turkey Hub,EMEA_CHAT_SUPPORT_T1,Voice,Premium,Support,Tier 1,Healthcare,398,397,396,1,1,891,352836,2.244332494,29,12,15,67,10,83,77
2024-02-03,Saturday,5,February,2024,17,Czech Republic,EMEA,Czech Republic Hub,EMEA_CORE_EMAIL_T2,Voice,Consumer,Support,Tier 1,Healthcare,309,303,276,27,27,777,214452,69.23762376,29,7,9,88,8,88,85
2023-08-31,Thursday,35,August,2023,3,Finland,EMEA,Finland Hub,EMEA_CORE_EMAIL_TIER2,Chat,Premium,Support,Tier 2,Healthcare,244,255,253,2,2,262,66286,2.054901961,33,2,3,88,3,90,71
2024-01-03,Wednesday,1,January,2024,11,South Africa,EMEA,Cape Town,EMEA_EMAIL_SUPPORT_T3,Voice,Consumer,Support,Tier 3,E-commerce,484,514,485,29,29,483,234255,27.25097276,19,8,10,95,10,91,61
2024-08-24,Saturday,34,August,2024,17,Iceland,EMEA,Iceland Hub,EMEA_EMAIL_SUPPORT_T3,Chat,Enterprise,Support,Tier 3,Banking,270,265,249,16,16,343,85407,20.70943396,16,2,2,89,2,83,83
2023-10-19,Thursday,42,October,2023,1,Czech Republic,EMEA,Czech Republic Hub,EMEA_RETAIL_VOICE_T2,Chat,Premium,Support,Tier 3,E-commerce,451,437,425,12,12,587,249475,16.11899314,21,8,10,74,7,77,60
2022-04-08,Friday,14,April,2022,14,Denmark,EMEA,Denmark Hub,RETENTION_VOICE_T2,Email,Premium,Retention,Tier 2,Banking,221,221,191,30,30,258,49278,35.02262443,28,1,1,86,1,94,82
2025-12-12,Friday,50,December,2025,22,Poland,EMEA,Poland Hub,EMEA_CORE_EMAIL_TIER2,Email,Premium,Support,Tier 3,Retail,305,297,297,0,0,219,65043,0.0,31,2,3,89,3,93,67
2025-05-12,Monday,20,May,2025,20,Finland,EMEA,Finland Hub,CUSTOMER_SUPPORT_CHAT_T1,Email,Premium,Customer Support,Tier 3,Telecom,220,208,188,20,20,573,107724,55.09615385,18,3,4,94,4,90,73
2021-04-17,Saturday,15,April,2021,13,Poland,EMEA,Poland Hub,RETENTION_VOICE_T2,Voice,Consumer,Retention,Tier 3,Banking,203,223,212,11,11,662,140344,32.65470852,34,4,5,80,4,91,71
2024-08-08,Thursday,32,August,2024,15,Norway,EMEA,Norway Hub,EMEA_RETAIL_VOICE_T2,Email,Consumer,Support,Tier 1,Healthcare,258,259,254,5,5,742,188468,14.32432432,29,6,8,72,6,89,64
2022-05-06,Friday,18,May,2022,22,Spain,EMEA,Madrid,EMEA_CORE_EMAIL_T2,Chat,Premium,Support,Tier 3,Telecom,420,450,450,0,0,427,192150,0.0,26,6,8,82,7,76,90
2024-08-02,Friday,31,August,2024,2,Hungary,EMEA,Hungary Hub,EMEA_CHAT_SUPPORT_T1,Email,Enterprise,Support,Tier 3,Telecom,451,448,441,7,7,815,359415,12.734375,15,12,14,74,10,85,87
2023-02-10,Friday,6,February,2023,20,Ukraine,EMEA,Ukraine Hub,TECH_SUPPORT_EMAIL_T3,Email,Premium,Tech Support,Tier 2,Banking,318,333,309,24,24,591,182619,42.59459459,18,6,7,88,6,89,74
2022-01-25,Tuesday,4,January,2022,17,Ireland,EMEA,Dublin,EMEA_CHAT_SUPPORT_T1,Email,Enterprise,Support,Tier 1,E-commerce,145,163,136,27,27,810,110160,134.1717791,22,3,4,69,3,94,73
2024-02-10,Saturday,6,February,2024,21,South Africa,EMEA,Cape Town,EMEA_CORE_EMAIL_TIER2,Voice,Premium,Support,Tier 1,Banking,197,188,179,9,9,662,118498,31.69148936,22,4,5,71,4,77,87
2023-09-23,Saturday,38,September,2023,8,Italy,EMEA,Rome,EMEA_EMAIL_SUPPORT_T3,Chat,Premium,Support,Tier 2,Telecom,237,236,209,27,27,800,167200,91.52542373,35,5,7,80,6,91,64
2023-10-12,Thursday,41,October,2023,22,Italy,EMEA,Rome,EMEA_CORE_EMAIL_T2,Chat,Consumer,Support,Tier 3,Retail,470,476,457,19,19,337,154009,13.45168067,26,5,6,93,6,93,78
2021-01-09,Saturday,1,January,2021,7,Slovenia,EMEA,Slovenia Hub,CUSTOMER_SUPPORT_CHAT_T1,Chat,Premium,Customer Support,Tier 2,E-commerce,424,434,417,17,17,234,97578,9.165898618,26,3,4,85,3,86,88
2024-03-21,Thursday,12,March,2024,0,Hungary,EMEA,Hungary Hub,EMEA_CORE_EMAIL_T2,Chat,Enterprise,Support,Tier 2,Banking,119,140,119,21,21,700,83300,105.0,30,2,3,67,2,70,83
2021-03-05,Friday,9,March,2021,13,Norway,EMEA,Norway Hub,INBOUND_VOICE_TIER1,Voice,Enterprise,Inbound,Tier 1,Banking,491,512,482,30,30,641,308962,37.55859375,29,10,13,94,12,84,72
2025-09-21,Sunday,38,September,2025,23,Bulgaria,EMEA,Bulgaria Hub,INBOUND_VOICE_TIER1,Voice,Enterprise,Inbound,Tier 1,E-commerce,224,247,233,14,14,462,107646,26.18623482,25,3,4,93,4,88,77
2022-07-10,Sunday,27,July,2022,7,United Kingdom,EMEA,London,INBOUND_VOICE_TIER1,Email,Enterprise,Inbound,Tier 2,E-commerce,347,360,348,12,12,498,173304,16.6,15,6,7,70,5,94,77
2023-02-01,Wednesday,5,February,2023,4,Luxembourg,EMEA,Luxembourg Hub,TECH_SUPPORT_EMAIL_T3,Voice,Enterprise,Tech Support,Tier 2,Healthcare,89,88,79,9,9,291,22989,29.76136364,35,0,0,79,0,92,74
2023-01-31,Tuesday,5,January,2023,16,Sweden,EMEA,Sweden Hub,EMEA_CHAT_SUPPORT_T1,Chat,Premium,Support,Tier 3,Banking,454,475,456,19,19,802,365712,32.08,20,12,14,77,11,73,75
2023-10-10,Tuesday,41,October,2023,9,Iceland,EMEA,Iceland Hub,EMEA_CORE_EMAIL_T2,Chat,Consumer,Support,Tier 1,E-commerce,115,101,81,20,20,272,22032,53.86138614,18,0,0,90,0,86,71
2025-06-09,Monday,24,June,2025,16,Luxembourg,EMEA,Luxembourg Hub,EMEA_RETAIL_VOICE_T2,Email,Enterprise,Support,Tier 2,Healthcare,196,186,162,24,24,559,90558,72.12903226,24,3,4,72,3,91,86
2024-05-22,Wednesday,21,May,2024,17,Romania,EMEA,Romania Hub,TECH_SUPPORT_EMAIL_T3,Voice,Premium,Tech Support,Tier 2,Telecom,55,52,33,19,19,465,15345,169.9038462,18,0,0,82,0,90,60
2023-10-24,Tuesday,43,October,2023,8,Germany,EMEA,Berlin,OUTBOUND_SALES_T2,Email,Premium,Outbound,Tier 1,E-commerce,99,105,88,17,17,713,62744,115.4380952,23,2,2,77,2,81,64
2024-09-24,Tuesday,39,September,2024,17,Greece,EMEA,Greece Hub,RETENTION_VOICE_T2,Email,Consumer,Retention,Tier 2,Retail,280,264,242,22,22,182,44044,15.16666667,20,1,1,81,1,93,79
2023-01-01,Sunday,52,January,2023,18,Norway,EMEA,Norway Hub,EMEA_EMAIL_SUPPORT_T3,Email,Premium,Support,Tier 2,Retail,484,482,454,28,28,781,354574,45.36929461,19,12,14,87,12,95,71
2024-11-14,Thursday,46,November,2024,9,Finland,EMEA,Finland Hub,EMEA_CORE_EMAIL_T2,Chat,Enterprise,Support,Tier 3,Banking,234,257,246,11,11,638,156948,27.307393,16,5,6,88,5,89,60
2023-10-10,Tuesday,41,October,2023,1,South Africa,EMEA,Cape Town,EMEA_CORE_EMAIL_TIER2,Chat,Consumer,Support,Tier 2,Healthcare,488,507,484,23,23,427,206668,19.37080868,18,7,8,71,6,74,75
2025-09-12,Friday,37,September,2025,4,Iceland,EMEA,Iceland Hub,INBOUND_VOICE_TIER1,Voice,Consumer,Inbound,Tier 1,Telecom,232,245,215,30,30,627,134805,76.7755102,15,4,5,92,5,94,85
2025-06-02,Monday,23,June,2025,22,Romania,EMEA,Romania Hub,EMEA_CORE_EMAIL_TIER2,Chat,Consumer,Support,Tier 3,Healthcare,405,425,402,23,23,323,129846,17.48,33,4,5,88,4,78,87
2022-01-09,Sunday,1,January,2022,11,Romania,EMEA,Romania Hub,RETENTION_VOICE_T2,Chat,Premium,Retention,Tier 3,Healthcare,246,269,247,22,22,435,107445,35.57620818,33,3,4,90,4,71,87
2024-11-13,Wednesday,46,November,2024,14,Kenya,EMEA,Kenya Hub,EMEA_CHAT_SUPPORT_T1,Voice,Enterprise,Support,Tier 3,Telecom,198,211,189,22,22,734,138726,76.53080569,20,4,5,90,5,76,79
2024-02-17,Saturday,7,February,2024,16,Finland,EMEA,Finland Hub,EMEA_CORE_EMAIL_T2,Email,Enterprise,Support,Tier 2,Telecom,344,327,317,10,10,268,84956,8.195718654,26,2,3,87,3,84,60
2024-02-10,Saturday,6,February,2024,8,Russia,EMEA,Russia Hub,EMEA_EMAIL_SUPPORT_T3,Chat,Enterprise,Support,Tier 1,Telecom,238,228,209,19,19,208,43472,17.33333333,26,1,1,68,1,87,64
2025-02-24,Monday,9,February,2025,1,Slovenia,EMEA,Slovenia Hub,EMEA_EMAIL_SUPPORT_T3,Email,Consumer,Support,Tier 3,Retail,222,217,197,20,20,811,159767,74.74654378,31,5,7,73,5,71,75
2023-03-05,Sunday,9,March,2023,3,Russia,EMEA,Russia Hub,EMEA_CORE_EMAIL_T2,Chat,Premium,Support,Tier 2,Telecom,238,243,237,6,6,692,164004,17.08641975,28,5,6,88,5,70,66
2021-01-19,Tuesday,3,January,2021,22,Greece,EMEA,Greece Hub,EMEA_EMAIL_SUPPORT_T3,Voice,Consumer,Support,Tier 3,Telecom,479,474,469,5,5,603,282807,6.360759494,16,9,10,92,9,75,65
2023-05-20,Saturday,20,May,2023,4,France,EMEA,Paris,EMEA_RETAIL_VOICE_T2,Voice,Enterprise,Support,Tier 2,Healthcare,178,176,150,26,26,503,75450,74.30681818,23,2,2,86,2,87,60
2022-04-18,Monday,16,April,2022,1,Russia,EMEA,Russia Hub,EMEA_EMAIL_SUPPORT_T3,Voice,Consumer,Support,Tier 2,E-commerce,497,510,508,2,2,746,378968,2.925490196,31,13,17,73,12,77,83
2023-09-05,Tuesday,36,September,2023,21,Bulgaria,EMEA,Bulgaria Hub,EMEA_CORE_EMAIL_TIER2,Chat,Consumer,Support,Tier 3,Banking,466,483,468,15,15,384,179712,11.92546584,23,6,7,95,7,75,86
2024-07-14,Sunday,28,July,2024,12,Belgium,EMEA,Belgium Hub,INBOUND_VOICE_TIER1,Email,Premium,Inbound,Tier 1,Retail,260,277,254,23,23,199,50546,16.5234657,33,1,1,65,1,80,76
2025-06-22,Sunday,25,June,2025,20,Spain,EMEA,Madrid,CUSTOMER_SUPPORT_CHAT_T1,Chat,Premium,Customer Support,Tier 3,Healthcare,218,213,194,19,19,516,100104,46.02816901,24,3,4,77,3,94,81
2025-04-09,Wednesday,15,April,2025,12,Belgium,EMEA,Belgium Hub,EMEA_CHAT_SUPPORT_T1,Voice,Premium,Support,Tier 3,Retail,313,337,307,30,30,435,133545,38.72403561,18,4,5,84,4,81,74
2022-10-02,Sunday,39,October,2022,11,Turkey,EMEA,Turkey Hub,EMEA_CORE_EMAIL_TIER2,Email,Consumer,Support,Tier 2,Telecom,259,261,246,15,15,229,56334,13.16091954,34,1,1,73,1,92,73
2024-06-03,Monday,23,June,2024,9,Denmark,EMEA,Denmark Hub,RETENTION_VOICE_T2,Voice,Enterprise,Retention,Tier 2,E-commerce,267,282,260,22,22,247,64220,19.26950355,27,2,3,76,2,80,70
2024-11-24,Sunday,47,November,2024,4,Greece,EMEA,Greece Hub,RETENTION_VOICE_T2,Voice,Premium,Retention,Tier 2,Retail,399,396,392,4,4,565,221480,5.707070707,15,7,8,85,7,85,82
2025-03-29,Saturday,13,March,2025,9,Turkey,EMEA,Turkey Hub,INBOUND_VOICE_TIER1,Email,Enterprise,Inbound,Tier 1,Telecom,332,346,340,6,6,715,243100,12.39884393,31,8,10,95,10,77,66
2023-09-16,Saturday,37,September,2023,9,Slovakia,EMEA,Slovakia Hub,CUSTOMER_SUPPORT_CHAT_T1,Voice,Enterprise,Customer Support,Tier 2,Healthcare,273,271,252,19,19,860,216720,60.29520295,32,7,9,95,9,81,78
2022-01-12,Wednesday,2,January,2022,8,Finland,EMEA,Finland Hub,CUSTOMER_SUPPORT_CHAT_T1,Email,Consumer,Customer Support,Tier 3,Telecom,336,346,344,2,2,420,144480,2.427745665,32,5,7,92,6,73,75
2021-08-11,Wednesday,32,August,2021,11,Italy,EMEA,Rome,EMEA_EMAIL_SUPPORT_T3,Chat,Premium,Support,Tier 3,Retail,442,454,429,25,25,803,344487,44.21806167,25,11,14,75,11,92,77
2024-04-13,Saturday,15,April,2024,21,Slovakia,EMEA,Slovakia Hub,RETENTION_VOICE_T2,Voice,Consumer,Retention,Tier 2,Healthcare,281,295,265,30,30,636,168540,64.6779661,31,5,7,84,6,90,67
2025-03-15,Saturday,11,March,2025,5,Ireland,EMEA,Dublin,EMEA_CORE_EMAIL_TIER2,Email,Enterprise,Support,Tier 2,Healthcare,53,47,46,1,1,298,13708,6.340425532,21,0,0,87,0,90,73
2025-01-20,Monday,4,January,2025,17,France,EMEA,Paris,TECH_SUPPORT_EMAIL_T3,Email,Consumer,Tech Support,Tier 1,E-commerce,194,209,180,29,29,474,85320,65.77033493,23,2,2,92,2,76,69
2024-06-20,Thursday,25,June,2024,3,Finland,EMEA,Finland Hub,EMEA_CORE_EMAIL_TIER2,Email,Consumer,Support,Tier 3,Retail,72,89,79,10,10,545,43055,61.23595506,23,1,1,68,1,70,88
2023-03-01,Wednesday,9,March,2023,6,Czech Republic,EMEA,Czech Republic Hub,OUTBOUND_SALES_T2,Chat,Enterprise,Outbound,Tier 3,Telecom,177,162,148,14,14,397,58756,34.30864198,22,2,2,70,1,83,77
2023-12-19,Tuesday,51,December,2023,21,Germany,EMEA,Berlin,INBOUND_VOICE_TIER1,Chat,Enterprise,Inbound,Tier 1,Telecom,240,220,194,26,26,562,109028,66.41818182,30,3,4,70,3,75,70
2023-02-10,Friday,6,February,2023,14,Greece,EMEA,Greece Hub,EMEA_EMAIL_SUPPORT_T3,Chat,Premium,Support,Tier 1,E-commerce,251,279,256,23,23,423,108288,34.87096774,30,3,4,79,3,76,87
2025-06-26,Thursday,26,June,2025,8,Spain,EMEA,Madrid,EMEA_CHAT_SUPPORT_T1,Email,Consumer,Support,Tier 2,Banking,439,435,420,15,15,609,255780,21.0,22,8,10,73,7,82,76
2023-07-19,Wednesday,29,July,2023,22,Morocco,EMEA,Morocco Hub,OUTBOUND_SALES_T2,Email,Consumer,Outbound,Tier 1,E-commerce,375,398,372,26,26,310,115320,20.25125628,17,4,5,91,5,86,75
2024-12-02,Monday,49,December,2024,10,Greece,EMEA,Greece Hub,OUTBOUND_SALES_T2,Chat,Consumer,Outbound,Tier 3,Banking,160,174,159,15,15,423,67257,36.46551724,18,2,2,84,2,83,87
2022-03-06,Sunday,9,March,2022,8,Norway,EMEA,Norway Hub,EMEA_CHAT_SUPPORT_T1,Email,Premium,Support,Tier 1,Banking,251,232,224,8,8,861,192864,29.68965517,29,6,8,71,6,91,73
2024-03-19,Tuesday,12,March,2024,11,South Africa,EMEA,Cape Town,EMEA_CORE_EMAIL_TIER2,Email,Consumer,Support,Tier 1,Telecom,423,436,412,24,24,689,283868,37.9266055,28,9,12,88,11,88,62
2022-08-14,Sunday,32,August,2022,6,Luxembourg,EMEA,Luxembourg Hub,EMEA_RETAIL_VOICE_T2,Voice,Consumer,Support,Tier 1,Retail,98,92,88,4,4,422,37136,18.34782609,17,1,1,78,1,75,75
2025-11-15,Saturday,46,November,2025,18,Israel,EMEA,Israel Hub,EMEA_CORE_EMAIL_T2,Chat,Premium,Support,Tier 2,Healthcare,326,354,339,15,15,182,61698,7.711864407,20,2,2,65,1,75,80
2022-02-24,Thursday,8,February,2022,21,Kenya,EMEA,Kenya Hub,OUTBOUND_SALES_T2,Email,Enterprise,Outbound,Tier 2,Retail,428,422,399,23,23,710,283290,38.69668246,26,9,11,72,8,72,62
2023-12-15,Friday,50,December,2023,2,Belgium,EMEA,Belgium Hub,EMEA_CORE_EMAIL_T2,Voice,Consumer,Support,Tier 2,Banking,180,168,138,30,30,587,81006,104.8214286,28,2,3,93,3,88,75
2022-03-15,Tuesday,11,March,2022,18,Finland,EMEA,Finland Hub,EMEA_EMAIL_SUPPORT_T3,Voice,Enterprise,Support,Tier 3,Retail,382,412,390,22,22,717,279630,38.28640777,24,9,11,71,8,76,86
2025-01-12,Sunday,2,January,2025,10,Israel,EMEA,Israel Hub,EMEA_CHAT_SUPPORT_T1,Chat,Premium,Support,Tier 3,Telecom,90,103,103,0,0,224,23072,0.0,32,0,0,66,0,93,64
2021-10-29,Friday,43,October,2021,0,Hungary,EMEA,Hungary Hub,OUTBOUND_SALES_T2,Chat,Consumer,Outbound,Tier 3,E-commerce,177,164,142,22,22,321,45582,43.06097561,33,1,1,92,1,73,73
2021-06-07,Monday,23,June,2021,22,Greece,EMEA,Greece Hub,TECH_SUPPORT_EMAIL_T3,Chat,Enterprise,Tech Support,Tier 1,Banking,317,321,302,19,19,839,253378,49.66043614,23,8,10,66,7,81,74
2022-07-20,Wednesday,29,July,2022,11,Kenya,EMEA,Kenya Hub,INBOUND_VOICE_TIER1,Chat,Enterprise,Inbound,Tier 2,E-commerce,66,62,59,3,3,507,29913,24.53225806,29,1,1,76,1,94,64
2024-12-04,Wednesday,49,December,2024,2,Ukraine,EMEA,Ukraine Hub,EMEA_CORE_EMAIL_T2,Email,Consumer,Support,Tier 2,Retail,50,53,42,11,11,692,29064,143.6226415,33,1,1,92,1,83,61
2021-11-24,Wednesday,47,November,2021,20,Ireland,EMEA,Dublin,EMEA_CORE_EMAIL_T2,Voice,Consumer,Support,Tier 3,Banking,254,240,228,12,12,779,177612,38.95,29,6,8,95,8,78,61
2022-06-24,Friday,25,June,2022,1,Luxembourg,EMEA,Luxembourg Hub,EMEA_CHAT_SUPPORT_T1,Email,Enterprise,Support,Tier 2,Banking,378,396,378,18,18,846,319788,38.45454545,31,11,14,65,9,72,78
2024-06-24,Monday,26,June,2024,11,Morocco,EMEA,Morocco Hub,EMEA_RETAIL_VOICE_T2,Chat,Consumer,Support,Tier 3,Banking,283,278,261,17,17,836,218196,51.12230216,25,7,9,78,7,74,81
2024-04-22,Monday,17,April,2024,10,Belgium,EMEA,Belgium Hub,EMEA_RETAIL_VOICE_T2,Voice,Premium,Support,Tier 1,Telecom,197,219,196,23,23,359,70364,37.70319635,34,2,3,65,2,79,87
2021-10-14,Thursday,41,October,2021,17,Morocco,EMEA,Morocco Hub,EMEA_EMAIL_SUPPORT_T3,Email,Premium,Support,Tier 3,Telecom,284,272,271,1,1,675,182925,2.481617647,29,6,8,89,7,81,88
2024-05-22,Wednesday,21,May,2024,0,United Kingdom,EMEA,London,RETENTION_VOICE_T2,Voice,Premium,Retention,Tier 3,Retail,69,85,76,9,9,193,14668,20.43529412,17,0,0,84,0,87,64
2024-10-28,Monday,44,October,2024,10,Ukraine,EMEA,Ukraine Hub,CUSTOMER_SUPPORT_CHAT_T1,Voice,Consumer,Customer Support,Tier 1,E-commerce,420,419,408,11,11,686,279888,18.00954654,18,9,11,71,8,75,79
2024-08-20,Tuesday,34,August,2024,13,Spain,EMEA,Madrid,TECH_SUPPORT_EMAIL_T3,Voice,Consumer,Tech Support,Tier 2,Telecom,81,73,55,18,18,739,40645,182.2191781,24,1,1,93,1,77,66
2021-08-20,Friday,33,August,2021,7,Israel,EMEA,Israel Hub,INBOUND_VOICE_TIER1,Voice,Premium,Inbound,Tier 2,E-commerce,122,138,116,22,22,667,77372,106.3333333,27,2,3,87,3,71,71
2023-02-21,Tuesday,8,February,2023,22,Denmark,EMEA,Denmark Hub,CUSTOMER_SUPPORT_CHAT_T1,Voice,Consumer,Customer Support,Tier 2,Banking,156,142,122,20,20,497,60634,70.0,23,2,2,65,1,82,61
2021-12-28,Tuesday,52,December,2021,20,Spain,EMEA,Madrid,EMEA_EMAIL_SUPPORT_T3,Voice,Premium,Support,Tier 1,Telecom,384,387,367,20,20,713,261671,36.84754522,28,9,12,87,10,70,71
2023-01-12,Thursday,2,January,2023,9,Hungary,EMEA,Hungary Hub,RETENTION_VOICE_T2,Voice,Consumer,Retention,Tier 1,Telecom,230,260,234,26,26,358,83772,35.8,34,2,3,76,2,82,81
2021-02-15,Monday,7,February,2021,17,Italy,EMEA,Rome,INBOUND_VOICE_TIER1,Voice,Enterprise,Inbound,Tier 3,Healthcare,419,419,407,12,12,708,288156,20.27684964,23,10,12,72,9,87,70
2023-10-31,Tuesday,44,October,2023,21,Norway,EMEA,Norway Hub,CUSTOMER_SUPPORT_CHAT_T1,Email,Consumer,Customer Support,Tier 3,Retail,239,265,242,23,23,362,87604,31.41886792,15,3,3,68,2,86,63
2023-04-09,Sunday,14,April,2023,11,Ukraine,EMEA,Ukraine Hub,RETENTION_VOICE_T2,Chat,Enterprise,Retention,Tier 3,E-commerce,296,319,303,16,16,871,263913,43.68652038,27,9,11,88,10,87,64
2022-10-06,Thursday,40,October,2022,2,Slovenia,EMEA,Slovenia Hub,EMEA_EMAIL_SUPPORT_T3,Voice,Enterprise,Support,Tier 2,Telecom,230,234,208,26,26,764,158912,84.88888889,33,5,7,85,6,76,85
2022-07-24,Sunday,29,July,2022,6,Belgium,EMEA,Belgium Hub,EMEA_RETAIL_VOICE_T2,Email,Enterprise,Support,Tier 3,Retail,251,258,229,29,29,593,135797,66.65503876,17,4,5,74,4,91,64
2023-06-10,Saturday,23,June,2023,9,Luxembourg,EMEA,Luxembourg Hub,EMEA_CHAT_SUPPORT_T1,Voice,Consumer,Support,Tier 2,Telecom,245,225,197,28,28,221,43537,27.50222222,22,1,1,89,1,86,63
2021-01-22,Friday,3,January,2021,17,Denmark,EMEA,Denmark Hub,EMEA_EMAIL_SUPPORT_T3,Voice,Enterprise,Support,Tier 3,E-commerce,492,504,494,10,10,491,242554,9.742063492,27,8,10,72,7,81,71
2022-06-11,Saturday,23,June,2022,8,Hungary,EMEA,Hungary Hub,EMEA_CORE_EMAIL_TIER2,Email,Consumer,Support,Tier 1,Retail,94,114,100,14,14,630,63000,77.36842105,16,2,2,94,2,76,82
2022-04-15,Friday,15,April,2022,2,Finland,EMEA,Finland Hub,OUTBOUND_SALES_T2,Email,Premium,Outbound,Tier 3,Healthcare,128,127,115,12,12,558,64170,52.72440945,35,2,3,94,3,78,89
2023-10-06,Friday,40,October,2023,6,Poland,EMEA,Poland Hub,TECH_SUPPORT_EMAIL_T3,Email,Consumer,Tech Support,Tier 2,Telecom,270,287,263,24,24,219,57597,18.31358885,28,1,1,81,1,87,68
2022-12-06,Tuesday,49,December,2022,1,Sweden,EMEA,Sweden Hub,TECH_SUPPORT_EMAIL_T3,Voice,Premium,Tech Support,Tier 1,Telecom,330,317,312,5,5,414,129168,6.529968454,19,4,5,68,3,92,88
2023-11-29,Wednesday,48,November,2023,4,Bulgaria,EMEA,Bulgaria Hub,EMEA_EMAIL_SUPPORT_T3,Email,Premium,Support,Tier 1,Banking,108,123,101,22,22,433,43733,77.44715447,35,1,1,89,1,81,82
2023-09-07,Thursday,36,September,2023,12,Italy,EMEA,Rome,EMEA_CORE_EMAIL_TIER2,Chat,Premium,Support,Tier 2,E-commerce,393,407,382,25,25,812,310184,49.87714988,35,10,14,71,10,80,67
2024-07-30,Tuesday,31,July,2024,8,Finland,EMEA,Finland Hub,EMEA_CORE_EMAIL_T2,Chat,Premium,Support,Tier 3,Retail,206,204,183,21,21,218,39894,22.44117647,27,1,1,80,1,71,83
2022-10-01,Saturday,39,October,2022,11,Greece,EMEA,Greece Hub,EMEA_EMAIL_SUPPORT_T3,Chat,Premium,Support,Tier 2,Healthcare,423,447,424,23,23,196,83104,10.08501119,18,2,2,94,2,84,85
2023-12-25,Monday,52,December,2023,17,Ireland,EMEA,Dublin,TECH_SUPPORT_EMAIL_T3,Chat,Enterprise,Tech Support,Tier 3,E-commerce,79,65,64,1,1,776,49664,11.93846154,17,1,1,69,1,85,81
2023-12-06,Wednesday,49,December,2023,1,Portugal,EMEA,Portugal Hub,EMEA_RETAIL_VOICE_T2,Email,Enterprise,Support,Tier 1,Banking,493,518,517,1,1,250,129250,0.482625483,34,4,5,71,4,77,88
2021-10-05,Tuesday,40,October,2021,14,Italy,EMEA,Rome,EMEA_CORE_EMAIL_TIER2,Chat,Enterprise,Support,Tier 3,Telecom,88,81,65,16,16,310,20150,61.2345679,23,0,0,66,0,82,68
2024-11-26,Tuesday,48,November,2024,18,Sweden,EMEA,Sweden Hub,TECH_SUPPORT_EMAIL_T3,Chat,Premium,Tech Support,Tier 1,E-commerce,421,425,407,18,18,781,317867,33.07764706,20,11,13,92,12,71,87
2025-02-22,Saturday,8,February,2025,22,South Africa,EMEA,Cape Town,OUTBOUND_SALES_T2,Email,Premium,Outbound,Tier 1,Telecom,106,105,86,19,19,249,21414,45.05714286,15,0,0,77,0,73,74
2025-01-11,Saturday,2,January,2025,15,Italy,EMEA,Rome,EMEA_RETAIL_VOICE_T2,Voice,Premium,Support,Tier 2,E-commerce,365,368,341,27,27,499,170159,36.61141304,26,5,6,93,6,76,62
2021-11-05,Friday,44,November,2021,1,Belgium,EMEA,Belgium Hub,EMEA_CORE_EMAIL_T2,Voice,Enterprise,Support,Tier 1,Retail,160,185,183,2,2,333,60939,3.6,19,2,2,72,1,88,65
2023-02-14,Tuesday,7,February,2023,22,Belgium,EMEA,Belgium Hub,CUSTOMER_SUPPORT_CHAT_T1,Email,Enterprise,Customer Support,Tier 2,Healthcare,284,267,248,19,19,321,79608,22.84269663,27,2,3,70,2,78,82
2022-06-29,Wednesday,26,June,2022,10,Spain,EMEA,Madrid,CUSTOMER_SUPPORT_CHAT_T1,Chat,Enterprise,Customer Support,Tier 1,Telecom,446,450,443,7,7,363,160809,5.646666667,30,5,7,77,5,71,82
2025-01-19,Sunday,3,January,2025,3,Norway,EMEA,Norway Hub,CUSTOMER_SUPPORT_CHAT_T1,Chat,Premium,Customer Support,Tier 2,Healthcare,379,408,392,16,16,303,118776,11.88235294,18,4,5,93,5,93,64
2022-01-16,Sunday,2,January,2022,20,Iceland,EMEA,Iceland Hub,CUSTOMER_SUPPORT_CHAT_T1,Voice,Premium,Customer Support,Tier 3,Retail,90,81,65,16,16,804,52260,158.8148148,29,1,1,66,1,86,75
2021-10-08,Friday,40,October,2021,11,Israel,EMEA,Israel Hub,EMEA_EMAIL_SUPPORT_T3,Email,Premium,Support,Tier 2,Healthcare,77,57,37,20,20,656,24272,230.1754386,16,0,0,83,0,89,64
2024-08-09,Friday,32,August,2024,0,South Africa,EMEA,Cape Town,EMEA_CORE_EMAIL_TIER2,Chat,Consumer,Support,Tier 2,Retail,358,350,327,23,23,355,116085,23.32857143,20,4,5,65,3,72,88
2023-09-05,Tuesday,36,September,2023,8,Israel,EMEA,Israel Hub,CUSTOMER_SUPPORT_CHAT_T1,Voice,Consumer,Customer Support,Tier 1,Telecom,117,130,116,14,14,508,58928,54.70769231,19,2,2,87,2,71,72
2023-12-14,Thursday,50,December,2023,9,United Kingdom,EMEA,London,EMEA_CHAT_SUPPORT_T1,Chat,Enterprise,Support,Tier 3,Healthcare,131,112,99,13,13,466,46134,54.08928571,21,1,1,84,1,83,80
2022-06-18,Saturday,24,June,2022,17,Czech Republic,EMEA,Czech Republic Hub,EMEA_EMAIL_SUPPORT_T3,Voice,Consumer,Support,Tier 2,Telecom,87,104,81,23,23,875,70875,193.5096154,30,2,3,71,2,73,88
2022-05-25,Wednesday,21,May,2022,7,Russia,EMEA,Russia Hub,EMEA_CHAT_SUPPORT_T1,Chat,Premium,Support,Tier 1,Banking,220,239,223,16,16,544,121312,36.41841004,27,4,5,68,3,82,82
2024-01-24,Wednesday,4,January,2024,20,Ireland,EMEA,Dublin,INBOUND_VOICE_TIER1,Chat,Consumer,Inbound,Tier 3,E-commerce,161,151,134,17,17,812,108808,91.41721854,25,3,4,79,3,88,67
2024-09-04,Wednesday,36,September,2024,3,Czech Republic,EMEA,Czech Republic Hub,EMEA_CHAT_SUPPORT_T1,Chat,Consumer,Support,Tier 3,Telecom,398,411,404,7,7,658,265832,11.20681265,15,9,10,87,9,76,76
2023-03-26,Sunday,12,March,2023,23,Italy,EMEA,Rome,RETENTION_VOICE_T2,Email,Enterprise,Retention,Tier 3,Telecom,461,446,439,7,7,707,310373,11.09641256,33,10,13,73,9,84,88
2023-07-26,Wednesday,30,July,2023,9,Finland,EMEA,Finland Hub,RETENTION_VOICE_T2,Chat,Premium,Retention,Tier 3,Banking,251,237,212,25,25,200,42400,21.09704641,24,1,1,92,1,85,84
2021-06-08,Tuesday,23,June,2021,20,Spain,EMEA,Madrid,EMEA_CORE_EMAIL_T2,Voice,Enterprise,Support,Tier 2,Telecom,500,482,481,1,1,488,234728,1.012448133,31,8,10,91,9,84,71
2021-09-15,Wednesday,37,September,2021,13,Slovenia,EMEA,Slovenia Hub,EMEA_EMAIL_SUPPORT_T3,Chat,Premium,Support,Tier 1,Retail,236,266,263,3,3,805,211715,9.078947368,17,7,8,75,6,90,86
2023-05-23,Tuesday,21,May,2023,18,Czech Republic,EMEA,Czech Republic Hub,EMEA_RETAIL_VOICE_T2,Email,Consumer,Support,Tier 3,E-commerce,489,515,502,13,13,545,273590,13.75728155,31,9,12,78,9,72,66
2024-08-08,Thursday,32,August,2024,13,Belgium,EMEA,Belgium Hub,OUTBOUND_SALES_T2,Voice,Premium,Outbound,Tier 3,E-commerce,53,70,62,8,8,461,28582,52.68571429,34,0,0,73,0,87,86
2023-01-03,Tuesday,1,January,2023,18,Belgium,EMEA,Belgium Hub,TECH_SUPPORT_EMAIL_T3,Email,Consumer,Tech Support,Tier 1,Banking,339,345,322,23,23,741,238602,49.4,31,8,10,90,9,95,75
2024-10-02,Wednesday,40,October,2024,19,Bulgaria,EMEA,Bulgaria Hub,RETENTION_VOICE_T2,Voice,Consumer,Retention,Tier 2,E-commerce,305,327,325,2,2,567,184275,3.467889908,35,6,8,89,7,85,68
2023-04-28,Friday,17,April,2023,1,Netherlands,EMEA,Amsterdam,CUSTOMER_SUPPORT_CHAT_T1,Email,Premium,Customer Support,Tier 2,Healthcare,114,105,93,12,12,648,60264,74.05714286,34,2,3,71,2,90,60
2024-05-14,Tuesday,20,May,2024,10,Netherlands,EMEA,Amsterdam,EMEA_CORE_EMAIL_T2,Voice,Premium,Support,Tier 2,Telecom,209,231,220,11,11,465,102300,22.14285714,35,3,4,92,4,72,70
2024-05-28,Tuesday,22,May,2024,13,Czech Republic,EMEA,Czech Republic Hub,EMEA_RETAIL_VOICE_T2,Chat,Premium,Support,Tier 3,Retail,87,102,95,7,7,459,43605,31.5,19,1,1,89,1,80,87
2021-01-17,Sunday,2,January,2021,16,United Kingdom,EMEA,London,EMEA_CHAT_SUPPORT_T1,Email,Consumer,Support,Tier 2,Healthcare,149,152,152,0,0,687,104424,0.0,18,3,4,82,3,86,77
2021-07-25,Sunday,29,July,2021,0,Kenya,EMEA,Kenya Hub,EMEA_EMAIL_SUPPORT_T3,Voice,Enterprise,Support,Tier 1,Retail,216,234,211,23,23,391,82501,38.43162393,22,2,2,80,2,77,90
2021-06-28,Monday,26,June,2021,0,Greece,EMEA,Greece Hub,EMEA_CORE_EMAIL_TIER2,Chat,Enterprise,Support,Tier 2,Banking,129,127,101,26,26,315,31815,64.48818898,31,1,1,71,1,73,80
2021-01-13,Wednesday,2,January,2021,12,United Kingdom,EMEA,London,TECH_SUPPORT_EMAIL_T3,Chat,Premium,Tech Support,Tier 1,Telecom,483,490,485,5,5,370,179450,3.775510204,32,6,8,91,7,73,66
2021-09-13,Monday,37,September,2021,5,Germany,EMEA,Berlin,EMEA_CORE_EMAIL_T2,Chat,Consumer,Support,Tier 3,Banking,342,342,334,8,8,732,244488,17.12280702,22,8,10,78,8,81,65
2025-08-29,Friday,35,August,2025,6,Ireland,EMEA,Dublin,EMEA_CHAT_SUPPORT_T1,Voice,Enterprise,Support,Tier 1,E-commerce,70,91,72,19,19,466,33552,97.2967033,19,1,1,65,1,80,74
2023-07-29,Saturday,30,July,2023,11,Slovenia,EMEA,Slovenia Hub,EMEA_EMAIL_SUPPORT_T3,Chat,Enterprise,Support,Tier 1,Banking,320,317,317,0,0,485,153745,0.0,31,5,7,74,5,94,87
2025-07-30,Wednesday,31,July,2025,23,Iceland,EMEA,Iceland Hub,EMEA_CORE_EMAIL_TIER2,Voice,Enterprise,Support,Tier 2,Telecom,129,127,117,10,10,419,49023,32.99212598,27,1,1,71,1,85,74
2023-11-27,Monday,48,November,2023,20,Denmark,EMEA,Denmark Hub,OUTBOUND_SALES_T2,Chat,Consumer,Outbound,Tier 1,Telecom,199,214,206,8,8,503,103618,18.80373832,16,3,3,81,2,70,78
2022-08-20,Saturday,33,August,2022,15,Spain,EMEA,Madrid,EMEA_CORE_EMAIL_TIER2,Email,Enterprise,Support,Tier 1,Retail,395,383,365,18,18,835,304775,39.24281984,32,10,13,72,9,74,63
2023-12-11,Monday,50,December,2023,3,Denmark,EMEA,Denmark Hub,EMEA_CORE_EMAIL_T2,Email,Enterprise,Support,Tier 1,Telecom,360,379,363,16,16,788,286044,33.26649077,32,9,12,89,11,77,68
2024-09-16,Monday,38,September,2024,21,Bulgaria,EMEA,Bulgaria Hub,EMEA_EMAIL_SUPPORT_T3,Email,Consumer,Support,Tier 3,Banking,274,267,253,14,14,469,118657,24.5917603,20,4,5,85,4,83,75
2022-03-28,Monday,13,March,2022,5,Kenya,EMEA,Kenya Hub,RETENTION_VOICE_T2,Voice,Enterprise,Retention,Tier 3,Telecom,385,407,397,10,10,666,264402,16.36363636,33,9,12,71,9,75,82
2021-01-28,Thursday,4,January,2021,23,Denmark,EMEA,Denmark Hub,EMEA_CHAT_SUPPORT_T1,Voice,Enterprise,Support,Tier 1,Banking,475,463,434,29,29,793,344162,49.66954644,27,11,14,73,10,81,75
2021-12-23,Thursday,51,December,2021,23,Ukraine,EMEA,Ukraine Hub,RETENTION_VOICE_T2,Voice,Consumer,Retention,Tier 1,Telecom,158,186,185,1,1,216,39960,1.161290323,30,1,1,86,1,74,62
2023-06-12,Monday,24,June,2023,8,Sweden,EMEA,Sweden Hub,TECH_SUPPORT_EMAIL_T3,Voice,Enterprise,Tech Support,Tier 1,Healthcare,178,173,170,3,3,693,117810,12.01734104,25,4,5,77,4,74,64
2021-04-18,Sunday,15,April,2021,5,Bulgaria,EMEA,Bulgaria Hub,EMEA_CHAT_SUPPORT_T1,Email,Consumer,Support,Tier 2,Banking,395,391,370,21,21,874,323380,46.94117647,24,11,14,83,12,92,70
2021-06-09,Wednesday,23,June,2021,2,Ireland,EMEA,Dublin,CUSTOMER_SUPPORT_CHAT_T1,Chat,Premium,Customer Support,Tier 2,Banking,302,304,278,26,26,282,78396,24.11842105,15,2,2,79,2,91,70
2024-01-16,Tuesday,3,January,2024,16,Spain,EMEA,Madrid,TECH_SUPPORT_EMAIL_T3,Chat,Premium,Tech Support,Tier 2,E-commerce,264,248,247,1,1,424,104728,1.709677419,27,3,4,78,3,81,83
2024-02-27,Tuesday,9,February,2024,23,Czech Republic,EMEA,Czech Republic Hub,EMEA_RETAIL_VOICE_T2,Voice,Enterprise,Support,Tier 1,Healthcare,218,245,238,7,7,228,54264,6.514285714,29,1,1,77,1,90,80
2025-11-02,Sunday,44,November,2025,7,Spain,EMEA,Madrid,INBOUND_VOICE_TIER1,Email,Premium,Inbound,Tier 3,Banking,167,176,168,8,8,522,87696,23.72727273,30,3,4,85,3,76,73
2021-08-09,Monday,32,August,2021,11,Slovenia,EMEA,Slovenia Hub,EMEA_RETAIL_VOICE_T2,Email,Premium,Support,Tier 2,Banking,65,80,59,21,21,209,12331,54.8625,28,0,0,67,0,90,80
2021-03-29,Monday,13,March,2021,18,Portugal,EMEA,Portugal Hub,OUTBOUND_SALES_T2,Email,Premium,Outbound,Tier 2,Banking,388,402,378,24,24,681,257418,40.65671642,30,8,10,80,8,91,74
2022-05-10,Tuesday,19,May,2022,19,Czech Republic,EMEA,Czech Republic Hub,EMEA_EMAIL_SUPPORT_T3,Chat,Enterprise,Support,Tier 1,Retail,75,81,52,29,29,722,37544,258.4938272,22,1,1,86,1,85,68
2025-08-01,Friday,31,August,2025,10,Netherlands,EMEA,Amsterdam,TECH_SUPPORT_EMAIL_T3,Email,Enterprise,Tech Support,Tier 1,Healthcare,480,510,487,23,23,369,179703,16.64117647,32,6,8,82,7,88,77
2024-09-12,Thursday,37,September,2024,21,Slovenia,EMEA,Slovenia Hub,EMEA_CHAT_SUPPORT_T1,Email,Premium,Support,Tier 2,Banking,314,338,316,22,22,325,102700,21.15384615,24,3,4,67,3,90,77
2021-04-09,Friday,14,April,2021,7,Italy,EMEA,Rome,TECH_SUPPORT_EMAIL_T3,Voice,Premium,Tech Support,Tier 3,Telecom,263,243,213,30,30,797,169761,98.39506173,19,5,6,67,4,73,88
2021-04-12,Monday,15,April,2021,12,Poland,EMEA,Poland Hub,OUTBOUND_SALES_T2,Chat,Premium,Outbound,Tier 3,Healthcare,186,202,189,13,13,858,162162,55.21782178,18,5,6,85,5,70,75
2021-01-08,Friday,1,January,2021,20,Germany,EMEA,Berlin,EMEA_CORE_EMAIL_TIER2,Chat,Premium,Support,Tier 1,E-commerce,141,166,157,9,9,873,137061,47.3313253,22,4,5,80,4,71,88
2021-12-01,Wednesday,48,December,2021,14,Czech Republic,EMEA,Czech Republic Hub,EMEA_CORE_EMAIL_T2,Voice,Premium,Support,Tier 1,Retail,322,312,295,17,17,738,217710,40.21153846,33,7,9,75,7,82,82
2024-11-17,Sunday,46,November,2024,20,Ireland,EMEA,Dublin,OUTBOUND_SALES_T2,Email,Consumer,Outbound,Tier 1,Telecom,262,256,250,6,6,848,212000,19.875,30,7,9,67,6,88,71
2025-11-08,Saturday,45,November,2025,23,Belgium,EMEA,Belgium Hub,EMEA_EMAIL_SUPPORT_T3,Voice,Consumer,Support,Tier 2,Retail,52,64,55,9,9,308,16940,43.3125,31,0,0,81,0,94,81
2024-11-10,Sunday,45,November,2024,17,Israel,EMEA,Israel Hub,RETENTION_VOICE_T2,Email,Enterprise,Retention,Tier 1,E-commerce,194,218,193,25,25,435,83955,49.8853211,16,2,2,93,2,79,67
2021-12-25,Saturday,51,December,2021,7,Slovenia,EMEA,Slovenia Hub,OUTBOUND_SALES_T2,Chat,Consumer,Outbound,Tier 3,Banking,115,96,80,16,16,203,16240,33.83333333,31,0,0,89,0,78,78
2021-06-13,Sunday,23,June,2021,8,Turkey,EMEA,Turkey Hub,EMEA_EMAIL_SUPPORT_T3,Voice,Consumer,Support,Tier 1,Healthcare,309,319,308,11,11,530,163240,18.27586207,21,5,6,77,5,82,78
2022-03-15,Tuesday,11,March,2022,0,Germany,EMEA,Berlin,EMEA_CORE_EMAIL_TIER2,Voice,Enterprise,Support,Tier 3,Telecom,231,229,203,26,26,539,109417,61.19650655,15,3,3,92,3,73,89
2023-01-05,Thursday,1,January,2023,16,Belgium,EMEA,Belgium Hub,EMEA_CORE_EMAIL_T2,Voice,Enterprise,Support,Tier 1,E-commerce,400,408,379,29,29,268,101572,19.04901961,35,3,4,80,3,82,80
2021-02-27,Saturday,8,February,2021,18,Bulgaria,EMEA,Bulgaria Hub,EMEA_CHAT_SUPPORT_T1,Chat,Consumer,Support,Tier 3,Banking,211,208,195,13,13,769,149955,48.0625,21,5,6,81,5,82,61
2021-06-11,Friday,23,June,2021,21,Norway,EMEA,Norway Hub,CUSTOMER_SUPPORT_CHAT_T1,Voice,Consumer,Customer Support,Tier 1,Healthcare,189,187,170,17,17,818,139060,74.36363636,23,4,5,75,4,70,76
2022-11-30,Wednesday,48,November,2022,1,Bulgaria,EMEA,Bulgaria Hub,EMEA_EMAIL_SUPPORT_T3,Voice,Premium,Support,Tier 1,Healthcare,334,342,333,9,9,331,110223,8.710526316,26,3,4,71,3,92,85
2025-06-20,Friday,25,June,2025,3,Israel,EMEA,Israel Hub,EMEA_RETAIL_VOICE_T2,Email,Enterprise,Support,Tier 3,Banking,66,49,38,11,11,371,14098,83.28571429,16,0,0,66,0,84,77
2023-12-31,Sunday,52,December,2023,22,Ukraine,EMEA,Ukraine Hub,EMEA_RETAIL_VOICE_T2,Email,Consumer,Support,Tier 1,E-commerce,285,311,292,19,19,760,221920,46.43086817,21,7,8,66,5,84,70
2023-07-24,Monday,30,July,2023,1,Hungary,EMEA,Hungary Hub,OUTBOUND_SALES_T2,Chat,Premium,Outbound,Tier 2,E-commerce,252,242,219,23,23,398,87162,37.82644628,19,3,4,93,4,74,62
2023-05-10,Wednesday,19,May,2023,21,Sweden,EMEA,Sweden Hub,EMEA_CORE_EMAIL_T2,Chat,Enterprise,Support,Tier 2,Telecom,161,141,118,23,23,592,69856,96.56737589,32,2,3,76,2,95,85
2025-07-30,Wednesday,31,July,2025,0,Ireland,EMEA,Dublin,OUTBOUND_SALES_T2,Chat,Consumer,Outbound,Tier 3,Banking,321,319,302,17,17,840,253680,44.76489028,30,8,10,87,9,81,68
2025-02-05,Wednesday,6,February,2025,11,Morocco,EMEA,Morocco Hub,CUSTOMER_SUPPORT_CHAT_T1,Email,Premium,Customer Support,Tier 3,Retail,368,348,321,27,27,271,86991,21.02586207,20,3,4,65,3,80,60
2025-02-07,Friday,6,February,2025,12,Ukraine,EMEA,Ukraine Hub,EMEA_EMAIL_SUPPORT_T3,Email,Enterprise,Support,Tier 1,Banking,316,339,327,12,12,704,230208,24.92035398,22,7,9,77,7,83,90
2025-09-22,Monday,39,September,2025,2,Sweden,EMEA,Sweden Hub,EMEA_CHAT_SUPPORT_T1,Email,Enterprise,Support,Tier 1,Banking,392,391,386,5,5,545,210370,6.969309463,15,7,8,86,7,87,64
2023-08-03,Thursday,31,August,2023,23,Russia,EMEA,Russia Hub,EMEA_EMAIL_SUPPORT_T3,Email,Enterprise,Support,Tier 1,Healthcare,143,131,107,24,24,735,78645,134.6564885,31,2,3,68,2,88,64
2024-07-29,Monday,31,July,2024,22,Czech Republic,EMEA,Czech Republic Hub,CUSTOMER_SUPPORT_CHAT_T1,Chat,Premium,Customer Support,Tier 1,Healthcare,249,240,236,4,4,876,206736,14.6,32,7,9,88,8,82,68
2025-07-10,Thursday,28,July,2025,19,Portugal,EMEA,Portugal Hub,CUSTOMER_SUPPORT_CHAT_T1,Voice,Enterprise,Customer Support,Tier 2,Healthcare,369,382,353,29,29,564,199092,42.81675393,26,6,8,77,6,85,79
2023-10-15,Sunday,41,October,2023,14,Israel,EMEA,Israel Hub,CUSTOMER_SUPPORT_CHAT_T1,Email,Enterprise,Customer Support,Tier 3,E-commerce,109,90,87,3,3,609,52983,20.3,17,1,1,85,1,84,61
2025-07-25,Friday,30,July,2025,15,Luxembourg,EMEA,Luxembourg Hub,RETENTION_VOICE_T2,Chat,Premium,Retention,Tier 2,E-commerce,318,324,317,7,7,850,269450,18.36419753,32,9,12,81,10,78,86
2025-11-29,Saturday,48,November,2025,9,France,EMEA,Paris,EMEA_RETAIL_VOICE_T2,Voice,Premium,Support,Tier 3,E-commerce,301,317,300,17,17,513,153900,27.51104101,34,5,7,94,7,93,78
2025-09-28,Sunday,39,September,2025,8,Finland,EMEA,Finland Hub,EMEA_CORE_EMAIL_T2,Email,Premium,Support,Tier 2,Banking,266,258,253,5,5,856,216568,16.58914729,32,7,9,95,9,95,78
2022-06-21,Tuesday,25,June,2022,3,Romania,EMEA,Romania Hub,EMEA_RETAIL_VOICE_T2,Voice,Consumer,Support,Tier 2,Healthcare,344,341,333,8,8,442,147186,10.36950147,19,5,6,81,5,74,68
2022-08-16,Tuesday,33,August,2022,7,Russia,EMEA,Russia Hub,EMEA_CORE_EMAIL_T2,Chat,Premium,Support,Tier 1,Telecom,225,218,197,21,21,779,153463,75.0412844,23,5,6,88,5,87,73
2024-09-23,Monday,39,September,2024,19,United Kingdom,EMEA,London,TECH_SUPPORT_EMAIL_T3,Chat,Consumer,Tech Support,Tier 1,Banking,223,238,208,30,30,423,87984,53.31932773,19,3,4,80,3,92,76
2021-10-07,Thursday,40,October,2021,1,Israel,EMEA,Israel Hub,RETENTION_VOICE_T2,Email,Enterprise,Retention,Tier 3,Telecom,473,478,476,2,2,897,426972,3.753138075,34,14,19,69,13,78,67
2025-05-25,Sunday,21,May,2025,6,Poland,EMEA,Poland Hub,OUTBOUND_SALES_T2,Voice,Premium,Outbound,Tier 2,Healthcare,378,402,402,0,0,712,286224,0.0,28,9,12,83,10,89,65
2022-02-23,Wednesday,8,February,2022,4,Italy,EMEA,Rome,EMEA_CHAT_SUPPORT_T1,Chat,Premium,Support,Tier 3,Healthcare,91,95,93,2,2,883,82119,18.58947368,26,2,3,80,2,75,63
2025-02-01,Saturday,5,February,2025,11,Bulgaria,EMEA,Bulgaria Hub,TECH_SUPPORT_EMAIL_T3,Voice,Premium,Tech Support,Tier 3,E-commerce,489,479,455,24,24,202,91910,10.1210856,25,3,4,70,3,86,60
2021-01-28,Thursday,4,January,2021,3,Kenya,EMEA,Kenya Hub,EMEA_CORE_EMAIL_TIER2,Chat,Enterprise,Support,Tier 1,Telecom,193,218,193,25,25,394,76042,45.18348624,20,2,2,73,1,93,78
2023-02-20,Monday,8,February,2023,6,Spain,EMEA,Madrid,INBOUND_VOICE_TIER1,Email,Consumer,Inbound,Tier 2,Healthcare,54,66,36,30,30,219,7884,99.54545455,27,0,0,73,0,92,89
2021-02-08,Monday,6,February,2021,9,Romania,EMEA,Romania Hub,TECH_SUPPORT_EMAIL_T3,Voice,Premium,Tech Support,Tier 3,Telecom,154,155,137,18,18,428,58636,49.70322581,26,2,3,66,2,79,64
2024-11-29,Friday,48,November,2024,5,Bulgaria,EMEA,Bulgaria Hub,RETENTION_VOICE_T2,Voice,Premium,Retention,Tier 1,Banking,364,371,363,8,8,764,277332,16.47439353,31,9,12,72,9,92,75
2022-08-20,Saturday,33,August,2022,21,Romania,EMEA,Romania Hub,EMEA_CORE_EMAIL_TIER2,Voice,Consumer,Support,Tier 1,Banking,393,407,386,21,21,212,81832,10.93857494,33,2,3,94,3,87,63
2025-05-08,Thursday,19,May,2025,0,Slovakia,EMEA,Slovakia Hub,EMEA_CHAT_SUPPORT_T1,Chat,Premium,Support,Tier 2,Healthcare,318,341,311,30,30,323,100453,28.41642229,22,3,4,90,4,94,63
2022-09-13,Tuesday,37,September,2022,13,Bulgaria,EMEA,Bulgaria Hub,TECH_SUPPORT_EMAIL_T3,Chat,Enterprise,Tech Support,Tier 2,Telecom,89,84,73,11,11,865,63145,113.2738095,20,2,2,67,1,76,66
2025-01-13,Monday,3,January,2025,2,Slovakia,EMEA,Slovakia Hub,EMEA_RETAIL_VOICE_T2,Voice,Enterprise,Support,Tier 2,Healthcare,338,321,313,8,8,487,152431,12.13707165,17,5,6,86,5,84,65
2025-07-09,Wednesday,28,July,2025,20,Norway,EMEA,Norway Hub,CUSTOMER_SUPPORT_CHAT_T1,Chat,Enterprise,Customer Support,Tier 2,Healthcare,481,491,491,0,0,655,321605,0.0,28,11,14,84,12,84,78
2024-04-16,Tuesday,16,April,2024,21,Portugal,EMEA,Portugal Hub,OUTBOUND_SALES_T2,Email,Enterprise,Outbound,Tier 1,Healthcare,396,386,360,26,26,401,144360,27.01036269,32,5,7,86,6,94,86
2021-08-01,Sunday,30,August,2021,9,Italy,EMEA,Rome,EMEA_CORE_EMAIL_T2,Email,Consumer,Support,Tier 2,Healthcare,133,114,90,24,24,202,18180,42.52631579,15,0,0,69,0,75,75
2021-11-06,Saturday,44,November,2021,16,Ukraine,EMEA,Ukraine Hub,EMEA_CHAT_SUPPORT_T1,Voice,Consumer,Support,Tier 1,Banking,287,292,278,14,14,875,243250,41.95205479,33,8,11,65,7,86,71
2024-02-22,Thursday,8,February,2024,17,Hungary,EMEA,Hungary Hub,EMEA_CORE_EMAIL_TIER2,Email,Premium,Support,Tier 2,Healthcare,472,465,462,3,3,858,396396,5.535483871,28,13,17,74,13,72,87
2023-02-04,Saturday,5,February,2023,0,Czech Republic,EMEA,Czech Republic Hub,OUTBOUND_SALES_T2,Email,Premium,Outbound,Tier 1,E-commerce,281,291,285,6,6,795,226575,16.39175258,17,7,8,92,7,84,67
2023-12-15,Friday,50,December,2023,22,Slovenia,EMEA,Slovenia Hub,EMEA_CHAT_SUPPORT_T1,Chat,Consumer,Support,Tier 2,E-commerce,411,435,408,27,27,755,308040,46.86206897,30,10,13,82,11,70,68
2022-09-25,Sunday,38,September,2022,20,Ireland,EMEA,Dublin,EMEA_CORE_EMAIL_T2,Chat,Enterprise,Support,Tier 3,Telecom,191,221,217,4,4,655,142135,11.85520362,34,4,5,85,4,70,70
2023-03-25,Saturday,12,March,2023,21,Israel,EMEA,Israel Hub,TECH_SUPPORT_EMAIL_T3,Voice,Premium,Tech Support,Tier 3,E-commerce,210,214,201,13,13,641,128841,38.93925234,25,4,5,90,5,86,85
2023-02-17,Friday,7,February,2023,15,Slovakia,EMEA,Slovakia Hub,EMEA_CORE_EMAIL_T2,Voice,Consumer,Support,Tier 2,Banking,272,298,294,4,4,406,119364,5.44966443,20,4,5,85,4,92,71
2021-09-27,Monday,39,September,2021,13,Israel,EMEA,Israel Hub,EMEA_EMAIL_SUPPORT_T3,Chat,Premium,Support,Tier 3,E-commerce,225,229,221,8,8,317,70057,11.07423581,16,2,2,89,2,91,74
2024-12-27,Friday,52,December,2024,22,South Africa,EMEA,Cape Town,EMEA_EMAIL_SUPPORT_T3,Email,Enterprise,Support,Tier 2,Healthcare,58,45,42,3,3,250,10500,16.66666667,34,0,0,84,0,71,66
2022-04-12,Tuesday,15,April,2022,14,Slovakia,EMEA,Slovakia Hub,OUTBOUND_SALES_T2,Chat,Premium,Outbound,Tier 3,Healthcare,448,431,412,19,19,647,266564,28.52204176,22,9,11,74,8,84,83
2021-01-23,Saturday,3,January,2021,11,Finland,EMEA,Finland Hub,EMEA_CHAT_SUPPORT_T1,Voice,Enterprise,Support,Tier 1,E-commerce,238,260,255,5,5,400,102000,7.692307692,31,3,4,67,3,90,86
2022-02-05,Saturday,5,February,2022,9,Netherlands,EMEA,Amsterdam,EMEA_CHAT_SUPPORT_T1,Chat,Premium,Support,Tier 2,Retail,318,348,327,21,21,823,269121,49.6637931,34,9,12,78,9,72,90
2023-03-14,Tuesday,11,March,2023,9,Ukraine,EMEA,Ukraine Hub,EMEA_CORE_EMAIL_T2,Email,Consumer,Support,Tier 3,Telecom,223,224,212,12,12,708,150096,37.92857143,31,5,7,86,6,95,80
2024-01-23,Tuesday,4,January,2024,0,Denmark,EMEA,Denmark Hub,EMEA_CORE_EMAIL_T2,Voice,Consumer,Support,Tier 1,Telecom,303,298,287,11,11,364,104468,13.43624161,30,3,4,82,3,83,62
2021-11-01,Monday,44,November,2021,14,Spain,EMEA,Madrid,EMEA_CORE_EMAIL_TIER2,Chat,Premium,Support,Tier 3,Retail,78,67,38,29,29,636,24168,275.2835821,24,0,0,90,0,73,61
2023-10-22,Sunday,42,October,2023,0,South Africa,EMEA,Cape Town,EMEA_EMAIL_SUPPORT_T3,Email,Premium,Support,Tier 3,Healthcare,450,468,459,9,9,736,337824,14.15384615,34,11,15,78,12,83,83
2025-01-06,Monday,2,January,2025,6,Slovakia,EMEA,Slovakia Hub,OUTBOUND_SALES_T2,Chat,Enterprise,Outbound,Tier 1,Banking,61,51,22,29,29,549,12078,312.1764706,33,0,0,88,0,85,63
2023-01-16,Monday,3,January,2023,14,Belgium,EMEA,Belgium Hub,CUSTOMER_SUPPORT_CHAT_T1,Chat,Premium,Customer Support,Tier 2,Banking,109,93,82,11,11,898,73636,106.2150538,17,2,2,74,1,81,63
2022-05-11,Wednesday,19,May,2022,5,Romania,EMEA,Romania Hub,OUTBOUND_SALES_T2,Voice,Enterprise,Outbound,Tier 3,Banking,443,452,430,22,22,454,195220,22.09734513,23,6,7,65,5,80,61
2022-02-03,Thursday,5,February,2022,22,Greece,EMEA,Greece Hub,EMEA_CORE_EMAIL_T2,Voice,Consumer,Support,Tier 1,Healthcare,224,214,198,16,16,197,39006,14.72897196,16,1,1,71,1,93,89
2023-06-16,Friday,24,June,2023,7,Sweden,EMEA,Sweden Hub,CUSTOMER_SUPPORT_CHAT_T1,Email,Premium,Customer Support,Tier 1,Telecom,373,364,357,7,7,731,260967,14.05769231,26,9,11,69,8,73,74
2022-02-27,Sunday,8,February,2022,7,Finland,EMEA,Finland Hub,RETENTION_VOICE_T2,Email,Enterprise,Retention,Tier 2,Retail,290,308,278,30,30,604,167912,58.83116883,19,5,6,88,5,74,73
2022-01-12,Wednesday,2,January,2022,4,Morocco,EMEA,Morocco Hub,CUSTOMER_SUPPORT_CHAT_T1,Voice,Premium,Customer Support,Tier 2,Banking,167,177,166,11,11,184,30544,11.43502825,19,1,1,70,1,74,71
2024-09-02,Monday,36,September,2024,1,Greece,EMEA,Greece Hub,EMEA_CORE_EMAIL_TIER2,Email,Consumer,Support,Tier 3,Retail,401,383,371,12,12,410,152110,12.845953,27,5,6,90,5,93,62
2023-02-11,Saturday,6,February,2023,11,Portugal,EMEA,Portugal Hub,OUTBOUND_SALES_T2,Voice,Premium,Outbound,Tier 2,Banking,333,362,348,14,14,256,89088,9.900552486,32,3,4,68,3,94,70
2024-06-26,Wednesday,26,June,2024,7,Ukraine,EMEA,Ukraine Hub,EMEA_CHAT_SUPPORT_T1,Email,Premium,Support,Tier 3,Retail,81,78,67,11,11,727,48709,102.525641,21,1,1,90,1,81,87
2023-06-23,Friday,25,June,2023,8,France,EMEA,Paris,EMEA_CHAT_SUPPORT_T1,Voice,Premium,Support,Tier 1,Banking,385,397,383,14,14,578,221374,20.38287154,27,7,9,68,6,83,76
2021-03-28,Sunday,12,March,2021,20,Ireland,EMEA,Dublin,INBOUND_VOICE_TIER1,Chat,Enterprise,Inbound,Tier 3,Banking,249,272,272,0,0,436,118592,0.0,25,4,5,85,4,94,87
2021-05-04,Tuesday,18,May,2021,17,United Kingdom,EMEA,London,EMEA_CORE_EMAIL_T2,Chat,Premium,Support,Tier 1,Telecom,194,206,191,15,15,341,65131,24.83009709,23,2,2,84,2,95,73
2025-12-03,Wednesday,49,December,2025,14,Norway,EMEA,Norway Hub,EMEA_CORE_EMAIL_TIER2,Email,Enterprise,Support,Tier 3,Healthcare,151,159,135,24,24,547,73845,82.56603774,25,2,3,74,2,75,72
2024-07-05,Friday,27,July,2024,9,Hungary,EMEA,Hungary Hub,OUTBOUND_SALES_T2,Email,Enterprise,Outbound,Tier 2,Retail,454,435,419,16,16,890,372910,32.73563218,15,12,14,88,12,90,60
2022-07-02,Saturday,26,July,2022,10,Bulgaria,EMEA,Bulgaria Hub,EMEA_EMAIL_SUPPORT_T3,Email,Premium,Support,Tier 1,Banking,394,398,374,24,24,877,327998,52.88442211,30,11,14,85,12,78,79
2021-02-17,Wednesday,7,February,2021,7,Slovakia,EMEA,Slovakia Hub,RETENTION_VOICE_T2,Email,Premium,Retention,Tier 3,E-commerce,94,93,91,2,2,784,71344,16.86021505,26,2,3,89,3,86,69
2025-12-25,Thursday,52,December,2025,6,Russia,EMEA,Russia Hub,CUSTOMER_SUPPORT_CHAT_T1,Chat,Consumer,Customer Support,Tier 1,E-commerce,399,423,404,19,19,382,154328,17.15839244,24,5,6,77,5,92,82
2022-11-12,Saturday,45,November,2022,3,Morocco,EMEA,Morocco Hub,EMEA_CHAT_SUPPORT_T1,Chat,Enterprise,Support,Tier 2,Telecom,104,123,119,4,4,476,56644,15.4796748,35,1,1,66,1,86,90
2025-02-19,Wednesday,8,February,2025,18,Luxembourg,EMEA,Luxembourg Hub,EMEA_EMAIL_SUPPORT_T3,Chat,Premium,Support,Tier 1,E-commerce,185,179,172,7,7,246,42312,9.620111732,29,1,1,84,1,72,85
2022-06-02,Thursday,22,June,2022,20,Hungary,EMEA,Hungary Hub,EMEA_RETAIL_VOICE_T2,Chat,Enterprise,Support,Tier 2,Banking,255,248,234,14,14,204,47736,11.51612903,20,1,1,65,1,73,75
2023-05-21,Sunday,20,May,2023,21,Hungary,EMEA,Hungary Hub,TECH_SUPPORT_EMAIL_T3,Chat,Enterprise,Tech Support,Tier 2,Banking,462,452,448,4,4,542,242816,4.796460177,15,8,9,84,8,82,78
2024-05-22,Wednesday,21,May,2024,15,Morocco,EMEA,Morocco Hub,EMEA_CHAT_SUPPORT_T1,Voice,Enterprise,Support,Tier 2,Banking,459,462,448,14,14,481,215488,14.57575758,18,7,8,90,7,91,89
2023-07-05,Wednesday,27,July,2023,12,Italy,EMEA,Rome,EMEA_EMAIL_SUPPORT_T3,Email,Premium,Support,Tier 1,Banking,499,515,513,2,2,537,275481,2.085436893,22,9,11,66,7,79,66
2024-06-10,Monday,24,June,2024,3,Portugal,EMEA,Portugal Hub,RETENTION_VOICE_T2,Email,Consumer,Retention,Tier 2,Healthcare,294,291,275,16,16,282,77550,15.50515464,25,2,3,80,2,74,75
2021-04-02,Friday,13,April,2021,12,Iceland,EMEA,Iceland Hub,EMEA_CORE_EMAIL_TIER2,Chat,Premium,Support,Tier 2,E-commerce,83,70,43,27,27,196,8428,75.6,16,0,0,81,0,84,72
2021-10-15,Friday,41,October,2021,22,Morocco,EMEA,Morocco Hub,TECH_SUPPORT_EMAIL_T3,Voice,Consumer,Tech Support,Tier 2,Healthcare,98,110,94,16,16,641,60254,93.23636364,27,2,3,75,2,72,68
2023-08-02,Wednesday,31,August,2023,0,Ireland,EMEA,Dublin,RETENTION_VOICE_T2,Voice,Consumer,Retention,Tier 1,Retail,490,504,479,25,25,458,219382,22.71825397,23,7,9,68,6,76,75
2025-12-22,Monday,52,December,2025,12,France,EMEA,Paris,EMEA_CORE_EMAIL_T2,Chat,Premium,Support,Tier 3,Telecom,133,155,139,16,16,185,25715,19.09677419,31,0,0,89,0,77,85
2021-06-13,Sunday,23,June,2021,23,Kenya,EMEA,Kenya Hub,EMEA_CORE_EMAIL_TIER2,Chat,Consumer,Support,Tier 1,Healthcare,365,394,378,16,16,561,212058,22.78172589,30,7,9,78,7,79,62
2021-01-02,Saturday,53,January,2021,5,Germany,EMEA,Berlin,EMEA_CORE_EMAIL_TIER2,Voice,Consumer,Support,Tier 1,E-commerce,68,82,64,18,18,295,18880,64.75609756,28,0,0,68,0,89,62
2025-07-28,Monday,31,July,2025,4,Romania,EMEA,Romania Hub,EMEA_CORE_EMAIL_T2,Chat,Consumer,Support,Tier 3,Banking,92,111,99,12,12,725,71775,78.37837838,29,2,3,78,2,79,74
2021-06-10,Thursday,23,June,2021,21,Romania,EMEA,Romania Hub,EMEA_CORE_EMAIL_T2,Chat,Enterprise,Support,Tier 3,Banking,208,195,195,0,0,600,117000,0.0,18,4,5,85,4,87,68
2023-06-17,Saturday,24,June,2023,13,Iceland,EMEA,Iceland Hub,EMEA_RETAIL_VOICE_T2,Voice,Consumer,Support,Tier 2,E-commerce,59,84,75,9,9,778,58350,83.35714286,18,2,2,77,2,82,75
2021-04-01,Thursday,13,April,2021,19,Morocco,EMEA,Morocco Hub,TECH_SUPPORT_EMAIL_T3,Voice,Premium,Tech Support,Tier 1,Retail,278,297,284,13,13,298,84632,13.04377104,27,2,3,90,3,74,87
2025-11-12,Wednesday,46,November,2025,10,Greece,EMEA,Greece Hub,CUSTOMER_SUPPORT_CHAT_T1,Email,Enterprise,Customer Support,Tier 2,Telecom,483,499,497,2,2,286,142142,1.146292585,33,4,5,74,4,70,70
2025-11-15,Saturday,46,November,2025,7,Morocco,EMEA,Morocco Hub,EMEA_EMAIL_SUPPORT_T3,Email,Enterprise,Support,Tier 2,Telecom,499,520,515,5,5,854,439810,8.211538462,33,15,20,85,17,74,81
2022-01-15,Saturday,2,January,2022,5,Czech Republic,EMEA,Czech Republic Hub,EMEA_EMAIL_SUPPORT_T3,Voice,Consumer,Support,Tier 1,Telecom,500,498,482,16,16,280,134960,8.995983936,22,4,5,85,4,83,84
2024-06-19,Wednesday,25,June,2024,3,United Kingdom,EMEA,London,TECH_SUPPORT_EMAIL_T3,Email,Premium,Tech Support,Tier 3,Banking,63,63,33,30,30,734,24222,349.5238095,17,0,0,74,0,76,64
2025-01-31,Friday,5,January,2025,6,Poland,EMEA,Poland Hub,EMEA_EMAIL_SUPPORT_T3,Email,Consumer,Support,Tier 1,Healthcare,298,287,258,29,29,843,217494,85.18118467,30,7,9,82,7,95,86
2025-02-09,Sunday,6,February,2025,5,Slovakia,EMEA,Slovakia Hub,EMEA_CORE_EMAIL_T2,Voice,Consumer,Support,Tier 1,Healthcare,350,379,362,17,17,216,78192,9.688654354,35,2,3,87,3,72,90
2025-04-02,Wednesday,14,April,2025,12,Finland,EMEA,Finland Hub,INBOUND_VOICE_TIER1,Email,Consumer,Inbound,Tier 1,Retail,454,459,459,0,0,342,156978,0.0,16,5,6,65,4,71,62
2024-12-18,Wednesday,51,December,2024,9,South Africa,EMEA,Cape Town,EMEA_EMAIL_SUPPORT_T3,Voice,Consumer,Support,Tier 3,E-commerce,218,212,191,21,21,253,48323,25.06132075,35,1,1,84,1,89,73
2022-11-07,Monday,45,November,2022,21,Russia,EMEA,Russia Hub,CUSTOMER_SUPPORT_CHAT_T1,Chat,Consumer,Customer Support,Tier 3,Retail,183,203,192,11,11,383,73536,20.75369458,29,2,3,87,3,79,85
2023-06-23,Friday,25,June,2023,0,Iceland,EMEA,Iceland Hub,EMEA_CORE_EMAIL_TIER2,Email,Consumer,Support,Tier 3,Banking,197,180,161,19,19,556,89516,58.68888889,16,3,3,90,3,74,69
2021-04-17,Saturday,15,April,2021,19,Slovakia,EMEA,Slovakia Hub,EMEA_EMAIL_SUPPORT_T3,Chat,Consumer,Support,Tier 3,E-commerce,248,276,247,29,29,569,140543,59.78623188,29,4,5,75,4,89,65
2021-01-19,Tuesday,3,January,2021,12,Bulgaria,EMEA,Bulgaria Hub,EMEA_CORE_EMAIL_T2,Chat,Consumer,Support,Tier 3,E-commerce,489,515,485,30,30,189,91665,11.00970874,21,3,4,67,3,87,70
2021-05-11,Tuesday,19,May,2021,5,Italy,EMEA,Rome,CUSTOMER_SUPPORT_CHAT_T1,Email,Consumer,Customer Support,Tier 2,Telecom,432,420,420,0,0,283,118860,0.0,25,4,5,91,5,89,70
2021-10-15,Friday,41,October,2021,5,Germany,EMEA,Berlin,EMEA_CORE_EMAIL_T2,Voice,Consumer,Support,Tier 3,Telecom,304,308,289,19,19,456,131784,28.12987013,16,4,5,76,4,95,88
2023-07-12,Wednesday,28,July,2023,10,Denmark,EMEA,Denmark Hub,TECH_SUPPORT_EMAIL_T3,Voice,Premium,Tech Support,Tier 2,Healthcare,316,314,293,21,21,403,118079,26.9522293,27,4,5,65,3,73,75
2024-11-24,Sunday,47,November,2024,10,Ireland,EMEA,Dublin,CUSTOMER_SUPPORT_CHAT_T1,Chat,Premium,Customer Support,Tier 1,Healthcare,445,456,455,1,1,294,133770,0.644736842,15,4,5,92,5,86,73
2025-10-06,Monday,41,October,2025,7,Russia,EMEA,Russia Hub,INBOUND_VOICE_TIER1,Chat,Enterprise,Inbound,Tier 3,Healthcare,275,293,269,24,24,490,131810,40.13651877,25,4,5,84,4,90,74
2023-08-24,Thursday,34,August,2023,20,Poland,EMEA,Poland Hub,OUTBOUND_SALES_T2,Chat,Enterprise,Outbound,Tier 2,Retail,426,414,399,15,15,784,312816,28.4057971,21,10,12,78,9,92,89
2024-07-03,Wednesday,27,July,2024,10,Israel,EMEA,Israel Hub,EMEA_EMAIL_SUPPORT_T3,Email,Consumer,Support,Tier 2,Telecom,404,431,413,18,18,811,334943,33.87006961,34,11,15,95,14,74,90
2023-01-28,Saturday,4,January,2023,20,Germany,EMEA,Berlin,EMEA_RETAIL_VOICE_T2,Voice,Premium,Support,Tier 2,Banking,255,278,266,12,12,698,185668,30.1294964,22,6,7,74,5,87,86
2023-08-19,Saturday,33,August,2023,5,Hungary,EMEA,Hungary Hub,EMEA_EMAIL_SUPPORT_T3,Chat,Enterprise,Support,Tier 3,Telecom,469,493,488,5,5,372,181536,3.772819473,17,6,7,84,6,76,77
2025-05-02,Friday,18,May,2025,15,Italy,EMEA,Rome,EMEA_CORE_EMAIL_TIER2,Chat,Consumer,Support,Tier 1,Healthcare,204,228,208,20,20,348,72384,30.52631579,29,2,3,78,2,70,72
2024-07-17,Wednesday,29,July,2024,3,Russia,EMEA,Russia Hub,INBOUND_VOICE_TIER1,Email,Consumer,Inbound,Tier 3,Retail,356,336,323,13,13,679,219317,26.27083333,21,7,8,68,5,88,64
2024-12-30,Monday,1,December,2024,20,Israel,EMEA,Israel Hub,TECH_SUPPORT_EMAIL_T3,Voice,Premium,Tech Support,Tier 3,Telecom,174,173,167,6,6,766,127922,26.56647399,28,4,5,83,4,81,67
2022-03-16,Wednesday,11,March,2022,18,South Africa,EMEA,Cape Town,CUSTOMER_SUPPORT_CHAT_T1,Email,Consumer,Customer Support,Tier 3,Telecom,180,172,142,30,30,744,105648,129.7674419,32,3,4,92,4,85,90
2022-08-06,Saturday,31,August,2022,21,Czech Republic,EMEA,Czech Republic Hub,EMEA_EMAIL_SUPPORT_T3,Chat,Consumer,Support,Tier 1,E-commerce,394,408,395,13,13,566,223570,18.03431373,22,7,9,67,6,82,72
2024-06-16,Sunday,24,June,2024,16,Bulgaria,EMEA,Bulgaria Hub,RETENTION_VOICE_T2,Chat,Premium,Retention,Tier 2,Telecom,459,487,472,15,15,291,137352,8.963039014,26,4,5,82,4,94,84
2021-07-03,Saturday,26,July,2021,19,Czech Republic,EMEA,Czech Republic Hub,EMEA_CORE_EMAIL_T2,Chat,Premium,Support,Tier 2,Banking,160,162,153,9,9,506,77418,28.11111111,26,2,3,76,2,78,61
2021-04-18,Sunday,15,April,2021,18,Denmark,EMEA,Denmark Hub,EMEA_CORE_EMAIL_T2,Chat,Enterprise,Support,Tier 3,Banking,96,108,90,18,18,476,42840,79.33333333,31,1,1,74,1,92,90
2023-05-11,Thursday,19,May,2023,1,Morocco,EMEA,Morocco Hub,EMEA_EMAIL_SUPPORT_T3,Email,Consumer,Support,Tier 2,E-commerce,94,90,76,14,14,825,62700,128.3333333,22,2,2,68,1,90,77
2024-04-14,Sunday,15,April,2024,14,Slovakia,EMEA,Slovakia Hub,INBOUND_VOICE_TIER1,Chat,Premium,Inbound,Tier 1,Telecom,66,60,45,15,15,863,38835,215.75,25,1,1,92,1,72,70
2021-12-09,Thursday,49,December,2021,14,Israel,EMEA,Israel Hub,OUTBOUND_SALES_T2,Email,Consumer,Outbound,Tier 1,Telecom,424,437,431,6,6,242,104302,3.322654462,32,3,4,78,3,85,62
2021-01-17,Sunday,2,January,2021,19,Belgium,EMEA,Belgium Hub,RETENTION_VOICE_T2,Chat,Enterprise,Retention,Tier 3,E-commerce,67,92,70,22,22,818,57260,195.6086957,20,1,1,77,1,85,73
2021-07-19,Monday,29,July,2021,12,Spain,EMEA,Madrid,INBOUND_VOICE_TIER1,Voice,Enterprise,Inbound,Tier 1,Retail,329,318,313,5,5,212,66356,3.333333333,25,2,3,67,2,78,67
2023-06-24,Saturday,25,June,2023,2,Belgium,EMEA,Belgium Hub,EMEA_CORE_EMAIL_T2,Email,Consumer,Support,Tier 2,Healthcare,119,149,129,20,20,316,40764,42.41610738,17,1,1,67,1,77,62
2025-10-03,Friday,40,October,2025,11,Russia,EMEA,Russia Hub,CUSTOMER_SUPPORT_CHAT_T1,Email,Consumer,Customer Support,Tier 1,Retail,363,348,319,29,29,329,104951,27.41666667,33,3,4,81,3,92,79
2023-07-26,Wednesday,30,July,2023,21,South Africa,EMEA,Cape Town,RETENTION_VOICE_T2,Email,Enterprise,Retention,Tier 1,Healthcare,441,428,402,26,26,361,145122,21.92990654,32,5,7,85,6,80,87
2022-11-13,Sunday,45,November,2022,16,Iceland,EMEA,Iceland Hub,CUSTOMER_SUPPORT_CHAT_T1,Email,Consumer,Customer Support,Tier 2,Banking,478,490,486,4,4,496,241056,4.048979592,31,8,10,71,7,74,81
2022-01-31,Monday,5,January,2022,12,Czech Republic,EMEA,Czech Republic Hub,OUTBOUND_SALES_T2,Email,Premium,Outbound,Tier 3,E-commerce,303,311,284,27,27,520,147680,45.14469453,31,5,7,75,5,71,90
2024-11-20,Wednesday,47,November,2024,9,Greece,EMEA,Greece Hub,EMEA_CORE_EMAIL_T2,Voice,Enterprise,Support,Tier 2,Telecom,326,327,320,7,7,683,218560,14.62079511,17,7,8,77,6,87,80
2022-07-11,Monday,28,July,2022,6,Slovakia,EMEA,Slovakia Hub,EMEA_EMAIL_SUPPORT_T3,Voice,Premium,Support,Tier 3,E-commerce,350,342,322,20,20,325,104650,19.00584795,29,3,4,68,3,73,81
2022-03-01,Tuesday,9,March,2022,13,Denmark,EMEA,Denmark Hub,EMEA_CORE_EMAIL_TIER2,Chat,Consumer,Support,Tier 1,Retail,421,451,449,2,2,636,285564,2.820399113,31,9,12,90,11,80,62
2022-04-03,Sunday,13,April,2022,1,Portugal,EMEA,Portugal Hub,EMEA_CORE_EMAIL_T2,Voice,Premium,Support,Tier 2,E-commerce,148,156,152,4,4,388,58976,9.948717949,29,2,3,73,2,86,62
2023-08-15,Tuesday,33,August,2023,19,Ukraine,EMEA,Ukraine Hub,EMEA_RETAIL_VOICE_T2,Chat,Premium,Support,Tier 2,Healthcare,417,403,380,23,23,349,132620,19.91811414,28,4,5,89,4,90,73
2021-09-08,Wednesday,36,September,2021,10,Norway,EMEA,Norway Hub,TECH_SUPPORT_EMAIL_T3,Chat,Premium,Tech Support,Tier 2,Retail,408,405,377,28,28,198,74646,13.68888889,31,2,3,76,2,72,67
2025-01-09,Thursday,2,January,2025,5,United Kingdom,EMEA,London,EMEA_CORE_EMAIL_TIER2,Chat,Premium,Support,Tier 1,Banking,258,267,239,28,28,203,48517,21.28838951,29,1,1,72,1,91,83
2023-10-24,Tuesday,43,October,2023,12,Morocco,EMEA,Morocco Hub,EMEA_CHAT_SUPPORT_T1,Voice,Enterprise,Support,Tier 1,Retail,370,353,339,14,14,833,282387,33.0368272,26,9,11,83,9,75,78
2023-11-24,Friday,47,November,2023,9,Bulgaria,EMEA,Bulgaria Hub,EMEA_CORE_EMAIL_TIER2,Email,Premium,Support,Tier 2,Banking,234,232,213,19,19,631,134403,51.67672414,23,4,5,67,3,82,63
2024-04-27,Saturday,17,April,2024,23,Poland,EMEA,Poland Hub,EMEA_CHAT_SUPPORT_T1,Email,Enterprise,Support,Tier 1,Retail,297,313,311,2,2,525,163275,3.354632588,19,5,6,90,5,87,83
2021-03-09,Tuesday,10,March,2021,6,Italy,EMEA,Rome,EMEA_RETAIL_VOICE_T2,Chat,Enterprise,Support,Tier 3,Retail,346,344,320,24,24,190,60800,13.25581395,32,2,3,81,2,81,79
2025-05-24,Saturday,21,May,2025,21,Morocco,EMEA,Morocco Hub,OUTBOUND_SALES_T2,Email,Consumer,Outbound,Tier 2,Banking,290,275,248,27,27,790,195920,77.56363636,33,6,8,66,5,85,74
2021-06-15,Tuesday,24,June,2021,20,Bulgaria,EMEA,Bulgaria Hub,EMEA_RETAIL_VOICE_T2,Voice,Premium,Support,Tier 3,Banking,116,118,115,3,3,296,34040,7.525423729,33,1,1,86,1,77,73
2024-05-01,Wednesday,18,May,2024,12,Greece,EMEA,Greece Hub,INBOUND_VOICE_TIER1,Email,Enterprise,Inbound,Tier 3,Banking,386,368,360,8,8,542,195120,11.7826087,22,6,7,77,5,89,88
2022-04-17,Sunday,15,April,2022,13,Morocco,EMEA,Morocco Hub,EMEA_EMAIL_SUPPORT_T3,Voice,Premium,Support,Tier 2,Banking,487,499,478,21,21,531,253818,22.34669339,24,8,10,66,7,83,86
2025-10-03,Friday,40,October,2025,8,Romania,EMEA,Romania Hub,EMEA_CORE_EMAIL_T2,Voice,Premium,Support,Tier 3,Healthcare,269,249,219,30,30,206,45114,24.81927711,34,1,1,76,1,90,67
2023-07-21,Friday,29,July,2023,18,South Africa,EMEA,Cape Town,EMEA_RETAIL_VOICE_T2,Voice,Premium,Support,Tier 3,Healthcare,250,231,228,3,3,498,113544,6.467532468,24,3,4,85,3,93,77
2025-04-07,Monday,15,April,2025,8,Belgium,EMEA,Belgium Hub,EMEA_CORE_EMAIL_TIER2,Chat,Consumer,Support,Tier 3,E-commerce,500,498,476,22,22,411,195636,18.15662651,32,6,8,90,7,91,69
2022-05-27,Friday,21,May,2022,4,Finland,EMEA,Finland Hub,TECH_SUPPORT_EMAIL_T3,Chat,Consumer,Tech Support,Tier 3,E-commerce,135,123,108,15,15,879,94932,107.195122,15,3,3,87,3,88,80
2025-07-22,Tuesday,30,July,2025,4,United Kingdom,EMEA,London,INBOUND_VOICE_TIER1,Chat,Premium,Inbound,Tier 2,Telecom,408,431,424,7,7,438,185712,7.113689095,29,6,8,66,5,71,68
2021-12-08,Wednesday,49,December,2021,16,Kenya,EMEA,Kenya Hub,EMEA_CORE_EMAIL_T2,Voice,Consumer,Support,Tier 2,E-commerce,493,490,474,16,16,398,188652,12.99591837,20,6,7,89,6,75,89
2024-09-18,Wednesday,38,September,2024,6,Russia,EMEA,Russia Hub,OUTBOUND_SALES_T2,Voice,Premium,Outbound,Tier 3,Banking,293,281,263,18,18,350,92050,22.41992883,23,3,4,88,4,95,78
2025-01-18,Saturday,3,January,2025,8,Greece,EMEA,Greece Hub,RETENTION_VOICE_T2,Email,Consumer,Retention,Tier 3,Retail,225,238,213,25,25,818,174234,85.92436975,19,6,7,78,5,86,65
2023-09-22,Friday,38,September,2023,6,Kenya,EMEA,Kenya Hub,EMEA_CORE_EMAIL_T2,Email,Premium,Support,Tier 2,E-commerce,465,469,451,18,18,845,381095,32.43070362,23,13,16,95,15,92,68
2021-05-04,Tuesday,18,May,2021,21,Denmark,EMEA,Denmark Hub,EMEA_CORE_EMAIL_TIER2,Email,Consumer,Support,Tier 3,E-commerce,237,239,210,29,29,785,164850,95.25104603,15,5,6,81,5,74,63
2021-08-27,Friday,34,August,2021,6,Israel,EMEA,Israel Hub,EMEA_EMAIL_SUPPORT_T3,Email,Consumer,Support,Tier 1,Banking,341,344,325,19,19,476,154700,26.29069767,29,5,6,78,5,88,85
2022-12-18,Sunday,50,December,2022,13,Slovakia,EMEA,Slovakia Hub,EMEA_CORE_EMAIL_TIER2,Email,Enterprise,Support,Tier 3,Telecom,318,337,329,8,8,706,232274,16.75964392,28,8,10,91,9,87,73
2021-05-17,Monday,20,May,2021,9,Hungary,EMEA,Hungary Hub,RETENTION_VOICE_T2,Voice,Premium,Retention,Tier 3,Banking,369,389,359,30,30,787,282533,60.6940874,31,9,12,87,10,81,85
2024-11-11,Monday,46,November,2024,11,Spain,EMEA,Madrid,EMEA_EMAIL_SUPPORT_T3,Email,Premium,Support,Tier 3,Banking,164,169,163,6,6,868,141484,30.81656805,16,4,5,75,4,91,81
2022-09-09,Friday,36,September,2022,16,United Kingdom,EMEA,London,TECH_SUPPORT_EMAIL_T3,Email,Consumer,Tech Support,Tier 2,Retail,344,358,336,22,22,461,154896,28.32960894,30,5,7,90,6,71,77
2021-01-11,Monday,2,January,2021,7,Hungary,EMEA,Hungary Hub,EMEA_CORE_EMAIL_T2,Voice,Consumer,Support,Tier 1,Retail,261,267,257,10,10,825,212025,30.8988764,20,7,8,89,7,79,80
2022-06-23,Thursday,25,June,2022,1,Israel,EMEA,Israel Hub,TECH_SUPPORT_EMAIL_T3,Chat,Premium,Tech Support,Tier 3,Banking,147,142,140,2,2,762,106680,10.73239437,22,3,4,91,4,83,79
2025-11-10,Monday,46,November,2025,9,Norway,EMEA,Norway Hub,OUTBOUND_SALES_T2,Email,Premium,Outbound,Tier 3,E-commerce,463,449,430,19,19,364,156520,15.40311804,22,5,6,71,4,73,72
2021-03-28,Sunday,12,March,2021,6,Poland,EMEA,Poland Hub,EMEA_CORE_EMAIL_TIER2,Chat,Enterprise,Support,Tier 2,Telecom,255,236,233,3,3,877,204341,11.14830508,30,7,9,68,6,71,70
2025-05-23,Friday,21,May,2025,8,Netherlands,EMEA,Amsterdam,RETENTION_VOICE_T2,Email,Enterprise,Retention,Tier 2,E-commerce,179,181,172,9,9,548,94256,27.24861878,27,3,4,69,3,93,60
2022-07-24,Sunday,29,July,2022,0,Morocco,EMEA,Morocco Hub,OUTBOUND_SALES_T2,Email,Enterprise,Outbound,Tier 1,Telecom,276,256,248,8,8,635,157480,19.84375,15,5,6,75,5,88,63
2021-03-27,Saturday,12,March,2021,4,Czech Republic,EMEA,Czech Republic Hub,EMEA_RETAIL_VOICE_T2,Chat,Consumer,Support,Tier 1,Telecom,182,183,160,23,23,685,109600,86.09289617,26,3,4,82,3,73,74
2023-11-20,Monday,47,November,2023,9,Germany,EMEA,Berlin,EMEA_CORE_EMAIL_TIER2,Email,Enterprise,Support,Tier 3,Retail,313,343,332,11,11,216,71712,6.927113703,25,2,3,76,2,78,62
2021-04-02,Friday,13,April,2021,20,Turkey,EMEA,Turkey Hub,EMEA_CORE_EMAIL_T2,Chat,Enterprise,Support,Tier 2,Healthcare,411,410,388,22,22,859,333292,46.09268293,23,11,14,76,11,85,75
2025-01-17,Friday,3,January,2025,20,Turkey,EMEA,Turkey Hub,TECH_SUPPORT_EMAIL_T3,Chat,Premium,Tech Support,Tier 2,Telecom,273,276,248,28,28,738,183024,74.86956522,19,6,7,83,6,71,84
2025-11-07,Friday,45,November,2025,4,Poland,EMEA,Poland Hub,EMEA_RETAIL_VOICE_T2,Voice,Consumer,Support,Tier 1,Banking,159,152,122,30,30,685,83570,135.1973684,26,2,3,93,3,81,63
2021-09-09,Thursday,36,September,2021,1,Hungary,EMEA,Hungary Hub,TECH_SUPPORT_EMAIL_T3,Email,Premium,Tech Support,Tier 2,Telecom,197,178,151,27,27,889,134239,134.8483146,17,4,5,80,4,75,67
2022-04-02,Saturday,13,April,2022,14,Kenya,EMEA,Kenya Hub,CUSTOMER_SUPPORT_CHAT_T1,Voice,Premium,Customer Support,Tier 2,E-commerce,361,367,365,2,2,689,251485,3.754768392,20,8,10,91,9,92,75
2025-07-16,Wednesday,29,July,2025,9,Romania,EMEA,Romania Hub,OUTBOUND_SALES_T2,Voice,Consumer,Outbound,Tier 3,Retail,120,144,125,19,19,354,44250,46.70833333,23,1,1,93,1,78,67
2022-12-21,Wednesday,51,December,2022,15,Iceland,EMEA,Iceland Hub,TECH_SUPPORT_EMAIL_T3,Email,Consumer,Tech Support,Tier 1,Telecom,435,424,408,16,16,501,204408,18.90566038,27,7,9,73,7,75,70
2021-05-05,Wednesday,18,May,2021,21,South Africa,EMEA,Cape Town,EMEA_CORE_EMAIL_T2,Voice,Enterprise,Support,Tier 3,E-commerce,77,105,95,10,10,403,38285,38.38095238,25,1,1,83,1,90,80
2021-07-12,Monday,28,July,2021,23,Italy,EMEA,Rome,TECH_SUPPORT_EMAIL_T3,Voice,Consumer,Tech Support,Tier 3,Retail,365,348,347,1,1,690,239430,1.982758621,26,8,10,67,7,73,76
2023-03-13,Monday,11,March,2023,10,Morocco,EMEA,Morocco Hub,EMEA_CORE_EMAIL_TIER2,Chat,Enterprise,Support,Tier 1,Healthcare,212,228,198,30,30,359,71082,47.23684211,18,2,2,66,1,76,73
2024-01-18,Thursday,3,January,2024,15,Luxembourg,EMEA,Luxembourg Hub,CUSTOMER_SUPPORT_CHAT_T1,Chat,Enterprise,Customer Support,Tier 2,Retail,488,517,499,18,18,339,169161,11.80270793,31,5,7,77,5,91,66
2021-04-12,Monday,15,April,2021,9,Norway,EMEA,Norway Hub,EMEA_CHAT_SUPPORT_T1,Email,Consumer,Support,Tier 3,Retail,418,404,403,1,1,627,252681,1.551980198,19,8,10,68,7,72,74
2024-11-06,Wednesday,45,November,2024,22,Denmark,EMEA,Denmark Hub,TECH_SUPPORT_EMAIL_T3,Email,Premium,Tech Support,Tier 3,E-commerce,205,207,178,29,29,899,160022,125.9468599,22,5,6,80,5,93,90
2025-07-31,Thursday,31,July,2025,3,Russia,EMEA,Russia Hub,EMEA_EMAIL_SUPPORT_T3,Voice,Consumer,Support,Tier 1,Banking,147,140,117,23,23,889,104013,146.05,21,3,4,68,3,89,68
2022-12-04,Sunday,48,December,2022,4,Turkey,EMEA,Turkey Hub,TECH_SUPPORT_EMAIL_T3,Chat,Consumer,Tech Support,Tier 2,Healthcare,351,349,336,13,13,549,184464,20.44985673,28,6,8,67,5,73,79
2023-02-11,Saturday,6,February,2023,1,Spain,EMEA,Madrid,EMEA_EMAIL_SUPPORT_T3,Email,Premium,Support,Tier 3,Banking,384,380,366,14,14,865,316590,31.86842105,35,10,14,91,13,86,90
2024-11-13,Wednesday,46,November,2024,9,Romania,EMEA,Romania Hub,INBOUND_VOICE_TIER1,Email,Consumer,Inbound,Tier 1,E-commerce,433,433,410,23,23,787,322670,41.80369515,29,11,14,91,13,74,73
2022-12-03,Saturday,48,December,2022,0,Iceland,EMEA,Iceland Hub,RETENTION_VOICE_T2,Email,Premium,Retention,Tier 3,E-commerce,97,96,92,4,4,741,68172,30.875,25,2,3,77,2,70,79
2022-05-14,Saturday,19,May,2022,14,Luxembourg,EMEA,Luxembourg Hub,CUSTOMER_SUPPORT_CHAT_T1,Chat,Premium,Customer Support,Tier 2,Retail,233,238,215,23,23,205,44075,19.81092437,20,1,1,76,1,76,78
2025-06-11,Wednesday,24,June,2025,0,Ukraine,EMEA,Ukraine Hub,EMEA_CHAT_SUPPORT_T1,Chat,Enterprise,Support,Tier 3,E-commerce,459,468,465,3,3,200,93000,1.282051282,31,3,4,83,3,80,61
2025-04-19,Saturday,16,April,2025,7,Hungary,EMEA,Hungary Hub,INBOUND_VOICE_TIER1,Voice,Premium,Inbound,Tier 3,Banking,482,505,475,30,30,610,289750,36.23762376,29,10,13,87,11,71,66
2023-03-27,Monday,13,March,2023,4,Morocco,EMEA,Morocco Hub,EMEA_RETAIL_VOICE_T2,Chat,Enterprise,Support,Tier 2,Healthcare,290,298,286,12,12,784,224224,31.5704698,31,7,9,77,7,95,65
2025-01-15,Wednesday,3,January,2025,0,Slovenia,EMEA,Slovenia Hub,INBOUND_VOICE_TIER1,Email,Premium,Inbound,Tier 1,Retail,477,500,470,30,30,870,408900,52.2,35,14,19,91,17,79,61
2024-10-04,Friday,40,October,2024,10,Greece,EMEA,Greece Hub,RETENTION_VOICE_T2,Voice,Enterprise,Retention,Tier 3,Retail,231,248,248,0,0,373,92504,0.0,21,3,4,67,3,86,61
2025-08-28,Thursday,35,August,2025,18,Netherlands,EMEA,Amsterdam,EMEA_CORE_EMAIL_T2,Chat,Consumer,Support,Tier 2,E-commerce,496,493,473,20,20,481,227513,19.51318458,31,7,9,68,6,73,81
2023-12-09,Saturday,49,December,2023,16,South Africa,EMEA,Cape Town,EMEA_CORE_EMAIL_TIER2,Voice,Premium,Support,Tier 3,Banking,163,161,135,26,26,389,52515,62.81987578,23,1,1,85,1,85,81
2025-05-04,Sunday,18,May,2025,21,Slovenia,EMEA,Slovenia Hub,CUSTOMER_SUPPORT_CHAT_T1,Email,Premium,Customer Support,Tier 3,Healthcare,118,143,135,8,8,724,97740,40.5034965,21,3,4,74,3,77,77
2023-10-07,Saturday,40,October,2023,7,Italy,EMEA,Rome,CUSTOMER_SUPPORT_CHAT_T1,Voice,Premium,Customer Support,Tier 2,Healthcare,206,192,192,0,0,826,158592,0.0,16,5,6,78,5,82,65
2024-04-12,Friday,15,April,2024,8,Norway,EMEA,Norway Hub,EMEA_EMAIL_SUPPORT_T3,Chat,Premium,Support,Tier 1,Banking,129,129,127,2,2,256,32512,3.968992248,26,1,1,77,1,85,87
2021-04-25,Sunday,16,April,2021,15,Spain,EMEA,Madrid,EMEA_CORE_EMAIL_TIER2,Email,Premium,Support,Tier 3,E-commerce,493,489,474,15,15,219,103806,6.717791411,18,3,4,86,3,74,67
2023-11-18,Saturday,46,November,2023,4,United Kingdom,EMEA,London,TECH_SUPPORT_EMAIL_T3,Chat,Enterprise,Tech Support,Tier 1,E-commerce,385,409,396,13,13,390,154440,12.39608802,23,5,6,91,5,84,66
2022-06-03,Friday,22,June,2022,23,Finland,EMEA,Finland Hub,EMEA_EMAIL_SUPPORT_T3,Email,Enterprise,Support,Tier 3,Healthcare,188,204,195,9,9,696,135720,30.70588235,26,4,5,82,4,89,74
2022-06-20,Monday,25,June,2022,2,South Africa,EMEA,Cape Town,EMEA_CHAT_SUPPORT_T1,Voice,Enterprise,Support,Tier 3,Banking,305,305,286,19,19,583,166738,36.31803279,25,5,6,92,6,77,61
2021-08-09,Monday,32,August,2021,18,Netherlands,EMEA,Amsterdam,EMEA_CORE_EMAIL_T2,Voice,Enterprise,Support,Tier 1,E-commerce,339,333,315,18,18,846,266490,45.72972973,26,9,11,95,10,73,89
2021-04-08,Thursday,14,April,2021,20,Israel,EMEA,Israel Hub,INBOUND_VOICE_TIER1,Chat,Enterprise,Inbound,Tier 1,Retail,256,246,239,7,7,832,198848,23.67479675,22,6,7,95,7,79,68
2023-09-21,Thursday,38,September,2023,14,Denmark,EMEA,Denmark Hub,TECH_SUPPORT_EMAIL_T3,Email,Enterprise,Tech Support,Tier 2,Retail,81,82,69,13,13,865,59685,137.1341463,17,2,2,78,2,70,87
2022-01-02,Sunday,52,January,2022,16,South Africa,EMEA,Cape Town,EMEA_RETAIL_VOICE_T2,Chat,Enterprise,Support,Tier 2,Banking,370,373,356,17,17,598,212888,27.25469169,30,7,9,77,7,70,69
2021-09-05,Sunday,35,September,2021,2,Iceland,EMEA,Iceland Hub,EMEA_RETAIL_VOICE_T2,Voice,Enterprise,Support,Tier 2,Retail,395,410,408,2,2,605,246840,2.951219512,31,8,10,87,9,76,61
2021-10-13,Wednesday,41,October,2021,21,Italy,EMEA,Rome,EMEA_EMAIL_SUPPORT_T3,Voice,Premium,Support,Tier 3,Banking,356,370,358,12,12,835,298930,27.08108108,28,10,13,83,11,85,79
2024-09-05,Thursday,36,September,2024,20,Bulgaria,EMEA,Bulgaria Hub,TECH_SUPPORT_EMAIL_T3,Email,Consumer,Tech Support,Tier 1,Telecom,425,440,434,6,6,251,108934,3.422727273,28,3,4,65,3,72,85
2025-02-15,Saturday,7,February,2025,18,Ukraine,EMEA,Ukraine Hub,EMEA_CHAT_SUPPORT_T1,Voice,Premium,Support,Tier 3,E-commerce,497,483,466,17,17,732,341112,25.76397516,33,11,15,65,10,86,71
2023-10-21,Saturday,42,October,2023,15,Slovakia,EMEA,Slovakia Hub,INBOUND_VOICE_TIER1,Voice,Consumer,Inbound,Tier 2,Banking,483,474,474,0,0,709,336066,0.0,27,11,14,71,10,74,78
2021-05-12,Wednesday,19,May,2021,3,Spain,EMEA,Madrid,INBOUND_VOICE_TIER1,Email,Consumer,Inbound,Tier 2,Telecom,240,269,269,0,0,711,191259,0.0,32,6,8,85,7,77,81
2024-11-17,Sunday,46,November,2024,6,Finland,EMEA,Finland Hub,EMEA_CHAT_SUPPORT_T1,Chat,Enterprise,Support,Tier 1,Retail,388,389,385,4,4,299,115115,3.074550129,27,3,4,90,4,70,64
2025-11-04,Tuesday,45,November,2025,20,Portugal,EMEA,Portugal Hub,EMEA_CORE_EMAIL_TIER2,Voice,Consumer,Support,Tier 3,Banking,377,383,365,18,18,739,269735,34.7310705,31,9,12,80,10,77,85
2025-11-16,Sunday,46,November,2025,8,Israel,EMEA,Israel Hub,EMEA_CORE_EMAIL_TIER2,Email,Premium,Support,Tier 1,E-commerce,155,172,157,15,15,212,33284,18.48837209,32,1,1,84,1,90,79
2022-06-06,Monday,23,June,2022,10,Norway,EMEA,Norway Hub,EMEA_EMAIL_SUPPORT_T3,Chat,Consumer,Support,Tier 2,E-commerce,327,356,338,18,18,852,287976,43.07865169,17,9,11,91,10,86,64
2023-08-24,Thursday,34,August,2023,0,Poland,EMEA,Poland Hub,INBOUND_VOICE_TIER1,Chat,Consumer,Inbound,Tier 3,Telecom,95,80,72,8,8,585,42120,58.5,25,1,1,84,1,94,69
2021-06-25,Friday,25,June,2021,16,Israel,EMEA,Israel Hub,CUSTOMER_SUPPORT_CHAT_T1,Voice,Consumer,Customer Support,Tier 1,Retail,458,485,465,20,20,711,330615,29.31958763,21,11,13,90,12,79,79
2022-07-22,Friday,29,July,2022,19,Finland,EMEA,Finland Hub,EMEA_CORE_EMAIL_T2,Chat,Premium,Support,Tier 1,Banking,395,415,387,28,28,405,156735,27.3253012,34,5,7,73,5,91,60
2022-06-26,Sunday,25,June,2022,23,Portugal,EMEA,Portugal Hub,EMEA_CORE_EMAIL_T2,Chat,Premium,Support,Tier 1,Telecom,415,407,392,15,15,444,174048,16.36363636,27,6,8,81,6,73,70
2022-07-04,Monday,27,July,2022,4,Iceland,EMEA,Iceland Hub,EMEA_CHAT_SUPPORT_T1,Chat,Premium,Support,Tier 2,Banking,257,262,252,10,10,669,168588,25.53435115,26,5,6,93,6,70,64
2022-11-22,Tuesday,47,November,2022,21,Portugal,EMEA,Portugal Hub,EMEA_CHAT_SUPPORT_T1,Chat,Consumer,Support,Tier 1,Retail,443,457,440,17,17,812,357280,30.20568928,34,12,16,87,14,83,67
2023-10-29,Sunday,43,October,2023,15,Ukraine,EMEA,Ukraine Hub,INBOUND_VOICE_TIER1,Chat,Consumer,Inbound,Tier 1,Banking,362,342,342,0,0,818,279756,0.0,26,9,11,68,7,84,78
2021-10-11,Monday,41,October,2021,11,Spain,EMEA,Madrid,TECH_SUPPORT_EMAIL_T3,Chat,Premium,Tech Support,Tier 2,Retail,255,248,219,29,29,809,177171,94.60080645,27,6,8,75,6,82,73
2024-07-03,Wednesday,27,July,2024,6,Poland,EMEA,Poland Hub,TECH_SUPPORT_EMAIL_T3,Chat,Premium,Tech Support,Tier 2,Retail,418,420,410,10,10,554,227140,13.19047619,27,7,9,70,6,82,83
2021-04-13,Tuesday,15,April,2021,0,Romania,EMEA,Romania Hub,INBOUND_VOICE_TIER1,Chat,Enterprise,Inbound,Tier 2,Healthcare,83,93,66,27,27,896,59136,260.1290323,21,2,2,67,1,83,86
2025-09-07,Sunday,36,September,2025,18,Slovakia,EMEA,Slovakia Hub,EMEA_CHAT_SUPPORT_T1,Voice,Consumer,Support,Tier 1,Healthcare,130,135,116,19,19,685,79460,96.40740741,18,2,2,93,2,80,75
2022-06-29,Wednesday,26,June,2022,12,Denmark,EMEA,Denmark Hub,RETENTION_VOICE_T2,Email,Premium,Retention,Tier 1,Retail,488,517,503,14,14,486,244458,13.16054159,26,8,10,78,8,70,75
2024-10-06,Sunday,40,October,2024,2,Finland,EMEA,Finland Hub,EMEA_RETAIL_VOICE_T2,Voice,Premium,Support,Tier 3,E-commerce,442,470,466,4,4,607,282862,5.165957447,18,9,11,76,8,70,76
2022-05-19,Thursday,20,May,2022,0,Kenya,EMEA,Kenya Hub,EMEA_EMAIL_SUPPORT_T3,Voice,Enterprise,Support,Tier 2,Retail,174,166,149,17,17,596,88804,61.03614458,29,3,4,90,4,84,73
2025-08-08,Friday,32,August,2025,23,Turkey,EMEA,Turkey Hub,EMEA_CORE_EMAIL_T2,Email,Consumer,Support,Tier 2,Banking,280,284,260,24,24,826,214760,69.8028169,20,7,8,78,6,92,83
2024-10-12,Saturday,41,October,2024,21,Iceland,EMEA,Iceland Hub,TECH_SUPPORT_EMAIL_T3,Email,Consumer,Tech Support,Tier 3,E-commerce,215,231,210,21,21,524,110040,47.63636364,29,3,4,83,3,89,77
2023-02-04,Saturday,5,February,2023,17,Italy,EMEA,Rome,TECH_SUPPORT_EMAIL_T3,Email,Consumer,Tech Support,Tier 1,E-commerce,127,141,119,22,22,435,51765,67.87234043,22,1,1,90,1,84,87
2021-06-28,Monday,26,June,2021,9,Iceland,EMEA,Iceland Hub,EMEA_CORE_EMAIL_TIER2,Chat,Consumer,Support,Tier 2,Banking,362,360,356,4,4,646,229976,7.177777778,18,7,8,84,7,73,73
2024-08-01,Thursday,31,August,2024,17,Finland,EMEA,Finland Hub,OUTBOUND_SALES_T2,Email,Enterprise,Outbound,Tier 2,E-commerce,306,313,294,19,19,607,178458,36.84664537,21,6,7,86,6,79,77
2023-07-07,Friday,27,July,2023,2,Luxembourg,EMEA,Luxembourg Hub,CUSTOMER_SUPPORT_CHAT_T1,Voice,Premium,Customer Support,Tier 3,E-commerce,123,145,131,14,14,672,88032,64.88275862,33,3,4,84,3,74,77
2024-02-20,Tuesday,8,February,2024,4,Bulgaria,EMEA,Bulgaria Hub,RETENTION_VOICE_T2,Email,Consumer,Retention,Tier 2,Healthcare,187,181,175,6,6,410,71750,13.59116022,19,2,2,91,2,92,78
2025-02-27,Thursday,9,February,2025,18,Iceland,EMEA,Iceland Hub,RETENTION_VOICE_T2,Voice,Premium,Retention,Tier 3,Healthcare,82,98,93,5,5,699,65007,35.66326531,32,2,3,68,2,94,64
2025-12-21,Sunday,51,December,2025,12,Russia,EMEA,Russia Hub,OUTBOUND_SALES_T2,Voice,Enterprise,Outbound,Tier 2,Telecom,85,71,69,2,2,384,26496,10.81690141,24,0,0,78,0,71,64
2025-04-18,Friday,16,April,2025,10,Netherlands,EMEA,Amsterdam,INBOUND_VOICE_TIER1,Chat,Premium,Inbound,Tier 3,Retail,125,125,105,20,20,666,69930,106.56,32,2,3,95,3,71,80
2021-10-13,Wednesday,41,October,2021,12,Spain,EMEA,Madrid,TECH_SUPPORT_EMAIL_T3,Chat,Premium,Tech Support,Tier 1,Healthcare,481,483,457,26,26,200,91400,10.76604555,30,3,4,85,3,89,80
2025-03-22,Saturday,12,March,2025,12,Belgium,EMEA,Belgium Hub,EMEA_EMAIL_SUPPORT_T3,Email,Premium,Support,Tier 1,E-commerce,330,333,314,19,19,727,228278,41.48048048,24,7,9,65,6,87,61
2021-01-26,Tuesday,4,January,2021,4,Finland,EMEA,Finland Hub,OUTBOUND_SALES_T2,Chat,Premium,Outbound,Tier 1,E-commerce,491,519,490,29,29,191,93590,10.67244701,27,3,4,84,3,85,84
2025-03-10,Monday,11,March,2025,15,Denmark,EMEA,Denmark Hub,EMEA_RETAIL_VOICE_T2,Chat,Consumer,Support,Tier 2,Retail,109,89,86,3,3,864,74304,29.12359551,32,2,3,72,2,76,86
2021-10-04,Monday,40,October,2021,22,Finland,EMEA,Finland Hub,EMEA_CORE_EMAIL_TIER2,Chat,Enterprise,Support,Tier 2,Retail,198,228,218,10,10,539,117502,23.64035088,29,4,5,68,3,76,81
2022-04-05,Tuesday,14,April,2022,19,Slovakia,EMEA,Slovakia Hub,EMEA_CORE_EMAIL_T2,Chat,Consumer,Support,Tier 3,Healthcare,493,493,487,6,6,222,108114,2.701825558,35,3,4,92,4,74,90
2024-05-12,Sunday,19,May,2024,2,Turkey,EMEA,Turkey Hub,INBOUND_VOICE_TIER1,Voice,Enterprise,Inbound,Tier 1,Retail,367,391,384,7,7,873,335232,15.62915601,28,11,14,87,12,79,81
2023-01-05,Thursday,1,January,2023,20,Ireland,EMEA,Dublin,RETENTION_VOICE_T2,Email,Consumer,Retention,Tier 1,Banking,450,456,447,9,9,856,382632,16.89473684,24,13,16,65,10,80,60
2025-05-26,Monday,22,May,2025,0,Norway,EMEA,Norway Hub,RETENTION_VOICE_T2,Chat,Consumer,Retention,Tier 1,Retail,426,438,424,14,14,585,248040,18.69863014,33,8,11,73,8,85,75
2023-02-15,Wednesday,7,February,2023,17,France,EMEA,Paris,TECH_SUPPORT_EMAIL_T3,Chat,Enterprise,Tech Support,Tier 2,Retail,424,451,434,17,17,432,187488,16.28381375,22,6,7,70,5,71,79
2023-12-07,Thursday,49,December,2023,16,Finland,EMEA,Finland Hub,EMEA_CORE_EMAIL_TIER2,Email,Consumer,Support,Tier 1,E-commerce,447,432,410,22,22,397,162770,20.21759259,28,5,6,77,5,92,87
2025-08-02,Saturday,31,August,2025,2,Kenya,EMEA,Kenya Hub,CUSTOMER_SUPPORT_CHAT_T1,Email,Enterprise,Customer Support,Tier 1,E-commerce,311,309,305,4,4,481,146705,6.226537217,15,5,6,82,5,90,71
2022-09-26,Monday,39,September,2022,9,Kenya,EMEA,Kenya Hub,EMEA_CORE_EMAIL_T2,Voice,Enterprise,Support,Tier 3,Telecom,459,487,485,2,2,663,321555,2.722792608,34,11,15,94,14,82,67
2022-01-10,Monday,2,January,2022,14,Denmark,EMEA,Denmark Hub,INBOUND_VOICE_TIER1,Chat,Premium,Inbound,Tier 1,Banking,263,287,258,29,29,483,124614,48.80487805,23,4,5,73,4,81,62
2021-03-11,Thursday,10,March,2021,7,Morocco,EMEA,Morocco Hub,OUTBOUND_SALES_T2,Voice,Consumer,Outbound,Tier 3,Healthcare,461,473,457,16,16,688,314416,23.27272727,24,10,12,84,10,92,65
2021-09-16,Thursday,37,September,2021,2,Germany,EMEA,Berlin,EMEA_CHAT_SUPPORT_T1,Voice,Enterprise,Support,Tier 1,Healthcare,395,410,383,27,27,842,322486,55.44878049,34,11,15,91,14,92,67
2024-10-23,Wednesday,43,October,2024,9,Slovenia,EMEA,Slovenia Hub,RETENTION_VOICE_T2,Voice,Enterprise,Retention,Tier 3,Healthcare,141,138,117,21,21,627,73359,95.41304348,19,2,2,89,2,75,82
2025-12-12,Friday,50,December,2025,0,Portugal,EMEA,Portugal Hub,EMEA_CORE_EMAIL_TIER2,Email,Enterprise,Support,Tier 3,Telecom,430,449,422,27,27,723,305106,43.4766147,20,10,12,79,9,71,89
2022-02-24,Thursday,8,February,2022,22,South Africa,EMEA,Cape Town,CUSTOMER_SUPPORT_CHAT_T1,Chat,Enterprise,Customer Support,Tier 1,E-commerce,245,255,243,12,12,247,60021,11.62352941,27,2,3,66,2,72,81
2025-04-23,Wednesday,17,April,2025,3,Belgium,EMEA,Belgium Hub,INBOUND_VOICE_TIER1,Email,Premium,Inbound,Tier 2,Banking,375,357,334,23,23,654,218436,42.13445378,30,7,9,95,9,80,86
2023-08-27,Sunday,34,August,2023,15,Finland,EMEA,Finland Hub,TECH_SUPPORT_EMAIL_T3,Chat,Enterprise,Tech Support,Tier 2,Retail,359,360,358,2,2,841,301078,4.672222222,15,10,12,91,11,71,61
2025-12-14,Sunday,50,December,2025,5,France,EMEA,Paris,RETENTION_VOICE_T2,Chat,Enterprise,Retention,Tier 2,Retail,327,309,302,7,7,511,154322,11.57605178,15,5,6,78,5,85,62
2023-03-04,Saturday,9,March,2023,8,United Kingdom,EMEA,London,EMEA_RETAIL_VOICE_T2,Voice,Enterprise,Support,Tier 2,Healthcare,409,391,375,16,16,817,306375,33.43222506,23,10,12,90,11,82,75
2025-08-25,Monday,35,August,2025,3,Hungary,EMEA,Hungary Hub,EMEA_CHAT_SUPPORT_T1,Chat,Enterprise,Support,Tier 2,Healthcare,370,398,383,15,15,611,234013,23.02763819,16,8,9,65,6,74,63
2025-03-20,Thursday,12,March,2025,13,Iceland,EMEA,Iceland Hub,RETENTION_VOICE_T2,Chat,Premium,Retention,Tier 1,Healthcare,497,491,477,14,14,810,386370,23.09572301,30,13,17,95,16,94,85
2023-07-01,Saturday,26,July,2023,13,South Africa,EMEA,Cape Town,EMEA_EMAIL_SUPPORT_T3,Email,Consumer,Support,Tier 2,E-commerce,357,379,359,20,20,512,183808,27.01846966,32,6,8,85,7,83,89
2024-06-29,Saturday,26,June,2024,22,Czech Republic,EMEA,Czech Republic Hub,EMEA_CHAT_SUPPORT_T1,Chat,Enterprise,Support,Tier 3,Retail,347,368,338,30,30,832,281216,67.82608696,22,9,11,79,9,73,67
2021-10-16,Saturday,41,October,2021,17,Turkey,EMEA,Turkey Hub,TECH_SUPPORT_EMAIL_T3,Voice,Consumer,Tech Support,Tier 2,Telecom,338,342,341,1,1,677,230857,1.979532164,15,8,9,86,8,89,81
2022-03-27,Sunday,12,March,2022,10,Spain,EMEA,Madrid,EMEA_CORE_EMAIL_T2,Chat,Premium,Support,Tier 1,Telecom,161,180,156,24,24,806,125736,107.4666667,25,4,5,75,4,73,90
2022-05-04,Wednesday,18,May,2022,20,Slovakia,EMEA,Slovakia Hub,EMEA_CORE_EMAIL_TIER2,Voice,Premium,Support,Tier 2,Retail,218,219,203,16,16,889,180467,64.94977169,32,6,8,73,6,74,84
2024-05-11,Saturday,19,May,2024,17,Netherlands,EMEA,Amsterdam,INBOUND_VOICE_TIER1,Email,Enterprise,Inbound,Tier 2,Banking,451,436,410,26,26,493,202130,29.39908257,19,7,8,86,7,79,62
2025-08-25,Monday,35,August,2025,8,Poland,EMEA,Poland Hub,EMEA_CORE_EMAIL_TIER2,Voice,Premium,Support,Tier 3,Healthcare,164,184,171,13,13,236,40356,16.67391304,29,1,1,74,1,82,62
2022-03-27,Sunday,12,March,2022,22,Czech Republic,EMEA,Czech Republic Hub,RETENTION_VOICE_T2,Voice,Premium,Retention,Tier 2,Telecom,109,134,107,27,27,766,81962,154.3432836,22,2,2,77,2,95,75
2025-02-07,Friday,6,February,2025,22,Portugal,EMEA,Portugal Hub,INBOUND_VOICE_TIER1,Email,Consumer,Inbound,Tier 3,Healthcare,252,237,236,1,1,477,112572,2.012658228,28,3,4,72,3,89,86
2025-12-27,Saturday,52,December,2025,5,Sweden,EMEA,Sweden Hub,CUSTOMER_SUPPORT_CHAT_T1,Voice,Consumer,Customer Support,Tier 1,Healthcare,118,114,107,7,7,362,38734,22.22807018,24,1,1,69,1,94,70
2021-02-10,Wednesday,6,February,2021,5,Portugal,EMEA,Portugal Hub,EMEA_CHAT_SUPPORT_T1,Voice,Premium,Support,Tier 1,E-commerce,151,137,126,11,11,534,67284,42.87591241,29,2,3,86,3,77,86
2022-09-30,Friday,39,September,2022,0,Greece,EMEA,Greece Hub,INBOUND_VOICE_TIER1,Email,Premium,Inbound,Tier 3,E-commerce,343,343,339,4,4,435,147465,5.072886297,34,5,7,74,5,75,63
2021-03-06,Saturday,9,March,2021,9,Bulgaria,EMEA,Bulgaria Hub,RETENTION_VOICE_T2,Chat,Enterprise,Retention,Tier 3,E-commerce,328,326,314,12,12,729,228906,26.83435583,29,7,9,80,7,84,67
2024-08-15,Thursday,33,August,2024,12,Greece,EMEA,Greece Hub,EMEA_CHAT_SUPPORT_T1,Chat,Consumer,Support,Tier 2,Telecom,285,279,253,26,26,654,165462,60.94623656,15,5,6,80,5,71,79
2023-09-13,Wednesday,37,September,2023,15,Germany,EMEA,Berlin,RETENTION_VOICE_T2,Chat,Premium,Retention,Tier 1,Telecom,121,107,102,5,5,821,83742,38.36448598,34,2,3,73,2,77,82
2022-07-29,Friday,30,July,2022,2,Bulgaria,EMEA,Bulgaria Hub,EMEA_EMAIL_SUPPORT_T3,Voice,Enterprise,Support,Tier 3,Banking,183,188,165,23,23,735,121275,89.92021277,25,4,5,65,3,74,84
2023-08-27,Sunday,34,August,2023,2,Norway,EMEA,Norway Hub,TECH_SUPPORT_EMAIL_T3,Chat,Enterprise,Tech Support,Tier 1,Telecom,372,379,377,2,2,425,160225,2.242744063,20,5,6,66,4,80,69
2024-03-02,Saturday,9,March,2024,16,Kenya,EMEA,Kenya Hub,EMEA_RETAIL_VOICE_T2,Voice,Enterprise,Support,Tier 3,Banking,426,430,422,8,8,316,133352,5.879069767,34,4,5,90,5,80,62
2021-05-30,Sunday,21,May,2021,20,Luxembourg,EMEA,Luxembourg Hub,TECH_SUPPORT_EMAIL_T3,Chat,Consumer,Tech Support,Tier 2,Healthcare,156,181,181,0,0,834,150954,0.0,18,5,6,88,5,82,65
2024-02-16,Friday,7,February,2024,16,Kenya,EMEA,Kenya Hub,TECH_SUPPORT_EMAIL_T3,Chat,Premium,Tech Support,Tier 2,E-commerce,299,287,280,7,7,680,190400,16.58536585,34,6,8,81,6,94,87
2024-10-10,Thursday,41,October,2024,19,Romania,EMEA,Romania Hub,CUSTOMER_SUPPORT_CHAT_T1,Email,Enterprise,Customer Support,Tier 3,Telecom,358,352,328,24,24,361,118408,24.61363636,34,4,5,66,3,76,70
2025-01-11,Saturday,2,January,2025,7,Portugal,EMEA,Portugal Hub,EMEA_EMAIL_SUPPORT_T3,Voice,Premium,Support,Tier 3,E-commerce,303,316,314,2,2,815,255910,5.158227848,35,8,11,77,8,86,79
2021-09-11,Saturday,36,September,2021,14,Russia,EMEA,Russia Hub,TECH_SUPPORT_EMAIL_T3,Voice,Consumer,Tech Support,Tier 1,Telecom,101,93,77,16,16,604,46508,103.9139785,21,1,1,92,1,81,60
2021-01-28,Thursday,4,January,2021,14,Turkey,EMEA,Turkey Hub,INBOUND_VOICE_TIER1,Email,Enterprise,Inbound,Tier 1,Telecom,474,500,496,4,4,583,289168,4.664,29,10,13,83,11,75,87
2025-02-28,Friday,9,February,2025,19,Romania,EMEA,Romania Hub,TECH_SUPPORT_EMAIL_T3,Voice,Enterprise,Tech Support,Tier 2,Retail,69,67,64,3,3,526,33664,23.55223881,29,1,1,92,1,90,84
2023-06-22,Thursday,25,June,2023,3,Finland,EMEA,Finland Hub,EMEA_RETAIL_VOICE_T2,Chat,Consumer,Support,Tier 1,Telecom,276,284,261,23,23,465,121365,37.6584507,23,4,5,66,3,85,84
2021-10-25,Monday,43,October,2021,15,Netherlands,EMEA,Amsterdam,EMEA_CHAT_SUPPORT_T1,Email,Consumer,Support,Tier 2,Healthcare,287,312,299,13,13,813,243087,33.875,35,8,11,65,7,87,65
2022-12-14,Wednesday,50,December,2022,4,Netherlands,EMEA,Amsterdam,INBOUND_VOICE_TIER1,Chat,Enterprise,Inbound,Tier 3,Telecom,472,458,450,8,8,781,351450,13.6419214,29,12,15,76,11,81,68
2023-04-01,Saturday,13,April,2023,2,Finland,EMEA,Finland Hub,OUTBOUND_SALES_T2,Chat,Enterprise,Outbound,Tier 2,Telecom,123,146,130,16,16,896,116480,98.19178082,26,4,5,72,4,76,67
2025-03-06,Thursday,10,March,2025,0,Morocco,EMEA,Morocco Hub,EMEA_CORE_EMAIL_T2,Chat,Premium,Support,Tier 3,Retail,163,155,137,18,18,482,66034,55.97419355,20,2,2,78,2,75,66
2024-05-23,Thursday,21,May,2024,13,United Kingdom,EMEA,London,TECH_SUPPORT_EMAIL_T3,Email,Consumer,Tech Support,Tier 1,Healthcare,480,464,435,29,29,334,145290,20.875,17,5,6,95,6,80,60
2025-11-20,Thursday,47,November,2025,7,Slovakia,EMEA,Slovakia Hub,TECH_SUPPORT_EMAIL_T3,Email,Consumer,Tech Support,Tier 3,Retail,470,452,450,2,2,715,321750,3.163716814,30,11,14,85,12,90,74
2022-10-10,Monday,41,October,2022,5,Czech Republic,EMEA,Czech Republic Hub,EMEA_EMAIL_SUPPORT_T3,Email,Consumer,Support,Tier 2,Telecom,287,273,256,17,17,785,200960,48.88278388,20,6,7,78,5,85,89
2022-12-11,Sunday,49,December,2022,15,Ireland,EMEA,Dublin,TECH_SUPPORT_EMAIL_T3,Chat,Enterprise,Tech Support,Tier 2,Healthcare,401,395,395,0,0,550,217250,0.0,22,7,9,74,7,73,60
2024-08-08,Thursday,32,August,2024,17,Slovenia,EMEA,Slovenia Hub,RETENTION_VOICE_T2,Chat,Premium,Retention,Tier 2,Healthcare,162,165,149,16,16,735,109515,71.27272727,33,3,4,89,4,75,71
2022-11-03,Thursday,44,November,2022,20,Czech Republic,EMEA,Czech Republic Hub,CUSTOMER_SUPPORT_CHAT_T1,Chat,Consumer,Customer Support,Tier 3,Banking,117,117,104,13,13,420,43680,46.66666667,29,1,1,78,1,88,85
2022-04-09,Saturday,14,April,2022,2,Russia,EMEA,Russia Hub,RETENTION_VOICE_T2,Voice,Enterprise,Retention,Tier 3,Telecom,352,381,374,7,7,807,301818,14.82677165,28,10,13,81,11,93,76
2023-02-24,Friday,8,February,2023,20,Portugal,EMEA,Portugal Hub,EMEA_CHAT_SUPPORT_T1,Chat,Premium,Support,Tier 2,Healthcare,90,120,100,20,20,568,56800,94.66666667,17,1,1,94,1,81,85
2022-09-13,Tuesday,37,September,2022,6,Israel,EMEA,Israel Hub,INBOUND_VOICE_TIER1,Voice,Consumer,Inbound,Tier 1,Retail,222,220,203,17,17,239,48517,18.46818182,15,1,1,81,1,85,78
2023-05-23,Tuesday,21,May,2023,5,Czech Republic,EMEA,Czech Republic Hub,OUTBOUND_SALES_T2,Email,Premium,Outbound,Tier 2,Healthcare,187,209,206,3,3,811,167066,11.64114833,17,5,6,81,5,85,67
2023-08-27,Sunday,34,August,2023,22,Turkey,EMEA,Turkey Hub,EMEA_CORE_EMAIL_TIER2,Chat,Premium,Support,Tier 2,Retail,488,509,487,22,22,492,239604,21.26522593,17,8,9,93,8,76,63
2023-09-14,Thursday,37,September,2023,2,Hungary,EMEA,Hungary Hub,EMEA_CHAT_SUPPORT_T1,Email,Consumer,Support,Tier 3,Retail,169,150,128,22,22,469,60032,68.78666667,34,2,3,75,2,83,65
2024-10-02,Wednesday,40,October,2024,7,Italy,EMEA,Rome,OUTBOUND_SALES_T2,Email,Enterprise,Outbound,Tier 1,Banking,74,78,48,30,30,471,22608,181.1538462,15,0,0,77,0,95,61
2023-10-31,Tuesday,44,October,2023,0,Romania,EMEA,Romania Hub,TECH_SUPPORT_EMAIL_T3,Voice,Premium,Tech Support,Tier 3,Banking,153,176,164,12,12,417,68388,28.43181818,20,2,2,91,2,82,78
2022-09-01,Thursday,35,September,2022,10,Italy,EMEA,Rome,EMEA_RETAIL_VOICE_T2,Chat,Consumer,Support,Tier 2,Retail,253,237,216,21,21,671,144936,59.4556962,30,5,7,67,5,86,82
2023-03-28,Tuesday,13,March,2023,14,Belgium,EMEA,Belgium Hub,RETENTION_VOICE_T2,Email,Enterprise,Retention,Tier 2,Retail,110,94,72,22,22,460,33120,107.6595745,32,1,1,71,1,86,73
2022-06-11,Saturday,23,June,2022,14,Spain,EMEA,Madrid,INBOUND_VOICE_TIER1,Chat,Premium,Inbound,Tier 1,Retail,498,518,513,5,5,486,249318,4.691119691,27,8,10,82,8,90,73
2024-03-23,Saturday,12,March,2024,20,Portugal,EMEA,Portugal Hub,OUTBOUND_SALES_T2,Chat,Premium,Outbound,Tier 2,Healthcare,317,345,325,20,20,310,100750,17.97101449,31,3,4,83,3,79,66
2021-02-17,Wednesday,7,February,2021,22,United Kingdom,EMEA,London,EMEA_RETAIL_VOICE_T2,Voice,Premium,Support,Tier 3,Banking,243,242,220,22,22,887,195140,80.63636364,23,6,7,92,6,73,60
2025-01-06,Monday,2,January,2025,21,Slovakia,EMEA,Slovakia Hub,TECH_SUPPORT_EMAIL_T3,Voice,Premium,Tech Support,Tier 3,Retail,138,146,135,11,11,896,120960,67.50684932,21,4,5,90,5,77,68
2023-09-04,Monday,36,September,2023,21,Portugal,EMEA,Portugal Hub,EMEA_RETAIL_VOICE_T2,Chat,Premium,Support,Tier 1,Healthcare,199,190,160,30,30,692,110720,109.2631579,31,3,4,93,4,78,66
2021-03-18,Thursday,11,March,2021,20,Luxembourg,EMEA,Luxembourg Hub,EMEA_CORE_EMAIL_T2,Email,Premium,Support,Tier 3,Telecom,430,410,410,0,0,671,275110,0.0,27,9,11,71,8,73,63
2021-02-11,Thursday,6,February,2021,21,Germany,EMEA,Berlin,TECH_SUPPORT_EMAIL_T3,Chat,Consumer,Tech Support,Tier 2,E-commerce,345,358,355,3,3,731,259505,6.125698324,21,9,11,87,10,81,66
2024-08-15,Thursday,33,August,2024,16,Denmark,EMEA,Denmark Hub,EMEA_CORE_EMAIL_T2,Voice,Enterprise,Support,Tier 2,Healthcare,324,323,298,25,25,646,192508,50.0,28,6,8,73,6,72,77
2023-08-24,Thursday,34,August,2023,19,Norway,EMEA,Norway Hub,INBOUND_VOICE_TIER1,Chat,Enterprise,Inbound,Tier 1,Telecom,337,332,313,19,19,458,143354,26.21084337,22,4,5,94,5,77,62
2022-09-10,Saturday,36,September,2022,0,Luxembourg,EMEA,Luxembourg Hub,EMEA_CORE_EMAIL_T2,Chat,Consumer,Support,Tier 1,E-commerce,387,399,398,1,1,678,269844,1.69924812,29,9,12,67,8,71,84
2023-12-05,Tuesday,49,December,2023,18,Portugal,EMEA,Portugal Hub,EMEA_CHAT_SUPPORT_T1,Chat,Premium,Support,Tier 2,E-commerce,163,152,147,5,5,500,73500,16.44736842,19,2,2,79,2,75,70
2025-02-12,Wednesday,7,February,2025,13,Bulgaria,EMEA,Bulgaria Hub,OUTBOUND_SALES_T2,Email,Enterprise,Outbound,Tier 2,Healthcare,384,409,409,0,0,827,338243,0.0,23,11,14,88,12,82,77
2022-08-16,Tuesday,33,August,2022,12,Ireland,EMEA,Dublin,RETENTION_VOICE_T2,Email,Premium,Retention,Tier 1,E-commerce,418,412,395,17,17,429,169455,17.70145631,23,5,6,73,4,89,88
2022-11-30,Wednesday,48,November,2022,20,Ireland,EMEA,Dublin,EMEA_CHAT_SUPPORT_T1,Email,Enterprise,Support,Tier 1,Healthcare,319,334,320,14,14,788,252160,33.02994012,27,8,10,93,9,78,64
2024-12-15,Sunday,50,December,2024,20,Finland,EMEA,Finland Hub,EMEA_CHAT_SUPPORT_T1,Voice,Enterprise,Support,Tier 3,E-commerce,425,421,400,21,21,303,121200,15.11401425,16,4,5,90,5,71,74
2021-08-31,Tuesday,35,August,2021,22,France,EMEA,Paris,EMEA_EMAIL_SUPPORT_T3,Voice,Enterprise,Support,Tier 1,E-commerce,475,472,470,2,2,787,369890,3.334745763,24,12,15,87,13,87,86
2021-05-06,Thursday,18,May,2021,3,Kenya,EMEA,Kenya Hub,OUTBOUND_SALES_T2,Chat,Premium,Outbound,Tier 3,Banking,345,335,315,20,20,401,126315,23.94029851,30,4,5,87,4,86,74
2023-09-18,Monday,38,September,2023,18,Ireland,EMEA,Dublin,CUSTOMER_SUPPORT_CHAT_T1,Voice,Consumer,Customer Support,Tier 3,Retail,447,460,446,14,14,469,209174,14.27391304,17,7,8,81,6,90,64
2024-03-04,Monday,10,March,2024,17,Morocco,EMEA,Morocco Hub,EMEA_CORE_EMAIL_TIER2,Voice,Premium,Support,Tier 2,Banking,431,455,448,7,7,892,399616,13.72307692,18,13,15,79,12,77,68
2021-04-08,Thursday,14,April,2021,12,Germany,EMEA,Berlin,EMEA_RETAIL_VOICE_T2,Email,Premium,Support,Tier 2,Healthcare,246,255,232,23,23,844,195808,76.1254902,18,6,7,92,6,91,83
2022-11-08,Tuesday,45,November,2022,9,Poland,EMEA,Poland Hub,EMEA_RETAIL_VOICE_T2,Email,Enterprise,Support,Tier 2,Telecom,494,513,500,13,13,561,280500,14.21637427,31,9,12,87,10,93,73
2024-10-07,Monday,41,October,2024,19,Greece,EMEA,Greece Hub,EMEA_CORE_EMAIL_T2,Voice,Enterprise,Support,Tier 1,Banking,427,446,424,22,22,605,256520,29.84304933,33,8,11,71,8,88,64
2024-04-04,Thursday,14,April,2024,10,Israel,EMEA,Israel Hub,RETENTION_VOICE_T2,Chat,Premium,Retention,Tier 3,Retail,480,477,465,12,12,339,157635,8.528301887,27,5,6,79,5,90,62
2024-04-22,Monday,17,April,2024,22,Poland,EMEA,Poland Hub,INBOUND_VOICE_TIER1,Email,Premium,Inbound,Tier 1,Banking,485,512,505,7,7,559,282295,7.642578125,27,9,11,66,7,90,81
2023-12-13,Wednesday,50,December,2023,5,Denmark,EMEA,Denmark Hub,TECH_SUPPORT_EMAIL_T3,Chat,Premium,Tech Support,Tier 1,Telecom,66,81,52,29,29,342,17784,122.4444444,27,0,0,76,0,77,60
2021-05-19,Wednesday,20,May,2021,23,Germany,EMEA,Berlin,EMEA_EMAIL_SUPPORT_T3,Chat,Consumer,Support,Tier 2,Healthcare,314,314,288,26,26,244,70272,20.20382166,27,2,3,69,2,79,68
2025-10-30,Thursday,44,October,2025,20,Romania,EMEA,Romania Hub,CUSTOMER_SUPPORT_CHAT_T1,Voice,Enterprise,Customer Support,Tier 2,Banking,469,469,448,21,21,677,303296,30.31343284,22,10,12,90,11,83,68
2023-10-30,Monday,44,October,2023,1,France,EMEA,Paris,EMEA_CORE_EMAIL_TIER2,Voice,Consumer,Support,Tier 2,Banking,426,455,438,17,17,779,341202,29.10549451,34,11,15,90,14,72,68
2021-07-25,Sunday,29,July,2021,22,Luxembourg,EMEA,Luxembourg Hub,EMEA_CORE_EMAIL_TIER2,Voice,Consumer,Support,Tier 2,Banking,244,255,226,29,29,517,116842,58.79607843,29,4,5,89,4,80,90
2021-02-04,Thursday,5,February,2021,13,Czech Republic,EMEA,Czech Republic Hub,INBOUND_VOICE_TIER1,Voice,Enterprise,Inbound,Tier 2,Banking,249,271,245,26,26,732,179340,70.22878229,18,6,7,71,5,83,90
2022-04-26,Tuesday,17,April,2022,6,Morocco,EMEA,Morocco Hub,RETENTION_VOICE_T2,Voice,Enterprise,Retention,Tier 3,Telecom,213,241,213,28,28,556,118428,64.59751037,28,4,5,66,3,72,74
2023-10-23,Monday,43,October,2023,1,Norway,EMEA,Norway Hub,RETENTION_VOICE_T2,Voice,Enterprise,Retention,Tier 2,Telecom,393,374,372,2,2,344,127968,1.839572193,19,4,5,71,4,74,72
2021-09-07,Tuesday,36,September,2021,10,Netherlands,EMEA,Amsterdam,EMEA_CORE_EMAIL_T2,Voice,Enterprise,Support,Tier 1,Retail,316,342,332,10,10,689,228748,20.14619883,18,7,8,68,5,70,82
2022-03-06,Sunday,9,March,2022,4,Spain,EMEA,Madrid,EMEA_EMAIL_SUPPORT_T3,Chat,Consumer,Support,Tier 2,Healthcare,141,125,121,4,4,315,38115,10.08,29,1,1,79,1,95,73
2022-12-28,Wednesday,52,December,2022,1,Iceland,EMEA,Iceland Hub,OUTBOUND_SALES_T2,Voice,Premium,Outbound,Tier 1,Telecom,288,311,282,29,29,550,155100,51.28617363,16,5,6,95,6,86,87
2022-04-13,Wednesday,15,April,2022,23,Ukraine,EMEA,Ukraine Hub,EMEA_CORE_EMAIL_T2,Chat,Consumer,Support,Tier 3,Banking,262,283,262,21,21,622,162964,46.15547703,22,5,6,76,5,78,83
2023-11-02,Thursday,44,November,2023,10,Portugal,EMEA,Portugal Hub,RETENTION_VOICE_T2,Chat,Enterprise,Retention,Tier 2,E-commerce,499,517,487,30,30,422,205514,24.48742747,20,7,8,86,7,95,85
2021-02-10,Wednesday,6,February,2021,14,Norway,EMEA,Norway Hub,INBOUND_VOICE_TIER1,Voice,Enterprise,Inbound,Tier 2,Telecom,424,430,403,27,27,292,117676,18.33488372,30,4,5,88,4,91,86
2022-05-12,Thursday,19,May,2022,0,Czech Republic,EMEA,Czech Republic Hub,EMEA_RETAIL_VOICE_T2,Chat,Premium,Support,Tier 2,Healthcare,430,445,415,30,30,776,322040,52.31460674,34,11,15,80,12,70,66
2022-04-17,Sunday,15,April,2022,15,Poland,EMEA,Poland Hub,CUSTOMER_SUPPORT_CHAT_T1,Voice,Consumer,Customer Support,Tier 2,Banking,443,442,432,10,10,562,242784,12.71493213,34,8,11,78,9,81,75
2021-09-07,Tuesday,36,September,2021,5,Russia,EMEA,Russia Hub,EMEA_EMAIL_SUPPORT_T3,Chat,Consumer,Support,Tier 1,Telecom,221,225,203,22,22,269,54607,26.30222222,35,1,1,95,1,85,76
2024-12-03,Tuesday,49,December,2024,5,Greece,EMEA,Greece Hub,RETENTION_VOICE_T2,Voice,Consumer,Retention,Tier 3,Healthcare,459,465,446,19,19,271,120866,11.07311828,20,4,5,94,5,86,65
2021-06-14,Monday,24,June,2021,5,Italy,EMEA,Rome,TECH_SUPPORT_EMAIL_T3,Voice,Premium,Tech Support,Tier 1,Telecom,120,123,96,27,27,610,58560,133.902439,16,2,2,70,1,92,81
2021-05-02,Sunday,17,May,2021,18,Portugal,EMEA,Portugal Hub,EMEA_RETAIL_VOICE_T2,Chat,Premium,Support,Tier 2,Retail,247,250,222,28,28,377,83694,42.224,35,2,3,77,2,95,86
2021-01-25,Monday,4,January,2021,21,Portugal,EMEA,Portugal Hub,EMEA_CHAT_SUPPORT_T1,Voice,Consumer,Support,Tier 2,Banking,415,408,401,7,7,275,110275,4.718137255,26,3,4,67,3,80,73
2021-08-23,Monday,34,August,2021,10,Greece,EMEA,Greece Hub,INBOUND_VOICE_TIER1,Voice,Enterprise,Inbound,Tier 2,Banking,69,76,67,9,9,181,12127,21.43421053,24,0,0,90,0,90,87
2025-12-28,Sunday,52,December,2025,5,France,EMEA,Paris,EMEA_CHAT_SUPPORT_T1,Voice,Consumer,Support,Tier 3,Banking,62,85,82,3,3,808,66256,28.51764706,35,2,3,85,3,73,70
2024-06-25,Tuesday,26,June,2024,11,Morocco,EMEA,Morocco Hub,EMEA_CHAT_SUPPORT_T1,Email,Enterprise,Support,Tier 1,Healthcare,402,420,420,0,0,418,175560,0.0,15,6,7,65,5,89,80
2021-02-06,Saturday,5,February,2021,10,Portugal,EMEA,Portugal Hub,TECH_SUPPORT_EMAIL_T3,Email,Premium,Tech Support,Tier 2,Banking,128,128,109,19,19,348,37932,51.65625,32,1,1,82,1,71,84
2023-03-20,Monday,12,March,2023,4,Ukraine,EMEA,Ukraine Hub,EMEA_CHAT_SUPPORT_T1,Email,Premium,Support,Tier 2,Banking,336,332,306,26,26,282,86292,22.08433735,24,2,2,93,2,78,88
2023-04-18,Tuesday,16,April,2023,23,Greece,EMEA,Greece Hub,EMEA_EMAIL_SUPPORT_T3,Voice,Enterprise,Support,Tier 1,Healthcare,80,74,64,10,10,458,29312,61.89189189,23,1,1,79,1,87,84
2025-07-10,Thursday,28,July,2025,17,Morocco,EMEA,Morocco Hub,INBOUND_VOICE_TIER1,Email,Premium,Inbound,Tier 1,Banking,490,501,493,8,8,495,244035,7.904191617,25,8,10,91,9,76,69
2024-11-26,Tuesday,48,November,2024,19,Kenya,EMEA,Kenya Hub,OUTBOUND_SALES_T2,Chat,Consumer,Outbound,Tier 1,Banking,232,212,202,10,10,564,113928,26.60377358,17,3,4,66,3,93,67
2024-02-01,Thursday,5,February,2024,0,Hungary,EMEA,Hungary Hub,EMEA_CORE_EMAIL_T2,Email,Premium,Support,Tier 2,E-commerce,483,475,467,8,8,594,277398,10.00421053,17,9,11,76,8,86,75
2024-05-26,Sunday,21,May,2024,19,Belgium,EMEA,Belgium Hub,CUSTOMER_SUPPORT_CHAT_T1,Chat,Consumer,Customer Support,Tier 1,Banking,296,302,273,29,29,393,107289,37.7384106,32,3,4,72,3,88,62
2022-09-30,Friday,39,September,2022,17,Romania,EMEA,Romania Hub,OUTBOUND_SALES_T2,Voice,Premium,Outbound,Tier 3,Telecom,397,417,397,20,20,879,348963,42.15827338,21,12,15,79,12,75,82
2021-11-09,Tuesday,45,November,2021,18,Belgium,EMEA,Belgium Hub,RETENTION_VOICE_T2,Email,Consumer,Retention,Tier 3,Retail,416,406,385,21,21,307,118195,15.87931034,25,4,5,68,3,92,79
2024-11-25,Monday,48,November,2024,19,Poland,EMEA,Poland Hub,EMEA_RETAIL_VOICE_T2,Voice,Consumer,Support,Tier 1,Retail,227,207,183,24,24,482,88206,55.88405797,16,3,3,92,3,79,76
2024-09-13,Friday,37,September,2024,11,Ukraine,EMEA,Ukraine Hub,EMEA_CORE_EMAIL_T2,Chat,Consumer,Support,Tier 3,E-commerce,388,412,390,22,22,764,297960,40.7961165,28,10,13,90,12,85,73
2021-04-11,Sunday,14,April,2021,20,Kenya,EMEA,Kenya Hub,INBOUND_VOICE_TIER1,Email,Consumer,Inbound,Tier 2,Banking,204,233,231,2,2,772,178332,6.626609442,29,6,8,68,5,71,79
2022-05-30,Monday,22,May,2022,14,Finland,EMEA,Finland Hub,OUTBOUND_SALES_T2,Email,Consumer,Outbound,Tier 2,Healthcare,149,167,165,2,2,231,38115,2.766467066,32,1,1,85,1,76,73
2022-12-30,Friday,52,December,2022,20,Netherlands,EMEA,Amsterdam,INBOUND_VOICE_TIER1,Chat,Consumer,Inbound,Tier 1,Retail,287,277,252,25,25,237,59724,21.3898917,34,2,3,76,2,76,68
2023-06-19,Monday,25,June,2023,20,Belgium,EMEA,Belgium Hub,EMEA_CORE_EMAIL_T2,Chat,Enterprise,Support,Tier 2,E-commerce,444,453,423,30,30,346,146358,22.91390728,33,5,7,73,5,87,70
2022-03-22,Tuesday,12,March,2022,19,Romania,EMEA,Romania Hub,TECH_SUPPORT_EMAIL_T3,Email,Consumer,Tech Support,Tier 1,Healthcare,188,186,171,15,15,210,35910,16.93548387,17,1,1,72,1,87,83
2025-07-05,Saturday,27,July,2025,13,Portugal,EMEA,Portugal Hub,EMEA_RETAIL_VOICE_T2,Chat,Premium,Support,Tier 1,Banking,460,463,451,12,12,798,359898,20.6825054,15,12,14,93,13,76,64
2024-09-18,Wednesday,38,September,2024,3,Slovenia,EMEA,Slovenia Hub,EMEA_RETAIL_VOICE_T2,Voice,Premium,Support,Tier 3,Healthcare,350,342,336,6,6,482,161952,8.456140351,23,5,6,88,5,73,60
2021-07-14,Wednesday,28,July,2021,11,Sweden,EMEA,Sweden Hub,EMEA_EMAIL_SUPPORT_T3,Chat,Consumer,Support,Tier 3,E-commerce,343,367,353,14,14,512,180736,19.53133515,21,6,7,85,6,73,79
2022-03-29,Tuesday,13,March,2022,2,Slovakia,EMEA,Slovakia Hub,CUSTOMER_SUPPORT_CHAT_T1,Email,Consumer,Customer Support,Tier 1,Telecom,253,248,232,16,16,287,66584,18.51612903,18,2,2,76,2,92,77
2025-11-05,Wednesday,45,November,2025,9,Denmark,EMEA,Denmark Hub,EMEA_CHAT_SUPPORT_T1,Chat,Premium,Support,Tier 1,E-commerce,68,73,70,3,3,331,23170,13.60273973,17,0,0,73,0,91,74
2022-06-21,Tuesday,25,June,2022,1,Hungary,EMEA,Hungary Hub,EMEA_RETAIL_VOICE_T2,Chat,Premium,Support,Tier 1,Healthcare,447,444,429,15,15,429,184041,14.49324324,25,6,8,83,7,77,69
2021-12-28,Tuesday,52,December,2021,20,Turkey,EMEA,Turkey Hub,TECH_SUPPORT_EMAIL_T3,Voice,Consumer,Tech Support,Tier 1,Retail,296,305,290,15,15,251,72790,12.3442623,25,2,3,87,3,74,77
2022-10-01,Saturday,39,October,2022,20,Romania,EMEA,Romania Hub,INBOUND_VOICE_TIER1,Voice,Consumer,Inbound,Tier 2,Retail,327,330,305,25,25,320,97600,24.24242424,35,3,4,95,4,70,66
2021-05-19,Wednesday,20,May,2021,12,Ukraine,EMEA,Ukraine Hub,CUSTOMER_SUPPORT_CHAT_T1,Chat,Enterprise,Customer Support,Tier 3,Retail,490,488,480,8,8,540,259200,8.852459016,35,9,12,71,9,74,61
2021-06-16,Wednesday,24,June,2021,19,Netherlands,EMEA,Amsterdam,INBOUND_VOICE_TIER1,Voice,Consumer,Inbound,Tier 3,Retail,450,441,423,18,18,455,192465,18.57142857,34,6,8,75,6,94,61
2022-11-06,Sunday,44,November,2022,23,Spain,EMEA,Madrid,EMEA_CORE_EMAIL_T2,Chat,Premium,Support,Tier 2,Retail,304,325,302,23,23,516,155832,36.51692308,16,5,6,67,4,79,68
2024-01-07,Sunday,1,January,2024,23,Belgium,EMEA,Belgium Hub,EMEA_RETAIL_VOICE_T2,Voice,Premium,Support,Tier 3,Banking,260,282,264,18,18,828,218592,52.85106383,21,7,8,74,6,91,64
2024-04-28,Sunday,17,April,2024,6,Germany,EMEA,Berlin,EMEA_RETAIL_VOICE_T2,Email,Consumer,Support,Tier 1,Retail,373,362,354,8,8,396,140184,8.751381216,22,4,5,75,4,71,68
2025-05-29,Thursday,22,May,2025,9,Greece,EMEA,Greece Hub,EMEA_CHAT_SUPPORT_T1,Chat,Premium,Support,Tier 3,E-commerce,150,134,110,24,24,346,38060,61.97014925,23,1,1,70,1,73,67
2022-01-19,Wednesday,3,January,2022,18,Portugal,EMEA,Portugal Hub,OUTBOUND_SALES_T2,Voice,Consumer,Outbound,Tier 3,Retail,428,457,455,2,2,262,119210,1.146608315,17,4,5,78,4,73,69
2021-01-12,Tuesday,2,January,2021,0,South Africa,EMEA,Cape Town,OUTBOUND_SALES_T2,Voice,Consumer,Outbound,Tier 2,Retail,223,222,193,29,29,191,36863,24.95045045,26,1,1,65,1,86,79
2021-03-29,Monday,13,March,2021,17,Bulgaria,EMEA,Bulgaria Hub,RETENTION_VOICE_T2,Voice,Enterprise,Retention,Tier 1,E-commerce,180,200,183,17,17,339,62037,28.815,31,2,3,80,2,71,74
2023-08-22,Tuesday,34,August,2023,1,Greece,EMEA,Greece Hub,EMEA_CHAT_SUPPORT_T1,Email,Enterprise,Support,Tier 2,Banking,294,317,306,11,11,808,247248,28.03785489,16,8,9,66,6,75,65
2025-09-17,Wednesday,38,September,2025,10,Spain,EMEA,Madrid,EMEA_EMAIL_SUPPORT_T3,Email,Premium,Support,Tier 3,Telecom,78,93,90,3,3,310,27900,10.0,19,0,0,78,0,77,89
2025-06-29,Sunday,26,June,2025,14,Portugal,EMEA,Portugal Hub,RETENTION_VOICE_T2,Email,Consumer,Retention,Tier 2,Banking,240,268,257,11,11,309,79413,12.68283582,29,2,3,81,2,84,78
2022-04-25,Monday,17,April,2022,14,Greece,EMEA,Greece Hub,CUSTOMER_SUPPORT_CHAT_T1,Voice,Premium,Customer Support,Tier 2,Retail,100,109,103,6,6,409,42127,22.51376147,27,1,1,75,1,71,76
2021-09-15,Wednesday,37,September,2021,16,Israel,EMEA,Israel Hub,TECH_SUPPORT_EMAIL_T3,Voice,Consumer,Tech Support,Tier 2,Telecom,100,121,109,12,12,867,94503,85.98347107,25,3,4,86,3,86,66
2025-01-27,Monday,5,January,2025,23,France,EMEA,Paris,RETENTION_VOICE_T2,Email,Enterprise,Retention,Tier 2,Telecom,447,437,423,14,14,841,355743,26.94279176,28,12,15,81,12,74,71
2022-08-18,Thursday,33,August,2022,22,Ireland,EMEA,Dublin,EMEA_CORE_EMAIL_TIER2,Chat,Premium,Support,Tier 3,Retail,494,523,509,14,14,210,106890,5.621414914,28,3,4,70,3,92,63
2023-02-12,Sunday,6,February,2023,20,Israel,EMEA,Israel Hub,EMEA_CHAT_SUPPORT_T1,Voice,Consumer,Support,Tier 3,Banking,459,460,454,6,6,353,160262,4.604347826,34,5,7,74,5,85,77
2024-10-25,Friday,43,October,2024,15,Italy,EMEA,Rome,OUTBOUND_SALES_T2,Email,Premium,Outbound,Tier 2,Retail,297,295,279,16,16,851,237429,46.1559322,26,8,10,79,8,70,69
2021-07-08,Thursday,27,July,2021,5,Iceland,EMEA,Iceland Hub,RETENTION_VOICE_T2,Voice,Enterprise,Retention,Tier 1,Telecom,393,387,371,16,16,495,183645,20.46511628,24,6,7,91,6,89,78
2023-07-02,Sunday,26,July,2023,3,Bulgaria,EMEA,Bulgaria Hub,TECH_SUPPORT_EMAIL_T3,Voice,Enterprise,Tech Support,Tier 2,Telecom,93,114,105,9,9,530,55650,41.84210526,32,1,1,75,1,95,64
2024-09-11,Wednesday,37,September,2024,16,Poland,EMEA,Poland Hub,EMEA_CHAT_SUPPORT_T1,Email,Enterprise,Support,Tier 1,E-commerce,182,180,168,12,12,268,45024,17.86666667,31,1,1,77,1,83,86
2021-12-09,Thursday,49,December,2021,9,Bulgaria,EMEA,Bulgaria Hub,OUTBOUND_SALES_T2,Email,Consumer,Outbound,Tier 3,E-commerce,227,224,212,12,12,319,67628,17.08928571,28,2,3,95,3,88,88
2023-09-18,Monday,38,September,2023,7,Czech Republic,EMEA,Czech Republic Hub,EMEA_RETAIL_VOICE_T2,Voice,Consumer,Support,Tier 1,Telecom,155,176,155,21,21,562,87110,67.05681818,19,3,4,66,3,80,76
2023-01-30,Monday,5,January,2023,15,Czech Republic,EMEA,Czech Republic Hub,OUTBOUND_SALES_T2,Voice,Enterprise,Outbound,Tier 3,Retail,436,422,397,25,25,597,237009,35.36729858,26,8,10,86,9,87,67
2025-06-28,Saturday,26,June,2025,7,Luxembourg,EMEA,Luxembourg Hub,EMEA_EMAIL_SUPPORT_T3,Voice,Consumer,Support,Tier 2,E-commerce,76,60,39,21,21,822,32058,287.7,20,1,1,66,1,73,60
2023-07-17,Monday,29,July,2023,19,Ireland,EMEA,Dublin,EMEA_RETAIL_VOICE_T2,Email,Premium,Support,Tier 1,Telecom,197,206,189,17,17,646,122094,53.31067961,35,4,5,84,4,82,87
2025-08-13,Wednesday,33,August,2025,17,Germany,EMEA,Berlin,EMEA_CORE_EMAIL_TIER2,Voice,Consumer,Support,Tier 3,Healthcare,151,146,146,0,0,882,128772,0.0,33,4,5,65,3,82,89
2025-10-01,Wednesday,40,October,2025,23,South Africa,EMEA,Cape Town,TECH_SUPPORT_EMAIL_T3,Email,Consumer,Tech Support,Tier 2,Healthcare,329,314,301,13,13,216,65016,8.942675159,25,2,3,69,2,90,83
2021-05-01,Saturday,17,May,2021,23,Israel,EMEA,Israel Hub,TECH_SUPPORT_EMAIL_T3,Email,Enterprise,Tech Support,Tier 3,Retail,436,460,454,6,6,363,164802,4.734782609,24,5,6,66,4,80,71
2022-05-03,Tuesday,18,May,2022,17,United Kingdom,EMEA,London,INBOUND_VOICE_TIER1,Chat,Premium,Inbound,Tier 3,Healthcare,201,182,173,9,9,255,44115,12.60989011,33,1,1,83,1,75,76
2025-12-14,Sunday,50,December,2025,3,Poland,EMEA,Poland Hub,TECH_SUPPORT_EMAIL_T3,Email,Premium,Tech Support,Tier 2,Telecom,169,157,141,16,16,277,39057,28.22929936,33,1,1,91,1,88,63
2022-05-05,Thursday,18,May,2022,13,Czech Republic,EMEA,Czech Republic Hub,RETENTION_VOICE_T2,Voice,Consumer,Retention,Tier 2,Banking,131,160,152,8,8,604,91808,30.2,31,3,4,75,3,90,61
2024-12-21,Saturday,51,December,2024,15,South Africa,EMEA,Cape Town,INBOUND_VOICE_TIER1,Email,Consumer,Inbound,Tier 2,Retail,160,182,176,6,6,558,98208,18.3956044,25,3,4,82,3,93,89
2022-08-20,Saturday,33,August,2022,14,Ukraine,EMEA,Ukraine Hub,EMEA_RETAIL_VOICE_T2,Voice,Premium,Support,Tier 3,E-commerce,481,465,437,28,28,666,291042,40.10322581,27,10,13,81,11,95,83
2021-12-21,Tuesday,51,December,2021,23,Slovakia,EMEA,Slovakia Hub,INBOUND_VOICE_TIER1,Email,Enterprise,Inbound,Tier 1,E-commerce,273,258,253,5,5,538,136114,10.42635659,19,4,5,89,4,80,78
2022-03-25,Friday,12,March,2022,20,Spain,EMEA,Madrid,EMEA_CHAT_SUPPORT_T1,Voice,Enterprise,Support,Tier 3,Telecom,224,231,203,28,28,333,67599,40.36363636,16,2,2,91,2,94,64
2025-12-01,Monday,49,December,2025,6,Turkey,EMEA,Turkey Hub,EMEA_EMAIL_SUPPORT_T3,Chat,Premium,Support,Tier 1,Telecom,111,140,116,24,24,829,96164,142.1142857,29,3,4,82,3,81,79
2023-06-21,Wednesday,25,June,2023,22,Belgium,EMEA,Belgium Hub,TECH_SUPPORT_EMAIL_T3,Voice,Premium,Tech Support,Tier 1,Banking,283,270,256,14,14,449,114944,23.28148148,25,3,4,89,4,79,90
2025-05-31,Saturday,22,May,2025,2,Luxembourg,EMEA,Luxembourg Hub,EMEA_CORE_EMAIL_T2,Voice,Consumer,Support,Tier 1,Banking,51,32,3,29,29,267,801,241.96875,35,0,0,90,0,91,87
2024-11-05,Tuesday,45,November,2024,6,Poland,EMEA,Poland Hub,EMEA_CORE_EMAIL_TIER2,Voice,Premium,Support,Tier 2,E-commerce,164,188,188,0,0,771,144948,0.0,29,5,6,95,6,77,62
2022-04-14,Thursday,15,April,2022,21,Denmark,EMEA,Denmark Hub,RETENTION_VOICE_T2,Chat,Consumer,Retention,Tier 2,Retail,109,125,125,0,0,402,50250,0.0,34,1,1,72,1,73,87
2025-09-23,Tuesday,39,September,2025,8,Luxembourg,EMEA,Luxembourg Hub,EMEA_EMAIL_SUPPORT_T3,Chat,Enterprise,Support,Tier 2,E-commerce,72,79,54,25,25,251,13554,79.43037975,15,0,0,89,0,82,65
2024-04-15,Monday,16,April,2024,16,Germany,EMEA,Berlin,OUTBOUND_SALES_T2,Voice,Premium,Outbound,Tier 1,E-commerce,453,439,439,0,0,247,108433,0.0,33,3,4,84,3,86,87
2021-07-10,Saturday,27,July,2021,8,Czech Republic,EMEA,Czech Republic Hub,CUSTOMER_SUPPORT_CHAT_T1,Chat,Premium,Customer Support,Tier 2,Healthcare,422,449,445,4,4,584,259880,5.202672606,17,9,11,84,9,81,66
2025-07-23,Wednesday,30,July,2025,4,Israel,EMEA,Israel Hub,OUTBOUND_SALES_T2,Email,Consumer,Outbound,Tier 3,E-commerce,341,364,334,30,30,721,240814,59.42307692,25,8,10,95,10,90,81
2022-11-19,Saturday,46,November,2022,15,Hungary,EMEA,Hungary Hub,EMEA_RETAIL_VOICE_T2,Email,Premium,Support,Tier 3,E-commerce,192,196,184,12,12,209,38456,12.79591837,26,1,1,92,1,79,74
2024-12-27,Friday,52,December,2024,16,Israel,EMEA,Israel Hub,CUSTOMER_SUPPORT_CHAT_T1,Chat,Consumer,Customer Support,Tier 3,E-commerce,437,431,429,2,2,807,346203,3.744779582,34,12,16,72,12,78,84
2025-03-30,Sunday,13,March,2025,7,Bulgaria,EMEA,Bulgaria Hub,TECH_SUPPORT_EMAIL_T3,Voice,Premium,Tech Support,Tier 2,Banking,276,266,244,22,22,399,97356,33.0,29,3,4,86,3,74,83
2023-11-21,Tuesday,47,November,2023,1,Germany,EMEA,Berlin,OUTBOUND_SALES_T2,Chat,Enterprise,Outbound,Tier 2,Retail,147,161,153,8,8,494,75582,24.54658385,21,2,2,67,1,88,84
2024-09-20,Friday,38,September,2024,18,Poland,EMEA,Poland Hub,CUSTOMER_SUPPORT_CHAT_T1,Email,Premium,Customer Support,Tier 1,Telecom,403,433,412,21,21,605,249260,29.34180139,27,8,10,90,9,83,86
2021-11-30,Tuesday,48,November,2021,17,Ireland,EMEA,Dublin,RETENTION_VOICE_T2,Email,Consumer,Retention,Tier 2,Retail,435,418,401,17,17,787,315587,32.00717703,32,10,13,71,9,75,81
2022-01-04,Tuesday,1,January,2022,8,Turkey,EMEA,Turkey Hub,EMEA_CORE_EMAIL_TIER2,Chat,Enterprise,Support,Tier 1,E-commerce,331,352,325,27,27,758,246350,58.14204545,17,8,9,80,7,76,87
2024-04-27,Saturday,17,April,2024,8,Slovenia,EMEA,Slovenia Hub,EMEA_CORE_EMAIL_TIER2,Chat,Enterprise,Support,Tier 3,Healthcare,430,440,418,22,22,517,216106,25.85,32,7,9,92,8,75,87
2025-02-19,Wednesday,8,February,2025,23,United Kingdom,EMEA,London,INBOUND_VOICE_TIER1,Chat,Premium,Inbound,Tier 3,Telecom,56,58,42,16,16,652,27384,179.862069,35,0,0,92,0,95,63
2025-12-01,Monday,49,December,2025,7,Sweden,EMEA,Sweden Hub,EMEA_CORE_EMAIL_T2,Voice,Premium,Support,Tier 2,E-commerce,440,466,439,27,27,414,181746,23.98712446,28,6,8,86,7,70,83
2022-05-16,Monday,20,May,2022,19,United Kingdom,EMEA,London,INBOUND_VOICE_TIER1,Chat,Premium,Inbound,Tier 1,Retail,226,225,218,7,7,864,188352,26.88,15,6,7,78,5,89,73
2023-07-02,Sunday,26,July,2023,2,Turkey,EMEA,Turkey Hub,EMEA_CORE_EMAIL_T2,Email,Premium,Support,Tier 1,Telecom,346,356,337,19,19,778,262186,41.52247191,27,9,11,87,10,89,64
2024-06-19,Wednesday,25,June,2024,23,Norway,EMEA,Norway Hub,OUTBOUND_SALES_T2,Voice,Premium,Outbound,Tier 1,Retail,486,488,477,11,11,334,159318,7.528688525,30,5,7,65,5,79,66
2024-09-27,Friday,39,September,2024,18,Greece,EMEA,Greece Hub,INBOUND_VOICE_TIER1,Email,Enterprise,Inbound,Tier 3,Telecom,329,315,314,1,1,600,188400,1.904761905,23,6,7,95,7,77,88
2021-03-10,Wednesday,10,March,2021,23,Israel,EMEA,Israel Hub,TECH_SUPPORT_EMAIL_T3,Email,Enterprise,Tech Support,Tier 2,Healthcare,151,177,173,4,4,232,40136,5.242937853,15,1,1,72,1,79,86
2025-06-08,Sunday,23,June,2025,14,United Kingdom,EMEA,London,EMEA_CORE_EMAIL_T2,Chat,Premium,Support,Tier 2,Banking,141,128,103,25,25,803,82709,156.8359375,20,2,2,80,2,95,64
2024-10-28,Monday,44,October,2024,19,Czech Republic,EMEA,Czech Republic Hub,EMEA_CORE_EMAIL_TIER2,Voice,Enterprise,Support,Tier 3,Retail,137,120,90,30,30,193,17370,48.25,25,0,0,89,0,88,84
2022-01-16,Sunday,2,January,2022,22,United Kingdom,EMEA,London,EMEA_RETAIL_VOICE_T2,Voice,Premium,Support,Tier 2,Telecom,69,92,80,12,12,707,56560,92.2173913,26,1,1,80,1,93,78
2022-11-14,Monday,46,November,2022,11,France,EMEA,Paris,EMEA_CORE_EMAIL_TIER2,Chat,Consumer,Support,Tier 3,Banking,355,365,340,25,25,782,265880,53.56164384,31,9,12,66,8,83,68
2023-02-04,Saturday,5,February,2023,8,Germany,EMEA,Berlin,TECH_SUPPORT_EMAIL_T3,Voice,Premium,Tech Support,Tier 2,Healthcare,401,382,365,17,17,607,221555,27.01308901,20,7,8,67,5,78,76
2023-11-06,Monday,45,November,2023,21,Greece,EMEA,Greece Hub,RETENTION_VOICE_T2,Email,Premium,Retention,Tier 3,Telecom,372,375,373,2,2,587,218951,3.130666667,20,7,8,83,7,86,71
2024-05-24,Friday,21,May,2024,2,Denmark,EMEA,Denmark Hub,EMEA_RETAIL_VOICE_T2,Email,Enterprise,Support,Tier 3,Banking,162,180,169,11,11,318,53742,19.43333333,31,1,1,83,1,89,76
2024-06-23,Sunday,25,June,2024,19,Netherlands,EMEA,Amsterdam,EMEA_EMAIL_SUPPORT_T3,Chat,Consumer,Support,Tier 1,Healthcare,379,361,350,11,11,885,309750,26.966759,34,10,13,69,9,75,89
2022-09-09,Friday,36,September,2022,8,Denmark,EMEA,Denmark Hub,EMEA_CHAT_SUPPORT_T1,Chat,Premium,Support,Tier 3,Retail,354,352,346,6,6,800,276800,13.63636364,35,9,12,65,8,77,64
2022-11-20,Sunday,46,November,2022,23,Poland,EMEA,Poland Hub,EMEA_CORE_EMAIL_T2,Email,Enterprise,Support,Tier 1,Banking,429,420,403,17,17,464,186992,18.78095238,30,6,8,65,5,72,74
2022-11-13,Sunday,45,November,2022,19,Kenya,EMEA,Kenya Hub,EMEA_RETAIL_VOICE_T2,Voice,Enterprise,Support,Tier 1,Telecom,441,431,424,7,7,559,237016,9.078886311,27,8,10,67,7,76,67
2021-12-29,Wednesday,52,December,2021,1,Norway,EMEA,Norway Hub,EMEA_CHAT_SUPPORT_T1,Chat,Consumer,Support,Tier 2,Telecom,136,159,142,17,17,683,96986,73.02515723,33,3,4,65,3,76,83
2022-06-20,Monday,25,June,2022,17,Poland,EMEA,Poland Hub,INBOUND_VOICE_TIER1,Chat,Premium,Inbound,Tier 3,E-commerce,292,287,270,17,17,423,114210,25.05574913,19,3,4,69,3,85,79
2022-01-19,Wednesday,3,January,2022,13,Slovakia,EMEA,Slovakia Hub,RETENTION_VOICE_T2,Voice,Premium,Retention,Tier 2,E-commerce,486,503,480,23,23,709,340320,32.4194831,26,11,14,84,12,93,65
2022-12-11,Sunday,49,December,2022,7,Portugal,EMEA,Portugal Hub,EMEA_CHAT_SUPPORT_T1,Chat,Enterprise,Support,Tier 3,Healthcare,148,135,128,7,7,212,27136,10.99259259,17,0,0,80,0,72,89
2022-07-25,Monday,30,July,2022,14,Kenya,EMEA,Kenya Hub,TECH_SUPPORT_EMAIL_T3,Email,Premium,Tech Support,Tier 1,Telecom,275,259,239,20,20,652,155828,50.34749035,24,5,6,81,5,80,84
2023-01-26,Thursday,4,January,2023,14,Italy,EMEA,Rome,TECH_SUPPORT_EMAIL_T3,Chat,Consumer,Tech Support,Tier 3,E-commerce,497,501,490,11,11,190,93100,4.171656687,33,3,4,67,3,72,67
2025-08-26,Tuesday,35,August,2025,2,Romania,EMEA,Romania Hub,TECH_SUPPORT_EMAIL_T3,Chat,Consumer,Tech Support,Tier 2,Retail,478,487,468,19,19,473,221364,18.45379877,21,7,8,85,7,83,78
2022-08-20,Saturday,33,August,2022,5,Sweden,EMEA,Sweden Hub,CUSTOMER_SUPPORT_CHAT_T1,Voice,Enterprise,Customer Support,Tier 3,Retail,233,239,231,8,8,228,52668,7.631799163,23,1,1,81,1,83,65
2023-09-01,Friday,35,September,2023,11,Romania,EMEA,Romania Hub,INBOUND_VOICE_TIER1,Voice,Enterprise,Inbound,Tier 1,Retail,343,334,328,6,6,761,249608,13.67065868,30,8,10,91,9,82,85
2022-12-08,Thursday,49,December,2022,23,Sweden,EMEA,Sweden Hub,EMEA_EMAIL_SUPPORT_T3,Voice,Enterprise,Support,Tier 3,Healthcare,467,461,460,1,1,645,296700,1.399132321,20,10,12,93,11,95,76
2025-09-14,Sunday,37,September,2025,22,Norway,EMEA,Norway Hub,EMEA_RETAIL_VOICE_T2,Chat,Consumer,Support,Tier 2,Telecom,345,363,363,0,0,781,283503,0.0,18,9,11,78,9,78,67
2025-03-11,Tuesday,11,March,2025,12,Ireland,EMEA,Dublin,OUTBOUND_SALES_T2,Email,Premium,Outbound,Tier 1,Healthcare,331,334,313,21,21,669,209397,42.06287425,24,7,9,82,7,88,74
2021-06-21,Monday,25,June,2021,22,Iceland,EMEA,Iceland Hub,OUTBOUND_SALES_T2,Voice,Premium,Outbound,Tier 2,Healthcare,66,48,27,21,21,185,4995,80.9375,33,0,0,84,0,89,61
2024-11-15,Friday,46,November,2024,21,South Africa,EMEA,Cape Town,EMEA_RETAIL_VOICE_T2,Email,Premium,Support,Tier 1,E-commerce,146,146,133,13,13,550,73150,48.97260274,21,2,2,82,2,79,87
2024-02-06,Tuesday,6,February,2024,2,Turkey,EMEA,Turkey Hub,EMEA_EMAIL_SUPPORT_T3,Chat,Consumer,Support,Tier 2,Healthcare,237,259,241,18,18,823,198343,57.1969112,24,6,7,67,5,73,82
2025-10-14,Tuesday,42,October,2025,0,Hungary,EMEA,Hungary Hub,EMEA_RETAIL_VOICE_T2,Email,Premium,Support,Tier 3,Telecom,475,499,475,24,24,873,414675,41.98797595,34,14,19,93,18,79,86
2024-01-21,Sunday,3,January,2024,18,Finland,EMEA,Finland Hub,RETENTION_VOICE_T2,Email,Premium,Retention,Tier 1,E-commerce,498,487,473,14,14,510,241230,14.66119097,17,8,9,88,8,79,88
2025-01-31,Friday,5,January,2025,13,Poland,EMEA,Poland Hub,EMEA_CORE_EMAIL_T2,Chat,Consumer,Support,Tier 1,Telecom,120,116,90,26,26,561,50490,125.7413793,20,1,1,81,1,87,65
2024-08-28,Wednesday,35,August,2024,11,Luxembourg,EMEA,Luxembourg Hub,EMEA_CHAT_SUPPORT_T1,Chat,Enterprise,Support,Tier 1,Retail,414,418,418,0,0,721,301378,0.0,26,10,13,81,11,84,61
2021-04-17,Saturday,15,April,2021,10,Bulgaria,EMEA,Bulgaria Hub,EMEA_CHAT_SUPPORT_T1,Chat,Premium,Support,Tier 1,Telecom,500,508,495,13,13,859,425205,21.98228346,23,14,17,93,16,95,76
2023-08-20,Sunday,33,August,2023,8,South Africa,EMEA,Cape Town,RETENTION_VOICE_T2,Voice,Consumer,Retention,Tier 3,Banking,82,72,50,22,22,376,18800,114.8888889,31,0,0,90,0,70,84
2023-01-05,Thursday,1,January,2023,7,Sweden,EMEA,Sweden Hub,EMEA_CHAT_SUPPORT_T1,Email,Enterprise,Support,Tier 1,Telecom,272,297,277,20,20,774,214398,52.12121212,24,7,9,94,8,85,87
2024-12-13,Friday,50,December,2024,12,Spain,EMEA,Madrid,OUTBOUND_SALES_T2,Voice,Enterprise,Outbound,Tier 2,Telecom,52,70,50,20,20,710,35500,202.8571429,19,1,1,78,1,72,83
2023-10-15,Sunday,41,October,2023,17,Ireland,EMEA,Dublin,CUSTOMER_SUPPORT_CHAT_T1,Voice,Enterprise,Customer Support,Tier 3,E-commerce,382,396,396,0,0,536,212256,0.0,16,7,8,86,7,83,71
2025-06-17,Tuesday,25,June,2025,16,Sweden,EMEA,Sweden Hub,CUSTOMER_SUPPORT_CHAT_T1,Chat,Consumer,Customer Support,Tier 2,Healthcare,390,372,350,22,22,811,283850,47.96236559,22,9,11,86,9,86,81
2024-11-07,Thursday,45,November,2024,4,Netherlands,EMEA,Amsterdam,OUTBOUND_SALES_T2,Chat,Premium,Outbound,Tier 3,Retail,427,407,381,26,26,466,177546,29.76904177,16,6,7,66,5,83,88
2021-08-29,Sunday,34,August,2021,20,Israel,EMEA,Israel Hub,OUTBOUND_SALES_T2,Email,Consumer,Outbound,Tier 3,Healthcare,252,279,276,3,3,603,166428,6.483870968,27,5,6,75,5,94,79
2021-11-26,Friday,47,November,2021,9,Kenya,EMEA,Kenya Hub,CUSTOMER_SUPPORT_CHAT_T1,Chat,Enterprise,Customer Support,Tier 1,Retail,368,368,358,10,10,791,283178,21.49456522,24,9,11,72,8,74,69
2024-10-15,Tuesday,42,October,2024,21,United Kingdom,EMEA,London,CUSTOMER_SUPPORT_CHAT_T1,Chat,Consumer,Customer Support,Tier 2,Healthcare,110,140,130,10,10,546,70980,39.0,23,2,2,79,2,78,62
2021-04-08,Thursday,14,April,2021,2,Czech Republic,EMEA,Czech Republic Hub,INBOUND_VOICE_TIER1,Voice,Premium,Inbound,Tier 1,E-commerce,62,50,31,19,19,412,12772,156.56,20,0,0,65,0,79,84
2023-01-23,Monday,4,January,2023,8,Romania,EMEA,Romania Hub,EMEA_CORE_EMAIL_T2,Voice,Consumer,Support,Tier 2,Telecom,195,211,199,12,12,568,113032,32.30331754,25,3,4,94,4,95,89
2022-11-19,Saturday,46,November,2022,8,Morocco,EMEA,Morocco Hub,OUTBOUND_SALES_T2,Chat,Enterprise,Outbound,Tier 2,Retail,82,86,81,5,5,191,15471,11.10465116,29,0,0,75,0,78,87
2025-02-14,Friday,7,February,2025,8,Romania,EMEA,Romania Hub,EMEA_CHAT_SUPPORT_T1,Voice,Consumer,Support,Tier 3,Telecom,368,363,336,27,27,568,190848,42.24793388,25,6,8,95,8,80,88
2024-01-07,Sunday,1,January,2024,23,Slovenia,EMEA,Slovenia Hub,RETENTION_VOICE_T2,Chat,Premium,Retention,Tier 3,Retail,270,251,251,0,0,489,122739,0.0,32,4,5,73,4,80,87
2024-07-02,Tuesday,27,July,2024,21,Sweden,EMEA,Sweden Hub,OUTBOUND_SALES_T2,Chat,Premium,Outbound,Tier 2,E-commerce,184,181,157,24,24,417,65469,55.29281768,20,2,2,68,1,91,74
2022-01-10,Monday,2,January,2022,16,Israel,EMEA,Israel Hub,EMEA_RETAIL_VOICE_T2,Email,Consumer,Support,Tier 2,E-commerce,314,300,287,13,13,834,239358,36.14,26,8,10,89,9,84,82
2022-03-18,Friday,11,March,2022,3,Luxembourg,EMEA,Luxembourg Hub,TECH_SUPPORT_EMAIL_T3,Voice,Premium,Tech Support,Tier 1,Retail,101,107,85,22,22,363,30855,74.63551402,19,1,1,72,1,94,81
2025-10-31,Friday,44,October,2025,12,France,EMEA,Paris,EMEA_RETAIL_VOICE_T2,Voice,Premium,Support,Tier 1,Healthcare,432,438,426,12,12,391,166566,10.71232877,16,5,6,79,5,92,87
2024-10-18,Friday,42,October,2024,5,Iceland,EMEA,Iceland Hub,EMEA_CHAT_SUPPORT_T1,Email,Premium,Support,Tier 2,Banking,150,137,133,4,4,796,105868,23.24087591,31,3,4,83,3,91,73
2022-05-16,Monday,20,May,2022,11,Denmark,EMEA,Denmark Hub,EMEA_CORE_EMAIL_T2,Email,Enterprise,Support,Tier 2,Banking,75,104,93,11,11,753,70029,79.64423077,16,2,2,84,2,85,63
2023-10-01,Sunday,39,October,2023,15,Kenya,EMEA,Kenya Hub,EMEA_CORE_EMAIL_TIER2,Email,Consumer,Support,Tier 2,Telecom,406,401,371,30,30,496,184016,37.10723192,32,6,8,67,5,75,74
2021-11-30,Tuesday,48,November,2021,15,Romania,EMEA,Romania Hub,INBOUND_VOICE_TIER1,Chat,Premium,Inbound,Tier 3,Retail,84,106,80,26,26,429,34320,105.2264151,27,1,1,82,1,70,78
2022-01-16,Sunday,2,January,2022,17,Poland,EMEA,Poland Hub,CUSTOMER_SUPPORT_CHAT_T1,Email,Consumer,Customer Support,Tier 2,Healthcare,84,97,96,1,1,608,58368,6.268041237,19,2,2,92,2,71,89
2023-08-10,Thursday,32,August,2023,1,Israel,EMEA,Israel Hub,INBOUND_VOICE_TIER1,Email,Premium,Inbound,Tier 2,Retail,491,506,501,5,5,647,324147,6.393280632,22,11,13,88,11,73,74
2022-03-19,Saturday,11,March,2022,0,Israel,EMEA,Israel Hub,EMEA_CORE_EMAIL_T2,Voice,Consumer,Support,Tier 1,Telecom,156,178,152,26,26,870,132240,127.0786517,25,4,5,95,5,84,67
2025-03-05,Wednesday,10,March,2025,10,Spain,EMEA,Madrid,EMEA_RETAIL_VOICE_T2,Voice,Consumer,Support,Tier 1,E-commerce,486,497,489,8,8,678,331542,10.91348089,25,11,14,69,10,87,79
2025-08-30,Saturday,35,August,2025,9,Portugal,EMEA,Portugal Hub,EMEA_CORE_EMAIL_TIER2,Chat,Enterprise,Support,Tier 1,Healthcare,341,343,335,8,8,409,137015,9.539358601,31,4,5,90,5,90,75
2024-08-02,Friday,31,August,2024,14,Spain,EMEA,Madrid,EMEA_RETAIL_VOICE_T2,Chat,Consumer,Support,Tier 1,Retail,156,172,150,22,22,240,36000,30.69767442,15,1,1,80,1,75,78
2022-01-03,Monday,1,January,2022,13,France,EMEA,Paris,CUSTOMER_SUPPORT_CHAT_T1,Email,Enterprise,Customer Support,Tier 3,E-commerce,325,338,338,0,0,609,205842,0.0,25,7,9,71,6,95,79
2023-02-26,Sunday,8,February,2023,3,Italy,EMEA,Rome,RETENTION_VOICE_T2,Email,Consumer,Retention,Tier 2,E-commerce,182,163,160,3,3,408,65280,7.509202454,34,2,3,80,2,93,72
2025-03-09,Sunday,10,March,2025,18,Ukraine,EMEA,Ukraine Hub,TECH_SUPPORT_EMAIL_T3,Email,Premium,Tech Support,Tier 1,Telecom,261,271,244,27,27,659,160796,65.65682657,35,5,7,81,6,92,72
2022-11-19,Saturday,46,November,2022,5,France,EMEA,Paris,EMEA_CORE_EMAIL_TIER2,Voice,Premium,Support,Tier 2,Healthcare,303,320,319,1,1,508,162052,1.5875,35,5,7,77,5,78,89
2025-05-12,Monday,20,May,2025,2,Hungary,EMEA,Hungary Hub,EMEA_CORE_EMAIL_TIER2,Voice,Enterprise,Support,Tier 2,Telecom,468,489,469,20,20,641,300629,26.21676892,16,10,12,70,8,79,84
2025-10-11,Saturday,41,October,2025,21,Kenya,EMEA,Kenya Hub,EMEA_EMAIL_SUPPORT_T3,Chat,Consumer,Support,Tier 1,Healthcare,245,242,224,18,18,381,85344,28.33884298,16,2,2,71,1,74,75
2021-10-30,Saturday,43,October,2021,21,Ukraine,EMEA,Ukraine Hub,OUTBOUND_SALES_T2,Email,Consumer,Outbound,Tier 1,Retail,429,448,438,10,10,334,146292,7.455357143,25,5,6,73,4,79,85
2025-07-03,Thursday,27,July,2025,0,Turkey,EMEA,Turkey Hub,EMEA_RETAIL_VOICE_T2,Voice,Consumer,Support,Tier 3,Retail,81,96,73,23,23,442,32266,105.8958333,34,1,1,81,1,88,89
2023-03-20,Monday,12,March,2023,2,France,EMEA,Paris,EMEA_RETAIL_VOICE_T2,Chat,Consumer,Support,Tier 1,Retail,130,116,88,28,28,214,18832,51.65517241,28,0,0,73,0,76,62
2022-06-27,Monday,26,June,2022,8,Hungary,EMEA,Hungary Hub,CUSTOMER_SUPPORT_CHAT_T1,Voice,Consumer,Customer Support,Tier 1,E-commerce,353,371,370,1,1,479,177230,1.291105121,16,6,7,87,6,78,87
2023-03-29,Wednesday,13,March,2023,14,Belgium,EMEA,Belgium Hub,TECH_SUPPORT_EMAIL_T3,Email,Premium,Tech Support,Tier 2,E-commerce,141,125,105,20,20,556,58380,88.96,16,2,2,81,2,90,67
2025-02-03,Monday,6,February,2025,19,Ireland,EMEA,Dublin,EMEA_RETAIL_VOICE_T2,Voice,Premium,Support,Tier 3,Telecom,407,397,382,15,15,392,149744,14.81108312,25,5,6,74,4,73,70
2025-11-28,Friday,48,November,2025,11,France,EMEA,Paris,OUTBOUND_SALES_T2,Email,Enterprise,Outbound,Tier 3,E-commerce,103,122,114,8,8,192,21888,12.59016393,25,0,0,88,0,82,68
2021-08-13,Friday,32,August,2021,3,Netherlands,EMEA,Amsterdam,EMEA_CORE_EMAIL_TIER2,Voice,Premium,Support,Tier 3,Healthcare,466,454,442,12,12,460,203320,12.15859031,32,7,9,70,6,80,66
2022-11-14,Monday,46,November,2022,4,Spain,EMEA,Madrid,EMEA_CORE_EMAIL_T2,Voice,Consumer,Support,Tier 1,Telecom,348,340,328,12,12,900,295200,31.76470588,18,10,12,76,9,81,81
2021-04-24,Saturday,16,April,2021,18,Italy,EMEA,Rome,EMEA_CORE_EMAIL_T2,Voice,Consumer,Support,Tier 1,Retail,54,69,39,30,30,804,31356,349.5652174,28,1,1,75,1,72,76
2023-06-16,Friday,24,June,2023,7,Ireland,EMEA,Dublin,TECH_SUPPORT_EMAIL_T3,Voice,Premium,Tech Support,Tier 2,Retail,195,199,170,29,29,712,121040,103.758794,34,4,5,66,3,82,81
2024-02-16,Friday,7,February,2024,22,Italy,EMEA,Rome,EMEA_RETAIL_VOICE_T2,Voice,Enterprise,Support,Tier 1,Healthcare,232,259,239,20,20,859,205301,66.33204633,29,7,9,67,6,82,68
2021-06-21,Monday,25,June,2021,8,Ireland,EMEA,Dublin,CUSTOMER_SUPPORT_CHAT_T1,Email,Premium,Customer Support,Tier 3,Retail,206,187,172,15,15,779,133988,62.48663102,19,4,5,65,3,86,61
2022-06-07,Tuesday,23,June,2022,10,France,EMEA,Paris,OUTBOUND_SALES_T2,Voice,Consumer,Outbound,Tier 3,Telecom,403,387,360,27,27,594,213840,41.44186047,23,7,9,73,7,70,81
2021-12-11,Saturday,49,December,2021,22,United Kingdom,EMEA,London,RETENTION_VOICE_T2,Email,Enterprise,Retention,Tier 3,Retail,245,272,249,23,23,813,202437,68.74632353,34,7,9,86,8,95,85
2021-07-25,Sunday,29,July,2021,4,Israel,EMEA,Israel Hub,EMEA_EMAIL_SUPPORT_T3,Voice,Enterprise,Support,Tier 3,Retail,178,162,136,26,26,583,79288,93.56790123,15,2,2,92,2,79,79
2021-08-26,Thursday,34,August,2021,2,Slovakia,EMEA,Slovakia Hub,EMEA_CORE_EMAIL_T2,Email,Consumer,Support,Tier 2,Banking,304,320,308,12,12,896,275968,33.6,19,9,11,85,9,81,63
2021-10-22,Friday,42,October,2021,13,South Africa,EMEA,Cape Town,OUTBOUND_SALES_T2,Voice,Consumer,Outbound,Tier 3,Healthcare,115,107,91,16,16,830,75530,124.1121495,18,2,2,88,2,72,89
2025-04-07,Monday,15,April,2025,19,Belgium,EMEA,Belgium Hub,OUTBOUND_SALES_T2,Voice,Premium,Outbound,Tier 1,Telecom,436,446,427,19,19,204,87108,8.69058296,31,3,4,94,4,83,70
2022-04-25,Monday,17,April,2022,13,South Africa,EMEA,Cape Town,CUSTOMER_SUPPORT_CHAT_T1,Email,Consumer,Customer Support,Tier 2,Retail,226,250,229,21,21,472,108088,39.648,16,3,3,75,2,85,89
2025-04-18,Friday,16,April,2025,13,Turkey,EMEA,Turkey Hub,EMEA_EMAIL_SUPPORT_T3,Chat,Enterprise,Support,Tier 3,E-commerce,234,234,207,27,27,595,123165,68.65384615,35,4,5,69,3,94,67
2023-02-08,Wednesday,6,February,2023,6,Denmark,EMEA,Denmark Hub,INBOUND_VOICE_TIER1,Chat,Consumer,Inbound,Tier 2,E-commerce,208,234,223,11,11,898,200254,42.21367521,26,6,8,68,5,94,70
2021-03-08,Monday,10,March,2021,16,Romania,EMEA,Romania Hub,TECH_SUPPORT_EMAIL_T3,Email,Premium,Tech Support,Tier 1,Banking,281,274,264,10,10,653,172392,23.83211679,26,5,6,78,5,78,90
2021-01-23,Saturday,3,January,2021,19,Norway,EMEA,Norway Hub,CUSTOMER_SUPPORT_CHAT_T1,Chat,Enterprise,Customer Support,Tier 2,E-commerce,81,101,95,6,6,368,34960,21.86138614,27,1,1,87,1,95,87
2023-10-09,Monday,41,October,2023,21,Ukraine,EMEA,Ukraine Hub,RETENTION_VOICE_T2,Chat,Enterprise,Retention,Tier 1,Healthcare,322,331,304,27,27,755,229520,61.58610272,27,7,9,85,8,78,69
2023-04-23,Sunday,16,April,2023,4,Romania,EMEA,Romania Hub,EMEA_EMAIL_SUPPORT_T3,Email,Enterprise,Support,Tier 1,Retail,182,182,180,2,2,600,108000,6.593406593,15,3,3,79,2,77,76
2023-09-14,Thursday,37,September,2023,4,Bulgaria,EMEA,Bulgaria Hub,EMEA_RETAIL_VOICE_T2,Email,Premium,Support,Tier 1,Telecom,95,105,99,6,6,797,78903,45.54285714,30,2,3,81,2,79,80
2025-05-26,Monday,22,May,2025,3,Morocco,EMEA,Morocco Hub,EMEA_CORE_EMAIL_T2,Voice,Consumer,Support,Tier 1,Retail,146,134,107,27,27,325,34775,65.48507463,35,1,1,80,1,92,60
2022-11-25,Friday,47,November,2022,5,Israel,EMEA,Israel Hub,EMEA_EMAIL_SUPPORT_T3,Email,Enterprise,Support,Tier 1,Telecom,140,154,141,13,13,392,55272,33.09090909,20,1,1,87,1,74,71
2023-03-16,Thursday,11,March,2023,14,United Kingdom,EMEA,London,RETENTION_VOICE_T2,Chat,Premium,Retention,Tier 3,Telecom,56,80,71,9,9,811,57581,91.2375,32,1,1,94,1,78,70
2023-10-24,Tuesday,43,October,2023,20,Poland,EMEA,Poland Hub,CUSTOMER_SUPPORT_CHAT_T1,Voice,Enterprise,Customer Support,Tier 1,Retail,474,476,472,4,4,620,292640,5.210084034,29,10,13,83,11,81,61
2022-06-10,Friday,23,June,2022,18,Netherlands,EMEA,Amsterdam,EMEA_CORE_EMAIL_TIER2,Voice,Premium,Support,Tier 3,Retail,239,251,248,3,3,211,52328,2.521912351,32,1,1,90,1,93,65
2024-04-27,Saturday,17,April,2024,8,Italy,EMEA,Rome,EMEA_RETAIL_VOICE_T2,Email,Enterprise,Support,Tier 3,E-commerce,236,252,234,18,18,812,190008,58.0,25,6,8,67,5,89,70
2025-02-22,Saturday,8,February,2025,0,Italy,EMEA,Rome,EMEA_CORE_EMAIL_TIER2,Voice,Enterprise,Support,Tier 3,Telecom,460,453,445,8,8,217,96565,3.832229581,31,3,4,89,4,71,90
2021-02-11,Thursday,6,February,2021,12,Slovenia,EMEA,Slovenia Hub,EMEA_CORE_EMAIL_TIER2,Voice,Enterprise,Support,Tier 2,E-commerce,67,62,32,30,30,422,13504,204.1935484,33,0,0,92,0,76,76
2024-12-24,Tuesday,52,December,2024,13,Netherlands,EMEA,Amsterdam,EMEA_EMAIL_SUPPORT_T3,Chat,Consumer,Support,Tier 1,E-commerce,418,416,414,2,2,383,158562,1.841346154,21,5,6,73,4,91,75
2024-09-02,Monday,36,September,2024,9,Morocco,EMEA,Morocco Hub,INBOUND_VOICE_TIER1,Chat,Enterprise,Inbound,Tier 3,Telecom,180,188,186,2,2,802,149172,8.531914894,35,5,7,74,5,73,64
2024-06-13,Thursday,24,June,2024,14,Ukraine,EMEA,Ukraine Hub,EMEA_CHAT_SUPPORT_T1,Voice,Premium,Support,Tier 1,Healthcare,277,287,258,29,29,721,186018,72.85365854,33,6,8,67,5,80,64
2025-07-25,Friday,30,July,2025,18,Greece,EMEA,Greece Hub,EMEA_RETAIL_VOICE_T2,Voice,Enterprise,Support,Tier 3,Telecom,76,99,77,22,22,841,64757,186.8888889,15,2,2,84,2,84,86
2022-07-18,Monday,29,July,2022,2,Ukraine,EMEA,Ukraine Hub,EMEA_EMAIL_SUPPORT_T3,Email,Enterprise,Support,Tier 3,Retail,116,145,132,13,13,422,55704,37.83448276,19,1,1,65,1,87,90
2023-09-03,Sunday,35,September,2023,17,Slovenia,EMEA,Slovenia Hub,EMEA_EMAIL_SUPPORT_T3,Email,Premium,Support,Tier 3,Healthcare,102,97,68,29,29,730,49640,218.2474227,16,1,1,72,1,94,90
2024-11-26,Tuesday,48,November,2024,17,Bulgaria,EMEA,Bulgaria Hub,EMEA_CORE_EMAIL_TIER2,Chat,Consumer,Support,Tier 3,Telecom,146,145,125,20,20,770,96250,106.2068966,28,3,4,91,4,74,72
2022-01-06,Thursday,1,January,2022,6,South Africa,EMEA,Cape Town,INBOUND_VOICE_TIER1,Voice,Consumer,Inbound,Tier 1,Telecom,363,349,322,27,27,839,270158,64.90830946,31,9,12,88,11,82,75
2023-04-08,Saturday,14,April,2023,13,South Africa,EMEA,Cape Town,EMEA_CORE_EMAIL_T2,Voice,Premium,Support,Tier 2,Healthcare,477,500,480,20,20,442,212160,17.68,17,7,8,90,7,92,73
2025-09-23,Tuesday,39,September,2025,21,Germany,EMEA,Berlin,TECH_SUPPORT_EMAIL_T3,Voice,Enterprise,Tech Support,Tier 2,E-commerce,300,315,296,19,19,298,88208,17.97460317,23,3,4,93,4,91,86
2022-09-01,Thursday,35,September,2022,11,Israel,EMEA,Israel Hub,INBOUND_VOICE_TIER1,Chat,Consumer,Inbound,Tier 2,Healthcare,379,395,373,22,22,219,81687,12.19746835,34,2,3,67,2,70,71
2023-07-03,Monday,27,July,2023,14,Denmark,EMEA,Denmark Hub,EMEA_CORE_EMAIL_T2,Voice,Enterprise,Support,Tier 1,Telecom,115,95,92,3,3,690,63480,21.78947368,17,2,2,79,2,87,70
2023-07-09,Sunday,27,July,2023,10,Israel,EMEA,Israel Hub,TECH_SUPPORT_EMAIL_T3,Voice,Premium,Tech Support,Tier 1,Retail,148,144,142,2,2,495,70290,6.875,20,2,2,69,1,79,81
2025-12-15,Monday,51,December,2025,23,Poland,EMEA,Poland Hub,EMEA_CORE_EMAIL_TIER2,Voice,Enterprise,Support,Tier 3,Telecom,321,306,292,14,14,682,199144,31.20261438,27,6,8,76,6,71,83
2023-12-03,Sunday,48,December,2023,21,Romania,EMEA,Romania Hub,INBOUND_VOICE_TIER1,Email,Premium,Inbound,Tier 3,Banking,148,170,147,23,23,850,124950,115.0,18,4,5,92,5,74,77
2022-05-18,Wednesday,20,May,2022,13,Romania,EMEA,Romania Hub,CUSTOMER_SUPPORT_CHAT_T1,Email,Enterprise,Customer Support,Tier 3,E-commerce,127,155,126,29,29,590,74340,110.3870968,29,2,3,85,3,72,80
2025-11-09,Sunday,45,November,2025,21,Russia,EMEA,Russia Hub,EMEA_EMAIL_SUPPORT_T3,Email,Consumer,Support,Tier 1,E-commerce,338,362,351,11,11,482,169182,14.64640884,29,5,6,92,6,72,87
2022-08-02,Tuesday,31,August,2022,16,Finland,EMEA,Finland Hub,INBOUND_VOICE_TIER1,Voice,Enterprise,Inbound,Tier 2,Healthcare,126,117,88,29,29,580,51040,143.7606838,23,1,1,80,1,88,64
2021-04-04,Sunday,13,April,2021,21,Netherlands,EMEA,Amsterdam,EMEA_CORE_EMAIL_T2,Voice,Consumer,Support,Tier 3,Banking,237,256,253,3,3,597,151041,6.99609375,26,5,6,73,4,89,79
2022-07-17,Sunday,28,July,2022,13,Germany,EMEA,Berlin,RETENTION_VOICE_T2,Voice,Consumer,Retention,Tier 1,Banking,178,185,159,26,26,543,86337,76.31351351,28,2,3,82,2,75,68
2021-08-08,Sunday,31,August,2021,15,Hungary,EMEA,Hungary Hub,EMEA_CHAT_SUPPORT_T1,Email,Enterprise,Support,Tier 3,Retail,177,166,162,4,4,781,126522,18.81927711,33,4,5,74,4,89,73
2025-08-31,Sunday,35,August,2025,20,Morocco,EMEA,Morocco Hub,OUTBOUND_SALES_T2,Voice,Premium,Outbound,Tier 2,Retail,367,382,372,10,10,388,144336,10.15706806,18,5,6,77,5,83,83
2025-12-17,Wednesday,51,December,2025,14,Romania,EMEA,Romania Hub,EMEA_CHAT_SUPPORT_T1,Voice,Enterprise,Support,Tier 2,Healthcare,126,108,90,18,18,437,39330,72.83333333,25,1,1,91,1,87,90
2023-07-31,Monday,31,July,2023,13,Romania,EMEA,Romania Hub,CUSTOMER_SUPPORT_CHAT_T1,Voice,Consumer,Customer Support,Tier 1,E-commerce,355,357,341,16,16,871,297011,39.03641457,21,10,12,78,9,82,82
2023-10-15,Sunday,41,October,2023,6,France,EMEA,Paris,INBOUND_VOICE_TIER1,Voice,Premium,Inbound,Tier 3,Banking,313,316,302,14,14,661,199622,29.28481013,33,6,8,71,6,84,87
2022-04-10,Sunday,14,April,2022,19,South Africa,EMEA,Cape Town,OUTBOUND_SALES_T2,Voice,Premium,Outbound,Tier 1,E-commerce,464,487,464,23,23,528,244992,24.93634497,33,8,11,65,7,95,70
2022-12-04,Sunday,48,December,2022,22,Sweden,EMEA,Sweden Hub,CUSTOMER_SUPPORT_CHAT_T1,Voice,Consumer,Customer Support,Tier 2,Banking,206,228,213,15,15,533,113529,35.06578947,33,3,4,70,3,72,77
2024-04-05,Friday,14,April,2024,18,Portugal,EMEA,Portugal Hub,RETENTION_VOICE_T2,Email,Consumer,Retention,Tier 1,Banking,188,178,153,25,25,766,117198,107.5842697,15,4,5,65,3,95,80
2023-04-23,Sunday,16,April,2023,3,Belgium,EMEA,Belgium Hub,EMEA_CORE_EMAIL_TIER2,Voice,Enterprise,Support,Tier 2,Retail,317,306,306,0,0,255,78030,0.0,21,2,2,88,2,76,88
2024-11-03,Sunday,44,November,2024,8,Poland,EMEA,Poland Hub,EMEA_CORE_EMAIL_TIER2,Email,Enterprise,Support,Tier 1,Telecom,295,291,275,16,16,572,157300,31.45017182,35,5,7,76,5,78,87
2025-09-07,Sunday,36,September,2025,9,Ukraine,EMEA,Ukraine Hub,TECH_SUPPORT_EMAIL_T3,Chat,Consumer,Tech Support,Tier 3,Retail,214,218,211,7,7,676,142636,21.70642202,19,4,5,71,4,86,61
2021-05-18,Tuesday,20,May,2021,19,Israel,EMEA,Israel Hub,EMEA_CORE_EMAIL_T2,Chat,Enterprise,Support,Tier 2,Healthcare,88,83,70,13,13,266,18620,41.6626506,24,0,0,93,0,91,84
2025-04-07,Monday,15,April,2025,5,Finland,EMEA,Finland Hub,OUTBOUND_SALES_T2,Chat,Enterprise,Outbound,Tier 3,Healthcare,222,245,220,25,25,446,98120,45.51020408,29,3,4,75,3,85,62
2025-02-22,Saturday,8,February,2025,7,Turkey,EMEA,Turkey Hub,TECH_SUPPORT_EMAIL_T3,Chat,Consumer,Tech Support,Tier 2,Banking,263,291,285,6,6,744,212040,15.34020619,30,7,9,68,6,80,66
2024-09-06,Friday,36,September,2024,3,Slovakia,EMEA,Slovakia Hub,EMEA_EMAIL_SUPPORT_T3,Email,Premium,Support,Tier 1,Telecom,234,231,227,4,4,410,93070,7.0995671,30,3,4,92,4,78,86
2022-05-25,Wednesday,21,May,2022,0,Netherlands,EMEA,Amsterdam,CUSTOMER_SUPPORT_CHAT_T1,Voice,Enterprise,Customer Support,Tier 2,Retail,230,222,218,4,4,650,141700,11.71171171,34,4,5,86,4,84,73
2025-07-11,Friday,28,July,2025,13,Italy,EMEA,Rome,TECH_SUPPORT_EMAIL_T3,Voice,Premium,Tech Support,Tier 1,E-commerce,339,356,352,4,4,459,161568,5.157303371,22,5,6,73,4,87,70
2021-04-02,Friday,13,April,2021,18,Poland,EMEA,Poland Hub,EMEA_CORE_EMAIL_TIER2,Chat,Enterprise,Support,Tier 2,Healthcare,146,176,174,2,2,521,90654,5.920454546,30,3,4,81,3,87,76
2023-07-05,Wednesday,27,July,2023,10,Slovakia,EMEA,Slovakia Hub,EMEA_CHAT_SUPPORT_T1,Email,Premium,Support,Tier 1,Banking,144,125,104,21,21,210,21840,35.28,25,0,0,71,0,76,65
2021-08-31,Tuesday,35,August,2021,2,Denmark,EMEA,Denmark Hub,TECH_SUPPORT_EMAIL_T3,Chat,Consumer,Tech Support,Tier 2,Telecom,108,90,88,2,2,530,46640,11.77777778,26,1,1,65,1,72,85
2021-04-16,Friday,15,April,2021,9,Belgium,EMEA,Belgium Hub,EMEA_EMAIL_SUPPORT_T3,Email,Enterprise,Support,Tier 2,E-commerce,286,283,262,21,21,246,64452,18.25441696,25,2,3,92,3,74,75
2024-04-12,Friday,15,April,2024,11,Greece,EMEA,Greece Hub,EMEA_CORE_EMAIL_T2,Voice,Enterprise,Support,Tier 1,Banking,459,481,472,9,9,527,248744,9.860706861,16,8,9,67,6,90,90
2021-06-15,Tuesday,24,June,2021,11,Morocco,EMEA,Morocco Hub,EMEA_CORE_EMAIL_T2,Chat,Enterprise,Support,Tier 2,E-commerce,472,452,436,16,16,205,89380,7.256637168,26,3,4,84,3,74,67
2022-06-23,Thursday,25,June,2022,3,Slovenia,EMEA,Slovenia Hub,CUSTOMER_SUPPORT_CHAT_T1,Email,Premium,Customer Support,Tier 3,Banking,371,357,327,30,30,394,128838,33.1092437,16,4,5,91,5,84,79
2024-10-29,Tuesday,44,October,2024,23,Romania,EMEA,Romania Hub,TECH_SUPPORT_EMAIL_T3,Chat,Enterprise,Tech Support,Tier 2,Healthcare,499,482,470,12,12,225,105750,5.601659751,20,3,4,66,3,92,85
2023-12-14,Thursday,50,December,2023,12,Luxembourg,EMEA,Luxembourg Hub,EMEA_CHAT_SUPPORT_T1,Email,Enterprise,Support,Tier 2,Banking,124,129,123,6,6,767,94341,35.6744186,35,3,4,73,3,87,61
2022-09-17,Saturday,37,September,2022,18,Russia,EMEA,Russia Hub,CUSTOMER_SUPPORT_CHAT_T1,Email,Enterprise,Customer Support,Tier 1,E-commerce,365,395,391,4,4,497,194327,5.032911392,15,6,7,75,5,89,84
2022-02-21,Monday,8,February,2022,4,Denmark,EMEA,Denmark Hub,EMEA_EMAIL_SUPPORT_T3,Voice,Enterprise,Support,Tier 3,Banking,440,438,437,1,1,713,311581,1.627853881,28,10,13,75,10,93,69
2023-11-28,Tuesday,48,November,2023,1,Netherlands,EMEA,Amsterdam,EMEA_CORE_EMAIL_TIER2,Chat,Enterprise,Support,Tier 1,Healthcare,481,475,473,2,2,728,344344,3.065263158,32,11,15,90,14,74,62
2023-03-10,Friday,10,March,2023,9,Russia,EMEA,Russia Hub,RETENTION_VOICE_T2,Voice,Enterprise,Retention,Tier 1,Retail,205,185,182,3,3,805,146510,13.05405405,23,5,6,83,5,72,80
2024-12-13,Friday,50,December,2024,17,Spain,EMEA,Madrid,INBOUND_VOICE_TIER1,Chat,Consumer,Inbound,Tier 2,Healthcare,460,452,446,6,6,857,382222,11.37610619,28,13,17,89,15,72,71
2024-05-20,Monday,21,May,2024,22,Finland,EMEA,Finland Hub,OUTBOUND_SALES_T2,Voice,Consumer,Outbound,Tier 3,Healthcare,50,49,24,25,25,712,17088,363.2653061,34,0,0,74,0,87,75
2021-05-02,Sunday,17,May,2021,19,Czech Republic,EMEA,Czech Republic Hub,RETENTION_VOICE_T2,Voice,Premium,Retention,Tier 2,Retail,304,294,274,20,20,745,204130,50.68027211,19,7,8,75,6,82,70
2023-08-30,Wednesday,35,August,2023,21,Norway,EMEA,Norway Hub,EMEA_EMAIL_SUPPORT_T3,Chat,Consumer,Support,Tier 1,Banking,218,242,212,30,30,617,130804,76.48760331,20,4,5,69,3,72,67
2021-09-15,Wednesday,37,September,2021,7,Ireland,EMEA,Dublin,TECH_SUPPORT_EMAIL_T3,Email,Consumer,Tech Support,Tier 3,E-commerce,431,438,438,0,0,692,303096,0.0,28,10,13,77,10,74,78
2024-02-09,Friday,6,February,2024,23,Norway,EMEA,Norway Hub,INBOUND_VOICE_TIER1,Email,Premium,Inbound,Tier 2,Banking,405,395,375,20,20,305,114375,15.44303797,19,3,4,91,4,77,88
2023-05-28,Sunday,21,May,2023,0,Morocco,EMEA,Morocco Hub,INBOUND_VOICE_TIER1,Voice,Enterprise,Inbound,Tier 3,E-commerce,371,398,380,18,18,373,141740,16.86934673,19,4,5,76,4,86,81
2024-09-19,Thursday,38,September,2024,1,Italy,EMEA,Rome,EMEA_RETAIL_VOICE_T2,Email,Premium,Support,Tier 2,Retail,487,508,496,12,12,655,324880,15.47244094,18,11,13,94,12,82,81
2024-12-08,Sunday,49,December,2024,9,Greece,EMEA,Greece Hub,EMEA_EMAIL_SUPPORT_T3,Email,Consumer,Support,Tier 3,Telecom,399,393,389,4,4,185,71965,1.882951654,31,2,3,78,2,86,78
2025-10-22,Wednesday,43,October,2025,10,Belgium,EMEA,Belgium Hub,TECH_SUPPORT_EMAIL_T3,Email,Enterprise,Tech Support,Tier 1,Healthcare,223,232,225,7,7,283,63675,8.538793103,32,2,3,65,2,84,63
2021-04-06,Tuesday,14,April,2021,4,Germany,EMEA,Berlin,EMEA_EMAIL_SUPPORT_T3,Chat,Enterprise,Support,Tier 3,Retail,269,259,254,5,5,738,187452,14.24710425,26,6,8,85,7,95,84
2022-10-07,Friday,40,October,2022,0,Finland,EMEA,Finland Hub,RETENTION_VOICE_T2,Email,Premium,Retention,Tier 3,Retail,116,146,134,12,12,359,48106,29.50684932,27,1,1,84,1,84,73
2024-08-29,Thursday,35,August,2024,13,Greece,EMEA,Greece Hub,EMEA_CHAT_SUPPORT_T1,Email,Premium,Support,Tier 3,Banking,221,240,217,23,23,385,83545,36.89583333,22,2,2,67,1,80,70
2021-04-23,Friday,16,April,2021,18,Morocco,EMEA,Morocco Hub,TECH_SUPPORT_EMAIL_T3,Voice,Consumer,Tech Support,Tier 2,Telecom,409,398,379,19,19,275,104225,13.1281407,25,3,4,78,3,94,74
2022-08-17,Wednesday,33,August,2022,11,Sweden,EMEA,Sweden Hub,OUTBOUND_SALES_T2,Chat,Premium,Outbound,Tier 3,Retail,77,97,85,12,12,727,61795,89.93814433,19,2,2,85,2,84,73
2025-10-20,Monday,43,October,2025,19,Hungary,EMEA,Hungary Hub,EMEA_CORE_EMAIL_T2,Email,Consumer,Support,Tier 1,E-commerce,117,147,140,7,7,332,46480,15.80952381,20,1,1,78,1,85,78
2025-05-23,Friday,21,May,2025,8,Netherlands,EMEA,Amsterdam,RETENTION_VOICE_T2,Chat,Premium,Retention,Tier 2,E-commerce,472,500,497,3,3,806,400582,4.836,16,13,15,76,11,85,81
2021-05-18,Tuesday,20,May,2021,6,Portugal,EMEA,Portugal Hub,RETENTION_VOICE_T2,Voice,Enterprise,Retention,Tier 3,Banking,456,452,442,10,10,844,373048,18.67256637,21,12,15,69,10,87,61
2025-08-22,Friday,34,August,2025,7,Romania,EMEA,Romania Hub,RETENTION_VOICE_T2,Email,Consumer,Retention,Tier 2,Retail,208,233,217,16,16,616,133672,42.30042918,25,4,5,82,4,87,75
2025-11-04,Tuesday,45,November,2025,19,Sweden,EMEA,Sweden Hub,EMEA_CORE_EMAIL_TIER2,Email,Premium,Support,Tier 1,E-commerce,487,483,473,10,10,656,310288,13.58178054,19,10,12,77,9,73,75
2021-09-15,Wednesday,37,September,2021,15,France,EMEA,Paris,EMEA_CORE_EMAIL_T2,Chat,Consumer,Support,Tier 1,Banking,213,220,210,10,10,681,143010,30.95454545,19,4,5,75,4,81,72
2021-03-16,Tuesday,11,March,2021,3,South Africa,EMEA,Cape Town,RETENTION_VOICE_T2,Email,Enterprise,Retention,Tier 3,Healthcare,361,351,344,7,7,526,180944,10.49002849,34,6,8,81,6,77,80
2024-08-07,Wednesday,32,August,2024,5,Norway,EMEA,Norway Hub,EMEA_RETAIL_VOICE_T2,Email,Enterprise,Support,Tier 3,Telecom,207,217,205,12,12,863,176915,47.7235023,26,6,8,70,6,87,80
2021-08-05,Thursday,31,August,2021,1,Sweden,EMEA,Sweden Hub,INBOUND_VOICE_TIER1,Chat,Premium,Inbound,Tier 3,Banking,208,225,211,14,14,623,131453,38.76444444,32,4,5,93,5,70,72
2025-04-05,Saturday,14,April,2025,23,Bulgaria,EMEA,Bulgaria Hub,EMEA_CORE_EMAIL_TIER2,Voice,Enterprise,Support,Tier 2,Telecom,286,288,283,5,5,312,88296,5.416666667,17,3,4,86,3,75,64
2025-09-14,Sunday,37,September,2025,1,Italy,EMEA,Rome,OUTBOUND_SALES_T2,Voice,Premium,Outbound,Tier 1,Telecom,336,317,295,22,22,730,215350,50.66246057,35,7,9,68,6,86,75
2021-11-29,Monday,48,November,2021,0,Belgium,EMEA,Belgium Hub,CUSTOMER_SUPPORT_CHAT_T1,Chat,Premium,Customer Support,Tier 3,Retail,306,302,288,14,14,457,131616,21.18543046,25,4,5,76,4,84,73
2023-11-28,Tuesday,48,November,2023,20,Poland,EMEA,Poland Hub,INBOUND_VOICE_TIER1,Voice,Consumer,Inbound,Tier 1,Healthcare,164,174,173,1,1,821,142033,4.718390805,31,4,5,87,4,94,71
2025-12-27,Saturday,52,December,2025,22,Ireland,EMEA,Dublin,EMEA_RETAIL_VOICE_T2,Chat,Enterprise,Support,Tier 1,Healthcare,59,64,35,29,29,365,12775,165.390625,32,0,0,75,0,94,86
2021-12-09,Thursday,49,December,2021,7,Ireland,EMEA,Dublin,INBOUND_VOICE_TIER1,Chat,Consumer,Inbound,Tier 3,Healthcare,133,159,148,11,11,320,47360,22.13836478,23,1,1,69,1,75,64
2022-12-28,Wednesday,52,December,2022,6,Iceland,EMEA,Iceland Hub,EMEA_EMAIL_SUPPORT_T3,Voice,Consumer,Support,Tier 1,Healthcare,416,446,418,28,28,201,84018,12.61883408,23,2,2,71,1,91,67
2023-03-31,Friday,13,March,2023,7,Netherlands,EMEA,Amsterdam,INBOUND_VOICE_TIER1,Email,Consumer,Inbound,Tier 1,E-commerce,138,143,115,28,28,758,87170,148.4195804,28,3,4,71,3,71,83
2024-04-18,Thursday,16,April,2024,12,Portugal,EMEA,Portugal Hub,INBOUND_VOICE_TIER1,Voice,Premium,Inbound,Tier 3,Banking,358,358,337,21,21,898,302626,52.67597765,15,10,12,93,11,82,79
2025-10-04,Saturday,40,October,2025,23,Iceland,EMEA,Iceland Hub,INBOUND_VOICE_TIER1,Voice,Consumer,Inbound,Tier 1,Telecom,409,409,396,13,13,310,122760,9.853300734,30,4,5,95,5,93,89
2022-11-23,Wednesday,47,November,2022,18,Romania,EMEA,Romania Hub,EMEA_EMAIL_SUPPORT_T3,Voice,Consumer,Support,Tier 1,Banking,117,122,121,1,1,643,77803,5.270491803,30,2,3,89,3,78,76
2024-08-05,Monday,32,August,2024,19,Greece,EMEA,Greece Hub,TECH_SUPPORT_EMAIL_T3,Email,Enterprise,Tech Support,Tier 3,Banking,454,460,456,4,4,591,269496,5.139130435,20,9,11,83,9,91,73
2025-08-18,Monday,34,August,2025,14,Russia,EMEA,Russia Hub,EMEA_RETAIL_VOICE_T2,Email,Premium,Support,Tier 1,E-commerce,131,143,113,30,30,306,34578,64.1958042,16,1,1,71,1,94,74
2023-04-04,Tuesday,14,April,2023,2,France,EMEA,Paris,CUSTOMER_SUPPORT_CHAT_T1,Voice,Premium,Customer Support,Tier 1,Retail,340,338,320,18,18,420,134400,22.36686391,30,4,5,92,5,83,75
2022-02-09,Wednesday,6,February,2022,20,Ireland,EMEA,Dublin,OUTBOUND_SALES_T2,Chat,Premium,Outbound,Tier 1,Banking,136,148,148,0,0,690,102120,0.0,15,3,3,74,2,88,90
2023-02-04,Saturday,5,February,2023,21,Slovenia,EMEA,Slovenia Hub,CUSTOMER_SUPPORT_CHAT_T1,Chat,Premium,Customer Support,Tier 3,Telecom,219,206,202,4,4,368,74336,7.145631068,20,2,2,66,1,73,68
2024-10-12,Saturday,41,October,2024,4,Italy,EMEA,Rome,EMEA_CORE_EMAIL_T2,Email,Enterprise,Support,Tier 1,E-commerce,58,45,15,30,30,766,11490,510.6666667,34,0,0,68,0,78,84
2022-07-05,Tuesday,27,July,2022,16,Romania,EMEA,Romania Hub,RETENTION_VOICE_T2,Voice,Premium,Retention,Tier 3,Banking,413,430,420,10,10,888,372960,20.65116279,21,12,15,79,12,79,61
2021-07-02,Friday,26,July,2021,6,Netherlands,EMEA,Amsterdam,EMEA_CORE_EMAIL_TIER2,Email,Consumer,Support,Tier 2,Healthcare,217,230,222,8,8,284,63048,9.87826087,29,2,3,77,2,94,74
2025-03-09,Sunday,10,March,2025,1,Denmark,EMEA,Denmark Hub,EMEA_CORE_EMAIL_T2,Chat,Enterprise,Support,Tier 2,E-commerce,357,344,340,4,4,379,128860,4.406976744,19,4,5,88,4,88,64
2024-10-26,Saturday,43,October,2024,11,Belgium,EMEA,Belgium Hub,EMEA_CHAT_SUPPORT_T1,Chat,Premium,Support,Tier 2,Retail,190,173,158,15,15,316,49928,27.39884393,32,1,1,80,1,89,63
2022-02-12,Saturday,6,February,2022,8,Slovakia,EMEA,Slovakia Hub,EMEA_EMAIL_SUPPORT_T3,Voice,Enterprise,Support,Tier 2,Retail,454,457,438,19,19,885,387630,36.79431072,34,13,17,69,12,76,86
2021-11-05,Friday,44,November,2021,21,Russia,EMEA,Russia Hub,OUTBOUND_SALES_T2,Email,Enterprise,Outbound,Tier 3,Telecom,400,381,363,18,18,214,77682,10.11023622,18,2,2,73,1,90,88
2022-01-04,Tuesday,1,January,2022,3,Iceland,EMEA,Iceland Hub,OUTBOUND_SALES_T2,Email,Enterprise,Outbound,Tier 1,Healthcare,68,57,54,3,3,634,34236,33.36842105,31,1,1,75,1,75,75
2023-09-23,Saturday,38,September,2023,9,Germany,EMEA,Berlin,TECH_SUPPORT_EMAIL_T3,Email,Premium,Tech Support,Tier 3,E-commerce,415,445,424,21,21,192,81408,9.060674157,23,2,2,86,2,93,85
2024-06-09,Sunday,23,June,2024,17,Italy,EMEA,Rome,EMEA_CORE_EMAIL_T2,Chat,Enterprise,Support,Tier 3,Healthcare,80,76,49,27,27,655,32095,232.6973684,15,1,1,86,1,83,77
2021-09-13,Monday,37,September,2021,13,Ireland,EMEA,Dublin,INBOUND_VOICE_TIER1,Chat,Premium,Inbound,Tier 1,Retail,424,442,415,27,27,689,285935,42.08823529,28,9,12,69,8,73,83
2022-11-18,Friday,46,November,2022,11,Kenya,EMEA,Kenya Hub,INBOUND_VOICE_TIER1,Email,Premium,Inbound,Tier 1,E-commerce,413,394,379,15,15,295,111805,11.23096447,27,3,4,95,4,84,85
2021-11-03,Wednesday,44,November,2021,18,Spain,EMEA,Madrid,TECH_SUPPORT_EMAIL_T3,Chat,Enterprise,Tech Support,Tier 1,Retail,199,203,189,14,14,497,93933,34.27586207,16,3,3,75,2,87,82
2024-06-22,Saturday,25,June,2024,20,Iceland,EMEA,Iceland Hub,CUSTOMER_SUPPORT_CHAT_T1,Voice,Enterprise,Customer Support,Tier 2,Telecom,213,222,217,5,5,874,189658,19.68468468,17,6,7,75,5,77,87
2022-12-25,Sunday,51,December,2022,7,Iceland,EMEA,Iceland Hub,EMEA_CHAT_SUPPORT_T1,Chat,Enterprise,Support,Tier 3,Banking,335,353,345,8,8,291,100395,6.59490085,28,3,4,94,4,83,71
2022-04-15,Friday,15,April,2022,15,Slovakia,EMEA,Slovakia Hub,EMEA_CORE_EMAIL_T2,Chat,Consumer,Support,Tier 2,Healthcare,403,424,397,27,27,758,300926,48.26886792,34,10,13,88,11,89,82
2023-03-02,Thursday,9,March,2023,16,Germany,EMEA,Berlin,INBOUND_VOICE_TIER1,Email,Premium,Inbound,Tier 1,Banking,314,322,315,7,7,463,145845,10.06521739,17,5,6,77,5,85,77
2025-07-24,Thursday,30,July,2025,0,Finland,EMEA,Finland Hub,EMEA_EMAIL_SUPPORT_T3,Chat,Premium,Support,Tier 1,E-commerce,440,447,419,28,28,386,161734,24.17897092,29,5,6,86,5,92,64
2022-02-12,Saturday,6,February,2022,15,Sweden,EMEA,Sweden Hub,EMEA_CHAT_SUPPORT_T1,Voice,Consumer,Support,Tier 2,Telecom,166,195,165,30,30,437,72105,67.23076923,23,2,2,81,2,79,61
2021-02-11,Thursday,6,February,2021,10,Ireland,EMEA,Dublin,EMEA_EMAIL_SUPPORT_T3,Email,Premium,Support,Tier 2,Healthcare,426,440,415,25,25,344,142760,19.54545455,15,4,5,89,4,77,79
2022-02-08,Tuesday,6,February,2022,21,Czech Republic,EMEA,Czech Republic Hub,EMEA_RETAIL_VOICE_T2,Voice,Premium,Support,Tier 1,Telecom,375,380,379,1,1,575,217925,1.513157895,34,7,9,93,8,93,61
2022-08-06,Saturday,31,August,2022,21,Spain,EMEA,Madrid,EMEA_CORE_EMAIL_TIER2,Chat,Enterprise,Support,Tier 2,Retail,463,473,456,17,17,384,175104,13.8012685,15,6,7,69,5,85,64
2023-06-16,Friday,24,June,2023,23,Germany,EMEA,Berlin,EMEA_RETAIL_VOICE_T2,Voice,Consumer,Support,Tier 1,Telecom,333,317,313,4,4,799,250087,10.08201893,28,8,10,83,8,79,72
2022-08-14,Sunday,32,August,2022,12,Spain,EMEA,Madrid,EMEA_CORE_EMAIL_TIER2,Voice,Premium,Support,Tier 3,Healthcare,258,245,216,29,29,733,158328,86.76326531,23,5,6,86,5,86,68
2025-01-16,Thursday,3,January,2025,19,Finland,EMEA,Finland Hub,OUTBOUND_SALES_T2,Voice,Consumer,Outbound,Tier 2,Healthcare,339,327,320,7,7,478,152960,10.2324159,17,5,6,83,5,78,64
2021-04-15,Thursday,15,April,2021,19,Slovakia,EMEA,Slovakia Hub,EMEA_CHAT_SUPPORT_T1,Chat,Consumer,Support,Tier 3,Retail,78,63,46,17,17,552,25392,148.952381,27,0,0,75,0,87,74
2025-08-19,Tuesday,34,August,2025,14,Sweden,EMEA,Sweden Hub,INBOUND_VOICE_TIER1,Chat,Consumer,Inbound,Tier 1,Healthcare,140,156,143,13,13,194,27742,16.16666667,21,0,0,77,0,75,84
2023-08-06,Sunday,31,August,2023,8,Denmark,EMEA,Denmark Hub,CUSTOMER_SUPPORT_CHAT_T1,Chat,Enterprise,Customer Support,Tier 2,E-commerce,497,497,479,18,18,684,327636,24.77263581,31,11,14,66,9,84,68
2022-03-02,Wednesday,9,March,2022,12,Denmark,EMEA,Denmark Hub,EMEA_CHAT_SUPPORT_T1,Email,Consumer,Support,Tier 2,Banking,98,107,107,0,0,225,24075,0.0,23,0,0,89,0,87,66
2022-04-03,Sunday,13,April,2022,6,Finland,EMEA,Finland Hub,TECH_SUPPORT_EMAIL_T3,Voice,Enterprise,Tech Support,Tier 2,Telecom,376,397,380,17,17,340,129200,14.55919395,29,4,5,73,4,76,83
2022-11-21,Monday,47,November,2022,11,Belgium,EMEA,Belgium Hub,RETENTION_VOICE_T2,Voice,Premium,Retention,Tier 1,Banking,441,448,429,19,19,503,215787,21.33258929,35,7,9,80,7,81,75
2023-01-25,Wednesday,4,January,2023,19,Belgium,EMEA,Belgium Hub,INBOUND_VOICE_TIER1,Voice,Consumer,Inbound,Tier 3,Healthcare,454,451,445,6,6,276,122820,3.671840355,35,4,5,67,3,94,69
2025-12-23,Tuesday,52,December,2025,6,Italy,EMEA,Rome,CUSTOMER_SUPPORT_CHAT_T1,Email,Consumer,Customer Support,Tier 3,Banking,408,388,374,14,14,284,106216,10.24742268,25,3,4,71,3,77,75
2025-12-02,Tuesday,49,December,2025,9,Sweden,EMEA,Sweden Hub,EMEA_CORE_EMAIL_TIER2,Chat,Premium,Support,Tier 2,Telecom,399,393,371,22,22,235,87185,13.15521629,18,3,4,87,3,75,67
2023-04-27,Thursday,17,April,2023,5,Slovakia,EMEA,Slovakia Hub,TECH_SUPPORT_EMAIL_T3,Email,Enterprise,Tech Support,Tier 2,Retail,156,180,167,13,13,477,79659,34.45,26,2,3,72,2,70,63
2025-11-16,Sunday,46,November,2025,4,Ireland,EMEA,Dublin,CUSTOMER_SUPPORT_CHAT_T1,Voice,Enterprise,Customer Support,Tier 2,Banking,71,61,41,20,20,890,36490,291.8032787,24,1,1,85,1,95,71
2025-12-26,Friday,52,December,2025,5,Germany,EMEA,Berlin,CUSTOMER_SUPPORT_CHAT_T1,Chat,Premium,Customer Support,Tier 2,Telecom,431,452,422,30,30,537,226614,35.64159292,28,7,9,77,7,86,75
2022-05-10,Tuesday,19,May,2022,18,Belgium,EMEA,Belgium Hub,CUSTOMER_SUPPORT_CHAT_T1,Voice,Premium,Customer Support,Tier 3,Healthcare,150,177,166,11,11,313,51958,19.4519774,32,1,1,72,1,84,63
2023-09-12,Tuesday,37,September,2023,15,Italy,EMEA,Rome,EMEA_CORE_EMAIL_T2,Voice,Consumer,Support,Tier 3,Telecom,162,147,141,6,6,292,41172,11.91836735,22,1,1,76,1,93,77
2023-07-14,Friday,28,July,2023,13,Russia,EMEA,Russia Hub,RETENTION_VOICE_T2,Voice,Consumer,Retention,Tier 1,E-commerce,156,184,161,23,23,776,124936,97.0,19,4,5,82,4,85,79
2023-02-08,Wednesday,6,February,2023,3,Germany,EMEA,Berlin,EMEA_CORE_EMAIL_TIER2,Email,Premium,Support,Tier 3,E-commerce,221,209,197,12,12,686,135142,39.38755981,24,4,5,66,3,86,84
2024-06-01,Saturday,22,June,2024,4,Hungary,EMEA,Hungary Hub,EMEA_CHAT_SUPPORT_T1,Chat,Premium,Support,Tier 1,Telecom,352,335,315,20,20,441,138915,26.32835821,27,4,5,74,4,86,84
2025-11-27,Thursday,48,November,2025,9,Turkey,EMEA,Turkey Hub,EMEA_CORE_EMAIL_TIER2,Email,Enterprise,Support,Tier 3,Telecom,364,387,357,30,30,401,143157,31.08527132,31,4,5,93,5,95,62
2023-02-08,Wednesday,6,February,2023,7,Luxembourg,EMEA,Luxembourg Hub,EMEA_RETAIL_VOICE_T2,Email,Consumer,Support,Tier 2,Telecom,247,238,215,23,23,206,44290,19.90756303,34,1,1,81,1,83,72
2023-06-22,Thursday,25,June,2023,17,Turkey,EMEA,Turkey Hub,INBOUND_VOICE_TIER1,Email,Consumer,Inbound,Tier 2,Telecom,454,463,446,17,17,238,106148,8.738660907,32,3,4,86,3,82,76
2024-10-20,Sunday,42,October,2024,2,Slovakia,EMEA,Slovakia Hub,TECH_SUPPORT_EMAIL_T3,Voice,Enterprise,Tech Support,Tier 2,E-commerce,166,168,156,12,12,598,93288,42.71428571,16,3,3,86,3,78,72
2023-11-27,Monday,48,November,2023,16,Turkey,EMEA,Turkey Hub,RETENTION_VOICE_T2,Voice,Enterprise,Retention,Tier 1,Retail,450,473,449,24,24,316,141884,16.03382664,29,4,5,94,5,80,61
2022-08-04,Thursday,31,August,2022,7,Slovenia,EMEA,Slovenia Hub,EMEA_CORE_EMAIL_TIER2,Chat,Enterprise,Support,Tier 3,Healthcare,435,444,432,12,12,851,367632,23.0,32,12,16,93,15,95,75
2022-03-12,Saturday,10,March,2022,21,Israel,EMEA,Israel Hub,EMEA_CHAT_SUPPORT_T1,Chat,Premium,Support,Tier 1,Healthcare,202,196,196,0,0,675,132300,0.0,25,4,5,80,4,86,79
2024-11-02,Saturday,44,November,2024,13,Germany,EMEA,Berlin,INBOUND_VOICE_TIER1,Voice,Enterprise,Inbound,Tier 3,Telecom,362,379,350,29,29,668,233800,51.11345646,16,8,9,92,8,92,90
2021-02-07,Sunday,5,February,2021,4,Portugal,EMEA,Portugal Hub,EMEA_CORE_EMAIL_T2,Chat,Consumer,Support,Tier 1,Banking,406,426,419,7,7,802,336038,13.17840376,19,11,13,92,12,93,80
2021-03-16,Tuesday,11,March,2021,16,France,EMEA,Paris,TECH_SUPPORT_EMAIL_T3,Voice,Enterprise,Tech Support,Tier 1,Telecom,228,221,192,29,29,321,61632,42.12217195,17,2,2,94,2,79,85
2023-02-12,Sunday,6,February,2023,12,Denmark,EMEA,Denmark Hub,EMEA_RETAIL_VOICE_T2,Email,Consumer,Support,Tier 2,E-commerce,298,280,264,16,16,301,79464,17.2,19,2,2,85,2,75,71
2025-01-14,Tuesday,3,January,2025,7,Belgium,EMEA,Belgium Hub,EMEA_CORE_EMAIL_TIER2,Voice,Consumer,Support,Tier 3,Telecom,471,460,439,21,21,794,348566,36.24782609,19,12,14,85,12,81,77
2022-03-11,Friday,10,March,2022,7,Greece,EMEA,Greece Hub,EMEA_RETAIL_VOICE_T2,Email,Premium,Support,Tier 2,Telecom,252,279,277,2,2,743,205811,5.326164875,15,7,8,81,6,71,86
2021-05-06,Thursday,18,May,2021,9,Luxembourg,EMEA,Luxembourg Hub,INBOUND_VOICE_TIER1,Chat,Premium,Inbound,Tier 1,Healthcare,432,445,417,28,28,354,147618,22.2741573,16,5,6,94,6,82,82
2022-12-15,Thursday,50,December,2022,8,Luxembourg,EMEA,Luxembourg Hub,TECH_SUPPORT_EMAIL_T3,Voice,Enterprise,Tech Support,Tier 3,Healthcare,375,355,350,5,5,213,74550,3.0,26,2,3,78,2,82,77
2025-06-20,Friday,25,June,2025,19,Germany,EMEA,Berlin,INBOUND_VOICE_TIER1,Email,Consumer,Inbound,Tier 1,Telecom,239,220,211,9,9,414,87354,16.93636364,31,3,4,71,3,88,67
2024-06-03,Monday,23,June,2024,12,Spain,EMEA,Madrid,EMEA_RETAIL_VOICE_T2,Voice,Enterprise,Support,Tier 3,E-commerce,223,251,243,8,8,628,152604,20.01593626,35,5,7,92,6,87,63
2021-07-05,Monday,27,July,2021,11,Spain,EMEA,Madrid,OUTBOUND_SALES_T2,Voice,Consumer,Outbound,Tier 3,Banking,210,194,178,16,16,438,77964,36.12371134,16,2,2,92,2,84,88
2021-01-03,Sunday,53,January,2021,9,Finland,EMEA,Finland Hub,TECH_SUPPORT_EMAIL_T3,Chat,Consumer,Tech Support,Tier 2,Healthcare,455,470,450,20,20,390,175500,16.59574468,21,6,7,85,6,72,73
2025-12-30,Tuesday,1,December,2025,15,Israel,EMEA,Israel Hub,RETENTION_VOICE_T2,Email,Consumer,Retention,Tier 3,Banking,205,204,183,21,21,624,114192,64.23529412,25,3,4,77,3,87,85
2023-01-21,Saturday,3,January,2023,15,Romania,EMEA,Romania Hub,EMEA_RETAIL_VOICE_T2,Email,Consumer,Support,Tier 1,E-commerce,230,224,211,13,13,669,141159,38.82589286,22,4,5,72,4,95,63
2022-12-02,Friday,48,December,2022,7,Spain,EMEA,Madrid,OUTBOUND_SALES_T2,Voice,Enterprise,Outbound,Tier 3,Retail,328,321,314,7,7,523,164222,11.40498442,29,5,6,74,4,94,86
2024-10-10,Thursday,41,October,2024,4,Italy,EMEA,Rome,CUSTOMER_SUPPORT_CHAT_T1,Chat,Premium,Customer Support,Tier 2,Healthcare,152,180,177,3,3,869,153813,14.48333333,20,5,6,93,6,84,82
2022-02-24,Thursday,8,February,2022,6,Portugal,EMEA,Portugal Hub,EMEA_CORE_EMAIL_T2,Chat,Enterprise,Support,Tier 3,Telecom,285,306,299,7,7,445,133055,10.17973856,31,4,5,78,4,87,62
2023-10-05,Thursday,40,October,2023,3,Belgium,EMEA,Belgium Hub,EMEA_CORE_EMAIL_T2,Email,Enterprise,Support,Tier 1,Telecom,272,279,268,11,11,610,163480,24.05017921,32,5,7,88,6,93,80
2023-09-18,Monday,38,September,2023,12,Netherlands,EMEA,Amsterdam,EMEA_CORE_EMAIL_T2,Email,Enterprise,Support,Tier 1,E-commerce,108,126,111,15,15,539,59829,64.16666667,16,2,2,94,2,93,78
2021-12-14,Tuesday,50,December,2021,11,Slovakia,EMEA,Slovakia Hub,EMEA_CORE_EMAIL_TIER2,Voice,Enterprise,Support,Tier 3,Retail,86,105,89,16,16,501,44589,76.34285714,33,1,1,79,1,83,64
2023-09-25,Monday,39,September,2023,0,Bulgaria,EMEA,Bulgaria Hub,EMEA_CORE_EMAIL_TIER2,Voice,Enterprise,Support,Tier 3,Healthcare,211,232,209,23,23,203,42427,20.125,23,1,1,76,1,92,77
2023-04-23,Sunday,16,April,2023,12,Poland,EMEA,Poland Hub,INBOUND_VOICE_TIER1,Email,Premium,Inbound,Tier 2,Telecom,94,83,73,10,10,374,27302,45.06024096,23,0,0,72,0,86,64
2021-08-11,Wednesday,32,August,2021,5,France,EMEA,Paris,TECH_SUPPORT_EMAIL_T3,Email,Consumer,Tech Support,Tier 1,E-commerce,100,87,86,1,1,773,66478,8.885057471,29,2,3,81,2,94,84
2023-10-21,Saturday,42,October,2023,0,Portugal,EMEA,Portugal Hub,INBOUND_VOICE_TIER1,Email,Enterprise,Inbound,Tier 1,Banking,465,476,447,29,29,830,371010,50.56722689,18,12,14,76,11,76,73
2022-08-18,Thursday,33,August,2022,22,Sweden,EMEA,Sweden Hub,RETENTION_VOICE_T2,Chat,Enterprise,Retention,Tier 2,Banking,448,467,454,13,13,444,201576,12.35974304,26,6,8,72,6,73,90
2023-08-24,Thursday,34,August,2023,20,Portugal,EMEA,Portugal Hub,EMEA_CHAT_SUPPORT_T1,Email,Premium,Support,Tier 2,Retail,368,365,344,21,21,698,240112,40.15890411,30,8,10,82,8,92,88
2024-01-03,Wednesday,1,January,2024,21,Norway,EMEA,Norway Hub,RETENTION_VOICE_T2,Voice,Consumer,Retention,Tier 1,Banking,493,508,499,9,9,185,92315,3.277559055,18,3,4,88,4,95,66
2023-07-09,Sunday,27,July,2023,21,Turkey,EMEA,Turkey Hub,EMEA_RETAIL_VOICE_T2,Voice,Premium,Support,Tier 3,Retail,79,106,97,9,9,210,20370,17.83018868,30,0,0,71,0,94,75
2023-02-12,Sunday,6,February,2023,17,Morocco,EMEA,Morocco Hub,CUSTOMER_SUPPORT_CHAT_T1,Email,Consumer,Customer Support,Tier 1,Retail,160,176,146,30,30,730,106580,124.4318182,20,3,4,93,4,76,80
2021-08-14,Saturday,32,August,2021,4,Sweden,EMEA,Sweden Hub,INBOUND_VOICE_TIER1,Chat,Premium,Inbound,Tier 3,Telecom,298,326,318,8,8,442,140556,10.84662577,22,4,5,91,5,88,74
2023-08-20,Sunday,33,August,2023,12,Greece,EMEA,Greece Hub,RETENTION_VOICE_T2,Email,Premium,Retention,Tier 1,E-commerce,341,321,299,22,22,797,238303,54.62305296,33,8,11,81,9,81,88
2022-10-13,Thursday,41,October,2022,15,Turkey,EMEA,Turkey Hub,EMEA_EMAIL_SUPPORT_T3,Email,Premium,Support,Tier 3,Telecom,243,255,248,7,7,423,104904,11.61176471,25,3,4,65,3,74,63
2021-01-02,Saturday,53,January,2021,4,Germany,EMEA,Berlin,EMEA_EMAIL_SUPPORT_T3,Chat,Consumer,Support,Tier 2,Healthcare,478,505,475,30,30,638,303050,37.9009901,33,10,13,90,12,71,72
2025-12-30,Tuesday,1,December,2025,9,Slovakia,EMEA,Slovakia Hub,INBOUND_VOICE_TIER1,Voice,Enterprise,Inbound,Tier 3,Retail,247,265,250,15,15,193,48250,10.9245283,31,1,1,79,1,78,69
2023-11-23,Thursday,47,November,2023,19,Italy,EMEA,Rome,EMEA_CORE_EMAIL_T2,Email,Premium,Support,Tier 1,Retail,470,474,459,15,15,618,283662,19.55696203,27,9,11,70,8,72,76
2021-04-21,Wednesday,16,April,2021,6,Turkey,EMEA,Turkey Hub,EMEA_CORE_EMAIL_TIER2,Email,Premium,Support,Tier 1,Healthcare,361,369,366,3,3,723,264618,5.878048781,23,9,11,75,8,71,82
2023-12-04,Monday,49,December,2023,12,Czech Republic,EMEA,Czech Republic Hub,OUTBOUND_SALES_T2,Email,Enterprise,Outbound,Tier 3,Healthcare,461,476,456,20,20,375,171000,15.75630252,29,5,6,68,4,77,83
2025-08-06,Wednesday,32,August,2025,9,Netherlands,EMEA,Amsterdam,INBOUND_VOICE_TIER1,Voice,Consumer,Inbound,Tier 3,E-commerce,173,203,195,8,8,242,47190,9.536945813,16,1,1,90,1,91,84
2025-08-26,Tuesday,35,August,2025,4,Morocco,EMEA,Morocco Hub,EMEA_EMAIL_SUPPORT_T3,Email,Consumer,Support,Tier 2,Banking,67,76,71,5,5,385,27335,25.32894737,15,0,0,87,0,92,72
2023-02-25,Saturday,8,February,2023,13,Germany,EMEA,Berlin,EMEA_EMAIL_SUPPORT_T3,Chat,Consumer,Support,Tier 2,Retail,329,346,335,11,11,506,169510,16.0867052,33,5,7,90,6,74,80
2022-06-02,Thursday,22,June,2022,9,United Kingdom,EMEA,London,EMEA_CORE_EMAIL_T2,Chat,Premium,Support,Tier 1,Telecom,273,255,248,7,7,686,170128,18.83137255,28,5,6,80,5,88,76
2023-12-22,Friday,51,December,2023,11,Bulgaria,EMEA,Bulgaria Hub,CUSTOMER_SUPPORT_CHAT_T1,Voice,Enterprise,Customer Support,Tier 2,Retail,496,520,495,25,25,455,225225,21.875,27,7,9,90,8,82,67
2022-07-15,Friday,28,July,2022,3,Hungary,EMEA,Hungary Hub,EMEA_RETAIL_VOICE_T2,Voice,Premium,Support,Tier 1,E-commerce,396,377,359,18,18,273,98007,13.03448276,24,3,4,78,3,92,84
2025-07-01,Tuesday,27,July,2025,9,France,EMEA,Paris,INBOUND_VOICE_TIER1,Voice,Premium,Inbound,Tier 3,Retail,129,136,113,23,23,457,51641,77.28676471,16,1,1,70,1,93,90
2021-04-01,Thursday,13,April,2021,14,Bulgaria,EMEA,Bulgaria Hub,EMEA_EMAIL_SUPPORT_T3,Voice,Consumer,Support,Tier 1,Retail,135,154,140,14,14,343,48020,31.18181818,33,1,1,74,1,82,85
2025-02-10,Monday,7,February,2025,9,Turkey,EMEA,Turkey Hub,EMEA_CORE_EMAIL_TIER2,Chat,Consumer,Support,Tier 3,Retail,467,483,458,25,25,365,167170,18.89233954,27,5,6,79,5,90,85
2023-01-05,Thursday,1,January,2023,19,Russia,EMEA,Russia Hub,RETENTION_VOICE_T2,Voice,Enterprise,Retention,Tier 1,E-commerce,471,463,434,29,29,250,108500,15.6587473,15,3,3,84,3,75,68
2021-05-02,Sunday,17,May,2021,5,Poland,EMEA,Poland Hub,EMEA_RETAIL_VOICE_T2,Chat,Enterprise,Support,Tier 1,Telecom,324,304,293,11,11,743,217699,26.88486842,27,7,9,77,7,85,89
2023-05-24,Wednesday,21,May,2023,23,Ukraine,EMEA,Ukraine Hub,EMEA_CORE_EMAIL_TIER2,Chat,Premium,Support,Tier 1,Retail,58,87,58,29,29,437,25346,145.6666667,25,0,0,83,0,77,82
2022-10-21,Friday,42,October,2022,19,Slovakia,EMEA,Slovakia Hub,EMEA_CORE_EMAIL_TIER2,Email,Consumer,Support,Tier 2,Retail,308,314,296,18,18,373,110408,21.38216561,25,3,4,86,3,73,60
2023-07-28,Friday,30,July,2023,13,Ukraine,EMEA,Ukraine Hub,EMEA_CHAT_SUPPORT_T1,Voice,Consumer,Support,Tier 2,Retail,177,187,176,11,11,589,103664,34.64705882,23,3,4,87,3,77,77
2025-04-06,Sunday,14,April,2025,23,Slovenia,EMEA,Slovenia Hub,TECH_SUPPORT_EMAIL_T3,Email,Consumer,Tech Support,Tier 2,Telecom,459,489,466,23,23,482,224612,22.67075665,29,7,9,94,8,79,64
2024-11-10,Sunday,45,November,2024,16,Bulgaria,EMEA,Bulgaria Hub,CUSTOMER_SUPPORT_CHAT_T1,Voice,Enterprise,Customer Support,Tier 3,Telecom,476,480,453,27,27,685,310305,38.53125,22,10,12,76,9,71,84
2024-11-17,Sunday,46,November,2024,12,Kenya,EMEA,Kenya Hub,EMEA_CORE_EMAIL_TIER2,Chat,Consumer,Support,Tier 1,Retail,484,469,469,0,0,205,96145,0.0,34,3,4,93,4,94,60
2023-10-14,Saturday,41,October,2023,19,Germany,EMEA,Berlin,OUTBOUND_SALES_T2,Voice,Premium,Outbound,Tier 1,E-commerce,386,400,371,29,29,832,308672,60.32,20,10,12,70,8,71,60
2022-10-25,Tuesday,43,October,2022,3,Slovakia,EMEA,Slovakia Hub,EMEA_RETAIL_VOICE_T2,Email,Premium,Support,Tier 3,E-commerce,440,433,432,1,1,751,324432,1.734411086,27,11,14,67,9,79,60
2022-06-22,Wednesday,25,June,2022,2,Slovakia,EMEA,Slovakia Hub,CUSTOMER_SUPPORT_CHAT_T1,Chat,Enterprise,Customer Support,Tier 2,Banking,198,197,196,1,1,516,101136,2.61928934,32,3,4,79,3,88,69
2021-01-05,Tuesday,1,January,2021,17,Denmark,EMEA,Denmark Hub,TECH_SUPPORT_EMAIL_T3,Voice,Premium,Tech Support,Tier 1,Retail,488,508,504,4,4,296,149184,2.330708661,28,5,6,69,4,80,61
2025-12-06,Saturday,49,December,2025,21,Belgium,EMEA,Belgium Hub,RETENTION_VOICE_T2,Chat,Enterprise,Retention,Tier 2,Banking,207,213,204,9,9,392,79968,16.56338028,17,2,2,66,1,95,89
2023-04-17,Monday,16,April,2023,9,Portugal,EMEA,Portugal Hub,INBOUND_VOICE_TIER1,Email,Enterprise,Inbound,Tier 1,Telecom,152,151,134,17,17,284,38056,31.97350993,28,1,1,84,1,84,88
2022-05-09,Monday,19,May,2022,19,Norway,EMEA,Norway Hub,RETENTION_VOICE_T2,Chat,Premium,Retention,Tier 2,Telecom,191,199,185,14,14,658,121730,46.29145729,31,4,5,67,3,88,86
2022-09-26,Monday,39,September,2022,19,Turkey,EMEA,Turkey Hub,CUSTOMER_SUPPORT_CHAT_T1,Voice,Premium,Customer Support,Tier 1,Telecom,337,323,323,0,0,875,282625,0.0,35,9,12,70,8,90,75
2022-03-21,Monday,12,March,2022,4,Luxembourg,EMEA,Luxembourg Hub,EMEA_EMAIL_SUPPORT_T3,Voice,Enterprise,Support,Tier 1,E-commerce,54,46,42,4,4,839,35238,72.95652174,24,1,1,67,1,86,84
2025-11-23,Sunday,47,November,2025,0,Slovenia,EMEA,Slovenia Hub,RETENTION_VOICE_T2,Chat,Consumer,Retention,Tier 3,Retail,64,56,34,22,22,261,8874,102.5357143,24,0,0,83,0,75,87
2024-05-11,Saturday,19,May,2024,8,Ireland,EMEA,Dublin,EMEA_RETAIL_VOICE_T2,Voice,Premium,Support,Tier 1,Banking,324,320,291,29,29,671,195261,60.809375,15,6,7,66,5,91,87
2023-01-03,Tuesday,1,January,2023,22,Turkey,EMEA,Turkey Hub,CUSTOMER_SUPPORT_CHAT_T1,Voice,Consumer,Customer Support,Tier 1,Banking,229,238,225,13,13,218,49050,11.90756303,24,1,1,90,1,94,69
2022-01-27,Thursday,4,January,2022,17,Finland,EMEA,Finland Hub,CUSTOMER_SUPPORT_CHAT_T1,Chat,Consumer,Customer Support,Tier 1,Retail,283,270,259,11,11,337,87283,13.72962963,23,3,4,78,3,75,77
2023-11-16,Thursday,46,November,2023,17,Slovakia,EMEA,Slovakia Hub,CUSTOMER_SUPPORT_CHAT_T1,Chat,Premium,Customer Support,Tier 1,Telecom,123,127,101,26,26,236,23836,48.31496063,33,0,0,81,0,76,84
2025-11-23,Sunday,47,November,2025,5,Italy,EMEA,Rome,OUTBOUND_SALES_T2,Chat,Consumer,Outbound,Tier 3,Telecom,353,353,328,25,25,477,156456,33.78186969,20,5,6,74,4,94,72
2021-07-20,Tuesday,29,July,2021,19,Bulgaria,EMEA,Bulgaria Hub,CUSTOMER_SUPPORT_CHAT_T1,Chat,Consumer,Customer Support,Tier 1,Retail,280,276,270,6,6,546,147420,11.86956522,21,5,6,87,5,91,73
2021-05-27,Thursday,21,May,2021,17,Belgium,EMEA,Belgium Hub,OUTBOUND_SALES_T2,Email,Premium,Outbound,Tier 3,Telecom,183,184,174,10,10,897,156078,48.75,31,5,7,85,6,76,73
2022-08-10,Wednesday,32,August,2022,13,Finland,EMEA,Finland Hub,RETENTION_VOICE_T2,Voice,Consumer,Retention,Tier 3,Healthcare,226,253,246,7,7,477,117342,13.19762846,18,4,5,68,3,80,89
2025-04-04,Friday,14,April,2025,9,Greece,EMEA,Greece Hub,EMEA_CORE_EMAIL_TIER2,Chat,Enterprise,Support,Tier 3,Retail,194,187,179,8,8,862,154298,36.87700535,28,5,6,72,4,75,60
2022-12-17,Saturday,50,December,2022,23,Finland,EMEA,Finland Hub,TECH_SUPPORT_EMAIL_T3,Voice,Consumer,Tech Support,Tier 2,E-commerce,268,276,249,27,27,766,190734,74.93478261,23,6,7,89,6,84,72
2021-09-04,Saturday,35,September,2021,22,Finland,EMEA,Finland Hub,INBOUND_VOICE_TIER1,Chat,Enterprise,Inbound,Tier 1,Banking,325,324,310,14,14,551,170810,23.80864198,23,5,6,70,4,87,75
2021-08-27,Friday,34,August,2021,18,Luxembourg,EMEA,Luxembourg Hub,RETENTION_VOICE_T2,Chat,Enterprise,Retention,Tier 3,Retail,151,181,173,8,8,311,53803,13.74585635,34,1,1,92,1,89,66
2021-03-24,Wednesday,12,March,2021,2,Luxembourg,EMEA,Luxembourg Hub,EMEA_CORE_EMAIL_T2,Chat,Premium,Support,Tier 3,Retail,355,348,332,16,16,310,102920,14.25287356,31,3,4,92,4,91,65
2025-08-30,Saturday,35,August,2025,15,France,EMEA,Paris,EMEA_CORE_EMAIL_TIER2,Email,Consumer,Support,Tier 1,Healthcare,494,487,469,18,18,797,373793,29.45790554,30,12,16,77,12,83,64
2022-04-08,Friday,14,April,2022,20,Bulgaria,EMEA,Bulgaria Hub,EMEA_RETAIL_VOICE_T2,Email,Consumer,Support,Tier 2,Banking,263,250,237,13,13,756,179172,39.312,30,6,8,66,5,91,75
2024-12-05,Thursday,49,December,2024,1,France,EMEA,Paris,INBOUND_VOICE_TIER1,Voice,Premium,Inbound,Tier 3,Retail,382,373,368,5,5,602,221536,8.069705094,15,7,8,74,6,71,81
2025-01-08,Wednesday,2,January,2025,14,Morocco,EMEA,Morocco Hub,TECH_SUPPORT_EMAIL_T3,Voice,Premium,Tech Support,Tier 2,E-commerce,464,472,462,10,10,208,96096,4.406779661,23,3,4,90,4,95,67
2023-09-04,Monday,36,September,2023,2,Slovakia,EMEA,Slovakia Hub,EMEA_EMAIL_SUPPORT_T3,Voice,Consumer,Support,Tier 3,E-commerce,305,312,286,26,26,809,231374,67.41666667,23,8,10,65,7,86,60
2025-11-13,Thursday,46,November,2025,11,Bulgaria,EMEA,Bulgaria Hub,OUTBOUND_SALES_T2,Voice,Premium,Outbound,Tier 1,Telecom,453,473,446,27,27,602,268492,34.36363636,27,9,11,95,10,72,89
2022-04-16,Saturday,15,April,2022,0,Iceland,EMEA,Iceland Hub,EMEA_RETAIL_VOICE_T2,Voice,Premium,Support,Tier 3,Banking,111,97,81,16,16,205,16605,33.81443299,22,0,0,70,0,88,70
2024-04-14,Sunday,15,April,2024,16,Hungary,EMEA,Hungary Hub,TECH_SUPPORT_EMAIL_T3,Email,Premium,Tech Support,Tier 2,Healthcare,137,148,121,27,27,188,22748,34.2972973,16,0,0,79,0,80,80
2023-08-07,Monday,32,August,2023,5,United Kingdom,EMEA,London,CUSTOMER_SUPPORT_CHAT_T1,Voice,Premium,Customer Support,Tier 2,E-commerce,466,459,459,0,0,332,152388,0.0,35,5,7,80,6,94,81
2022-10-23,Sunday,42,October,2022,15,Romania,EMEA,Romania Hub,OUTBOUND_SALES_T2,Chat,Enterprise,Outbound,Tier 1,Healthcare,137,157,145,12,12,230,33350,17.57961783,17,1,1,71,1,72,85
2025-04-04,Friday,14,April,2025,17,Denmark,EMEA,Denmark Hub,RETENTION_VOICE_T2,Voice,Consumer,Retention,Tier 2,Retail,387,387,376,11,11,183,68808,5.201550388,21,2,2,81,2,87,71
2023-08-08,Tuesday,32,August,2023,8,Netherlands,EMEA,Amsterdam,EMEA_CORE_EMAIL_TIER2,Chat,Premium,Support,Tier 3,Healthcare,148,130,116,14,14,764,88624,82.27692308,15,3,3,68,2,80,74
2025-11-26,Wednesday,48,November,2025,3,Greece,EMEA,Greece Hub,EMEA_EMAIL_SUPPORT_T3,Voice,Enterprise,Support,Tier 1,Retail,405,390,379,11,11,466,176614,13.14358974,29,6,8,85,7,86,87
2021-02-07,Sunday,5,February,2021,1,Czech Republic,EMEA,Czech Republic Hub,TECH_SUPPORT_EMAIL_T3,Email,Consumer,Tech Support,Tier 1,Retail,92,117,93,24,24,636,59148,130.4615385,20,2,2,89,2,89,69
2021-07-30,Friday,30,July,2021,1,Belgium,EMEA,Belgium Hub,EMEA_CORE_EMAIL_T2,Chat,Enterprise,Support,Tier 2,Banking,429,424,424,0,0,618,262032,0.0,22,9,11,76,8,79,69
2022-12-17,Saturday,50,December,2022,13,United Kingdom,EMEA,London,RETENTION_VOICE_T2,Voice,Premium,Retention,Tier 2,Healthcare,50,42,14,28,28,384,5376,256.0,27,0,0,79,0,75,60
2023-05-09,Tuesday,19,May,2023,19,Morocco,EMEA,Morocco Hub,OUTBOUND_SALES_T2,Voice,Premium,Outbound,Tier 1,Healthcare,130,118,109,9,9,552,60168,42.10169492,22,2,2,90,2,74,87
2025-11-03,Monday,45,November,2025,5,Israel,EMEA,Israel Hub,EMEA_RETAIL_VOICE_T2,Voice,Enterprise,Support,Tier 1,E-commerce,326,320,300,20,20,459,137700,28.6875,33,4,5,65,3,86,65
2022-01-18,Tuesday,3,January,2022,4,Kenya,EMEA,Kenya Hub,CUSTOMER_SUPPORT_CHAT_T1,Chat,Premium,Customer Support,Tier 1,Healthcare,422,443,418,25,25,841,351538,47.46049661,21,12,15,66,10,71,77
2024-07-03,Wednesday,27,July,2024,2,Poland,EMEA,Poland Hub,RETENTION_VOICE_T2,Chat,Premium,Retention,Tier 3,E-commerce,263,274,269,5,5,435,117015,7.937956204,19,4,5,91,5,83,61
2022-08-27,Saturday,34,August,2022,22,Netherlands,EMEA,Amsterdam,EMEA_CORE_EMAIL_TIER2,Chat,Enterprise,Support,Tier 2,E-commerce,91,93,73,20,20,719,52487,154.6236559,27,1,1,86,1,81,66
2023-05-12,Friday,19,May,2023,20,Spain,EMEA,Madrid,INBOUND_VOICE_TIER1,Voice,Consumer,Inbound,Tier 2,Retail,293,310,296,14,14,396,117216,17.88387097,26,4,5,69,3,71,67
2025-02-07,Friday,6,February,2025,13,Greece,EMEA,Greece Hub,EMEA_CORE_EMAIL_T2,Voice,Premium,Support,Tier 1,Telecom,207,198,196,2,2,434,85064,4.383838384,27,2,3,78,2,94,81
2025-07-19,Saturday,29,July,2025,8,Greece,EMEA,Greece Hub,EMEA_EMAIL_SUPPORT_T3,Email,Consumer,Support,Tier 3,Telecom,406,406,379,27,27,790,299410,52.53694581,20,10,12,73,9,95,86
2022-12-27,Tuesday,52,December,2022,16,Kenya,EMEA,Kenya Hub,EMEA_EMAIL_SUPPORT_T3,Email,Consumer,Support,Tier 1,Healthcare,281,309,299,10,10,574,171626,18.57605178,25,5,6,88,5,83,88
2023-03-02,Thursday,9,March,2023,22,Italy,EMEA,Rome,TECH_SUPPORT_EMAIL_T3,Voice,Premium,Tech Support,Tier 1,Banking,477,495,470,25,25,577,271190,29.14141414,34,9,12,77,9,77,89
2025-11-05,Wednesday,45,November,2025,15,Netherlands,EMEA,Amsterdam,EMEA_RETAIL_VOICE_T2,Voice,Premium,Support,Tier 3,Banking,254,270,241,29,29,806,194246,86.57037037,35,6,8,85,7,90,66
2025-02-26,Wednesday,9,February,2025,17,Ukraine,EMEA,Ukraine Hub,CUSTOMER_SUPPORT_CHAT_T1,Email,Premium,Customer Support,Tier 3,E-commerce,308,331,319,12,12,627,200013,22.73111782,22,6,7,92,6,94,65
2023-09-11,Monday,37,September,2023,13,Denmark,EMEA,Denmark Hub,EMEA_CORE_EMAIL_TIER2,Chat,Enterprise,Support,Tier 1,Healthcare,222,247,227,20,20,800,181600,64.77732794,15,6,7,91,6,91,86
2021-01-28,Thursday,4,January,2021,3,Spain,EMEA,Madrid,EMEA_EMAIL_SUPPORT_T3,Chat,Enterprise,Support,Tier 1,Banking,462,469,469,0,0,565,264985,0.0,16,9,10,80,8,85,71
2021-09-08,Wednesday,36,September,2021,0,France,EMEA,Paris,EMEA_CORE_EMAIL_T2,Email,Premium,Support,Tier 1,Retail,194,180,164,16,16,270,44280,24.0,31,1,1,95,1,84,72
2022-04-22,Friday,16,April,2022,10,South Africa,EMEA,Cape Town,INBOUND_VOICE_TIER1,Email,Enterprise,Inbound,Tier 2,E-commerce,374,365,355,10,10,655,232525,17.94520548,30,8,10,72,7,76,74
2024-02-05,Monday,6,February,2024,17,Italy,EMEA,Rome,EMEA_CORE_EMAIL_T2,Email,Consumer,Support,Tier 3,Telecom,449,477,451,26,26,573,258423,31.2327044,22,8,10,67,7,91,71
2022-07-14,Thursday,28,July,2022,5,Ireland,EMEA,Dublin,RETENTION_VOICE_T2,Voice,Enterprise,Retention,Tier 2,Healthcare,159,187,158,29,29,424,66992,65.7540107,16,2,2,67,1,86,62
2024-05-15,Wednesday,20,May,2024,7,Hungary,EMEA,Hungary Hub,INBOUND_VOICE_TIER1,Voice,Premium,Inbound,Tier 1,Healthcare,380,402,377,25,25,431,162487,26.80348259,17,5,6,95,6,70,76
2024-04-14,Sunday,15,April,2024,23,Ireland,EMEA,Dublin,EMEA_CHAT_SUPPORT_T1,Voice,Enterprise,Support,Tier 1,Telecom,125,137,129,8,8,480,61920,28.02919708,30,2,3,69,2,77,86
2023-01-27,Friday,4,January,2023,8,Iceland,EMEA,Iceland Hub,RETENTION_VOICE_T2,Chat,Enterprise,Retention,Tier 3,E-commerce,323,318,313,5,5,404,126452,6.352201258,19,4,5,71,4,83,63
2024-11-22,Friday,47,November,2024,7,Ireland,EMEA,Dublin,EMEA_RETAIL_VOICE_T2,Voice,Premium,Support,Tier 2,Telecom,329,348,323,25,25,449,145027,32.25574713,15,5,6,81,5,79,78
2024-05-27,Monday,22,May,2024,16,Hungary,EMEA,Hungary Hub,EMEA_CHAT_SUPPORT_T1,Voice,Enterprise,Support,Tier 3,Healthcare,481,478,459,19,19,667,306153,26.5125523,21,10,12,94,11,78,64
2021-08-05,Thursday,31,August,2021,15,Ukraine,EMEA,Ukraine Hub,EMEA_EMAIL_SUPPORT_T3,Voice,Consumer,Support,Tier 2,Healthcare,84,98,83,15,15,182,15106,27.85714286,19,0,0,85,0,89,60
2022-08-16,Tuesday,33,August,2022,10,Hungary,EMEA,Hungary Hub,INBOUND_VOICE_TIER1,Email,Enterprise,Inbound,Tier 1,E-commerce,77,96,76,20,20,228,17328,47.5,19,0,0,93,0,92,88
2025-04-19,Saturday,16,April,2025,20,Norway,EMEA,Norway Hub,EMEA_EMAIL_SUPPORT_T3,Voice,Enterprise,Support,Tier 3,Healthcare,453,476,447,29,29,861,384867,52.45588235,35,13,18,76,14,90,86
2021-02-16,Tuesday,7,February,2021,19,Sweden,EMEA,Sweden Hub,RETENTION_VOICE_T2,Chat,Enterprise,Retention,Tier 2,Banking,70,91,76,15,15,856,65056,141.0989011,15,2,2,87,2,79,76
2023-03-23,Thursday,12,March,2023,22,France,EMEA,Paris,TECH_SUPPORT_EMAIL_T3,Voice,Premium,Tech Support,Tier 3,Banking,492,475,464,11,11,584,270976,13.52421053,24,9,11,84,9,71,69
2021-03-21,Sunday,11,March,2021,9,United Kingdom,EMEA,London,INBOUND_VOICE_TIER1,Chat,Premium,Inbound,Tier 1,Banking,96,116,115,1,1,861,99015,7.422413793,32,3,4,81,3,90,69
2021-11-28,Sunday,47,November,2021,15,Kenya,EMEA,Kenya Hub,TECH_SUPPORT_EMAIL_T3,Email,Enterprise,Tech Support,Tier 1,Telecom,62,61,52,9,9,568,29536,83.80327869,28,1,1,89,1,72,60
2023-04-26,Wednesday,17,April,2023,11,Romania,EMEA,Romania Hub,OUTBOUND_SALES_T2,Email,Premium,Outbound,Tier 2,E-commerce,380,362,361,1,1,861,310821,2.378453039,19,10,12,85,10,80,90
2025-03-18,Tuesday,12,March,2025,23,Norway,EMEA,Norway Hub,EMEA_CHAT_SUPPORT_T1,Email,Enterprise,Support,Tier 1,Healthcare,161,180,167,13,13,410,68470,29.61111111,26,2,3,69,2,81,89
2023-06-15,Thursday,24,June,2023,20,Ireland,EMEA,Dublin,EMEA_CORE_EMAIL_T2,Voice,Premium,Support,Tier 1,Retail,222,204,178,26,26,789,140442,100.5588235,24,4,5,88,4,77,84
2025-05-12,Monday,20,May,2025,7,Luxembourg,EMEA,Luxembourg Hub,RETENTION_VOICE_T2,Email,Premium,Retention,Tier 3,E-commerce,411,414,404,10,10,887,358348,21.42512077,26,12,15,76,11,90,67
2021-05-16,Sunday,19,May,2021,15,Netherlands,EMEA,Amsterdam,EMEA_CORE_EMAIL_TIER2,Email,Enterprise,Support,Tier 3,Retail,475,500,480,20,20,383,183840,15.32,15,6,7,82,6,77,73
2025-11-22,Saturday,47,November,2025,15,Norway,EMEA,Norway Hub,CUSTOMER_SUPPORT_CHAT_T1,Chat,Enterprise,Customer Support,Tier 3,Banking,326,323,317,6,6,241,76397,4.476780186,20,2,2,77,2,91,74
2024-05-24,Friday,21,May,2024,6,Kenya,EMEA,Kenya Hub,EMEA_CORE_EMAIL_T2,Email,Premium,Support,Tier 3,Retail,297,277,264,13,13,549,144936,25.76534296,26,5,6,89,5,91,76
2023-11-29,Wednesday,48,November,2023,21,Slovenia,EMEA,Slovenia Hub,TECH_SUPPORT_EMAIL_T3,Chat,Enterprise,Tech Support,Tier 2,Healthcare,66,67,66,1,1,328,21648,4.895522388,31,0,0,85,0,91,84
2023-11-14,Tuesday,46,November,2023,22,Finland,EMEA,Finland Hub,EMEA_CORE_EMAIL_T2,Chat,Premium,Support,Tier 3,E-commerce,182,201,179,22,22,659,117961,72.12935323,31,4,5,91,5,81,63
2025-06-08,Sunday,23,June,2025,21,Norway,EMEA,Norway Hub,CUSTOMER_SUPPORT_CHAT_T1,Chat,Premium,Customer Support,Tier 3,Banking,379,403,390,13,13,213,83070,6.870967742,16,2,2,78,2,78,89
2023-07-28,Friday,30,July,2023,13,Netherlands,EMEA,Amsterdam,EMEA_CORE_EMAIL_T2,Email,Enterprise,Support,Tier 1,E-commerce,218,214,185,29,29,269,49765,36.45327103,17,1,1,80,1,93,64
2024-09-05,Thursday,36,September,2024,18,Netherlands,EMEA,Amsterdam,EMEA_RETAIL_VOICE_T2,Chat,Consumer,Support,Tier 3,Retail,352,356,339,17,17,750,254250,35.81460674,35,8,11,79,9,78,88
2022-02-15,Tuesday,7,February,2022,22,Slovenia,EMEA,Slovenia Hub,EMEA_CHAT_SUPPORT_T1,Chat,Consumer,Support,Tier 1,Healthcare,246,245,245,0,0,457,111965,0.0,24,3,4,81,3,72,73
2025-12-02,Tuesday,49,December,2025,12,Russia,EMEA,Russia Hub,INBOUND_VOICE_TIER1,Voice,Premium,Inbound,Tier 3,Telecom,365,371,368,3,3,614,225952,4.964959569,27,7,9,71,6,72,64
2023-12-25,Monday,52,December,2023,20,United Kingdom,EMEA,London,EMEA_RETAIL_VOICE_T2,Email,Enterprise,Support,Tier 2,Telecom,493,476,450,26,26,599,269550,32.7184874,21,9,11,81,9,94,65
2023-09-11,Monday,37,September,2023,21,Spain,EMEA,Madrid,EMEA_RETAIL_VOICE_T2,Voice,Enterprise,Support,Tier 3,Healthcare,279,265,252,13,13,831,209412,40.76603774,22,7,9,65,6,81,69
2024-09-20,Friday,38,September,2024,8,Belgium,EMEA,Belgium Hub,EMEA_EMAIL_SUPPORT_T3,Chat,Enterprise,Support,Tier 2,Healthcare,347,351,322,29,29,219,70518,18.09401709,25,2,3,66,2,83,77
2025-10-11,Saturday,41,October,2025,22,Ireland,EMEA,Dublin,EMEA_CORE_EMAIL_TIER2,Chat,Consumer,Support,Tier 3,E-commerce,233,219,200,19,19,843,168600,73.1369863,17,5,6,66,4,75,88
2024-08-22,Thursday,34,August,2024,22,Portugal,EMEA,Portugal Hub,INBOUND_VOICE_TIER1,Voice,Premium,Inbound,Tier 3,Healthcare,254,266,236,30,30,617,145612,69.58646617,19,5,6,77,5,94,88
2024-07-21,Sunday,29,July,2024,9,Bulgaria,EMEA,Bulgaria Hub,EMEA_CORE_EMAIL_T2,Chat,Enterprise,Support,Tier 3,E-commerce,435,430,410,20,20,793,325130,36.88372093,21,11,13,94,12,82,62
2025-02-25,Tuesday,9,February,2025,10,Slovenia,EMEA,Slovenia Hub,EMEA_EMAIL_SUPPORT_T3,Chat,Enterprise,Support,Tier 3,Telecom,385,370,357,13,13,863,308091,30.32162162,30,10,13,81,11,80,65
2025-07-29,Tuesday,31,July,2025,10,Kenya,EMEA,Kenya Hub,TECH_SUPPORT_EMAIL_T3,Chat,Consumer,Tech Support,Tier 1,E-commerce,178,205,194,11,11,623,120862,33.42926829,19,4,5,66,3,77,80
2023-12-15,Friday,50,December,2023,17,Ukraine,EMEA,Ukraine Hub,EMEA_CHAT_SUPPORT_T1,Email,Enterprise,Support,Tier 2,Telecom,174,204,204,0,0,862,175848,0.0,17,6,7,88,6,73,69
2021-07-17,Saturday,28,July,2021,22,Ukraine,EMEA,Ukraine Hub,RETENTION_VOICE_T2,Email,Enterprise,Retention,Tier 3,E-commerce,311,327,316,11,11,849,268284,28.55963303,25,9,11,87,10,73,82
2022-10-12,Wednesday,41,October,2022,12,Romania,EMEA,Romania Hub,EMEA_RETAIL_VOICE_T2,Email,Consumer,Support,Tier 3,Retail,74,98,84,14,14,837,70308,119.5714286,29,2,3,93,3,93,87
2021-06-27,Sunday,25,June,2021,2,Luxembourg,EMEA,Luxembourg Hub,CUSTOMER_SUPPORT_CHAT_T1,Chat,Enterprise,Customer Support,Tier 3,Retail,472,495,470,25,25,800,376000,40.4040404,22,13,16,94,15,82,71
2021-03-06,Saturday,9,March,2021,0,Kenya,EMEA,Kenya Hub,CUSTOMER_SUPPORT_CHAT_T1,Email,Enterprise,Customer Support,Tier 1,Retail,396,417,398,19,19,738,293724,33.62589928,23,10,12,66,8,95,68
2024-10-27,Sunday,43,October,2024,20,Spain,EMEA,Madrid,EMEA_CORE_EMAIL_TIER2,Email,Consumer,Support,Tier 3,E-commerce,283,285,255,30,30,588,149940,61.89473684,20,5,6,91,5,80,85
2021-05-28,Friday,21,May,2021,13,Bulgaria,EMEA,Bulgaria Hub,INBOUND_VOICE_TIER1,Email,Enterprise,Inbound,Tier 1,E-commerce,465,463,438,25,25,860,376680,46.4362851,27,13,17,87,15,89,69
2024-08-18,Sunday,33,August,2024,1,Italy,EMEA,Rome,CUSTOMER_SUPPORT_CHAT_T1,Voice,Premium,Customer Support,Tier 3,Healthcare,460,481,473,8,8,374,176902,6.22037422,24,6,7,75,5,79,84
2025-05-07,Wednesday,19,May,2025,15,Slovenia,EMEA,Slovenia Hub,EMEA_CHAT_SUPPORT_T1,Chat,Consumer,Support,Tier 1,Retail,413,431,414,17,17,209,86526,8.24361949,17,3,4,80,3,80,64
2021-12-26,Sunday,51,December,2021,23,Netherlands,EMEA,Amsterdam,CUSTOMER_SUPPORT_CHAT_T1,Email,Consumer,Customer Support,Tier 2,Banking,312,300,271,29,29,665,180215,64.28333333,27,6,8,71,6,74,71
2022-05-05,Thursday,18,May,2022,18,Turkey,EMEA,Turkey Hub,OUTBOUND_SALES_T2,Email,Consumer,Outbound,Tier 3,Banking,116,102,98,4,4,621,60858,24.35294118,23,2,2,80,2,92,67
2021-03-07,Sunday,9,March,2021,16,Italy,EMEA,Rome,RETENTION_VOICE_T2,Email,Enterprise,Retention,Tier 1,Telecom,377,372,355,17,17,245,86975,11.19623656,16,3,3,75,2,87,61
2023-11-03,Friday,44,November,2023,16,Slovenia,EMEA,Slovenia Hub,EMEA_RETAIL_VOICE_T2,Chat,Enterprise,Support,Tier 3,Retail,99,85,60,25,25,761,45660,223.8235294,32,1,1,92,1,79,89
2023-09-30,Saturday,39,September,2023,20,Spain,EMEA,Madrid,EMEA_RETAIL_VOICE_T2,Chat,Consumer,Support,Tier 2,Banking,131,160,144,16,16,760,109440,76.0,28,3,4,94,4,88,60
2025-09-08,Monday,37,September,2025,18,Sweden,EMEA,Sweden Hub,INBOUND_VOICE_TIER1,Email,Premium,Inbound,Tier 1,Telecom,205,201,200,1,1,701,140200,3.487562189,32,4,5,86,4,75,82
2022-04-22,Friday,16,April,2022,22,Czech Republic,EMEA,Czech Republic Hub,EMEA_RETAIL_VOICE_T2,Voice,Enterprise,Support,Tier 1,Banking,451,446,436,10,10,181,78916,4.058295964,25,2,3,68,2,88,87
2023-11-18,Saturday,46,November,2023,8,Greece,EMEA,Greece Hub,TECH_SUPPORT_EMAIL_T3,Voice,Enterprise,Tech Support,Tier 2,Telecom,287,305,287,18,18,862,247394,50.87213115,23,8,10,65,7,89,78
2025-10-24,Friday,43,October,2025,0,Portugal,EMEA,Portugal Hub,TECH_SUPPORT_EMAIL_T3,Email,Enterprise,Tech Support,Tier 3,Banking,222,208,208,0,0,421,87568,0.0,27,3,4,67,3,73,70
2022-06-08,Wednesday,23,June,2022,7,Poland,EMEA,Poland Hub,EMEA_RETAIL_VOICE_T2,Chat,Premium,Support,Tier 2,Banking,326,324,321,3,3,887,284727,8.212962963,27,9,11,93,10,75,69
2021-12-27,Monday,52,December,2021,6,Ireland,EMEA,Dublin,OUTBOUND_SALES_T2,Voice,Premium,Outbound,Tier 2,Retail,73,103,90,13,13,837,75330,105.6407767,18,2,2,69,1,83,81
2022-09-09,Friday,36,September,2022,16,Iceland,EMEA,Iceland Hub,EMEA_RETAIL_VOICE_T2,Voice,Enterprise,Support,Tier 3,E-commerce,224,250,239,11,11,342,81738,15.048,24,2,2,91,2,74,66
2025-09-02,Tuesday,36,September,2025,2,Germany,EMEA,Berlin,EMEA_RETAIL_VOICE_T2,Voice,Consumer,Support,Tier 2,Telecom,411,406,389,17,17,648,252072,27.13300493,21,8,10,74,7,87,87
2025-12-15,Monday,51,December,2025,16,Italy,EMEA,Rome,RETENTION_VOICE_T2,Chat,Consumer,Retention,Tier 2,Healthcare,448,436,436,0,0,850,370600,0.0,34,12,16,89,14,88,76
2024-11-07,Thursday,45,November,2024,7,Finland,EMEA,Finland Hub,EMEA_CHAT_SUPPORT_T1,Voice,Consumer,Support,Tier 1,Retail,116,118,105,13,13,307,32235,33.8220339,23,1,1,81,1,94,82
2023-10-28,Saturday,43,October,2023,22,South Africa,EMEA,Cape Town,INBOUND_VOICE_TIER1,Email,Consumer,Inbound,Tier 2,Healthcare,68,82,53,29,29,276,14628,97.6097561,29,0,0,87,0,79,76
2023-08-07,Monday,32,August,2023,17,France,EMEA,Paris,EMEA_EMAIL_SUPPORT_T3,Voice,Premium,Support,Tier 3,Retail,284,294,276,18,18,192,52992,11.75510204,21,1,1,74,1,94,90
2022-03-02,Wednesday,9,March,2022,7,United Kingdom,EMEA,London,INBOUND_VOICE_TIER1,Chat,Premium,Inbound,Tier 3,Banking,258,286,279,7,7,495,138105,12.11538462,26,4,5,76,4,88,85
2023-06-05,Monday,23,June,2023,2,Morocco,EMEA,Morocco Hub,EMEA_CORE_EMAIL_T2,Voice,Consumer,Support,Tier 2,Banking,198,195,192,3,3,395,75840,6.076923077,24,2,2,80,2,80,62
2021-07-27,Tuesday,30,July,2021,2,Israel,EMEA,Israel Hub,EMEA_CHAT_SUPPORT_T1,Chat,Enterprise,Support,Tier 1,Retail,374,373,343,30,30,203,69629,16.32707775,20,2,2,87,2,71,75
2023-02-23,Thursday,8,February,2023,1,France,EMEA,Paris,EMEA_CORE_EMAIL_T2,Voice,Enterprise,Support,Tier 1,E-commerce,483,480,452,28,28,329,148708,19.19166667,21,5,6,95,6,95,64
2023-01-12,Thursday,2,January,2023,16,Belgium,EMEA,Belgium Hub,INBOUND_VOICE_TIER1,Email,Enterprise,Inbound,Tier 2,Telecom,121,138,111,27,27,378,41958,73.95652174,24,1,1,76,1,79,78
2025-02-06,Thursday,6,February,2025,2,Denmark,EMEA,Denmark Hub,EMEA_CORE_EMAIL_T2,Voice,Premium,Support,Tier 1,E-commerce,284,310,286,24,24,359,102674,27.79354839,25,3,4,93,4,83,81
2025-03-24,Monday,13,March,2025,6,United Kingdom,EMEA,London,EMEA_CORE_EMAIL_T2,Email,Consumer,Support,Tier 2,Retail,80,107,86,21,21,546,46956,107.1588785,17,1,1,94,1,82,74
2023-04-01,Saturday,13,April,2023,14,Kenya,EMEA,Kenya Hub,EMEA_CHAT_SUPPORT_T1,Voice,Enterprise,Support,Tier 1,Retail,201,211,193,18,18,337,65041,28.74881517,22,2,2,72,1,73,73
2023-10-03,Tuesday,40,October,2023,17,Hungary,EMEA,Hungary Hub,EMEA_EMAIL_SUPPORT_T3,Chat,Enterprise,Support,Tier 2,Retail,292,282,280,2,2,853,238840,6.04964539,24,8,10,81,8,82,65
2023-10-17,Tuesday,42,October,2023,9,Sweden,EMEA,Sweden Hub,INBOUND_VOICE_TIER1,Email,Enterprise,Inbound,Tier 1,Banking,404,403,383,20,20,677,259291,33.59801489,29,9,12,71,9,86,77
2023-06-28,Wednesday,26,June,2023,12,Netherlands,EMEA,Amsterdam,INBOUND_VOICE_TIER1,Chat,Consumer,Inbound,Tier 1,Banking,227,237,227,10,10,765,173655,32.27848101,27,6,8,76,6,76,67
2023-02-11,Saturday,6,February,2023,6,Kenya,EMEA,Kenya Hub,RETENTION_VOICE_T2,Voice,Premium,Retention,Tier 3,E-commerce,318,325,301,24,24,849,255549,62.69538462,18,8,9,84,8,82,61
2022-07-23,Saturday,29,July,2022,22,Denmark,EMEA,Denmark Hub,EMEA_CORE_EMAIL_T2,Voice,Enterprise,Support,Tier 2,Telecom,186,199,186,13,13,466,86676,30.44221106,31,3,4,82,3,90,79
2025-05-18,Sunday,20,May,2025,22,Norway,EMEA,Norway Hub,CUSTOMER_SUPPORT_CHAT_T1,Chat,Premium,Customer Support,Tier 3,Banking,200,226,223,3,3,806,179738,10.69911504,32,6,8,77,6,81,83
2022-04-27,Wednesday,17,April,2022,8,Greece,EMEA,Greece Hub,EMEA_RETAIL_VOICE_T2,Email,Premium,Support,Tier 1,Telecom,124,135,115,20,20,878,100970,130.0740741,24,3,4,77,3,72,87
2024-03-30,Saturday,13,March,2024,5,Italy,EMEA,Rome,EMEA_CORE_EMAIL_T2,Email,Consumer,Support,Tier 1,Retail,97,111,87,24,24,552,48024,119.3513514,34,1,1,71,1,84,88
2024-08-12,Monday,33,August,2024,20,Spain,EMEA,Madrid,EMEA_RETAIL_VOICE_T2,Chat,Premium,Support,Tier 3,Retail,209,216,194,22,22,476,92344,48.48148148,31,3,4,86,3,94,65
2023-01-25,Wednesday,4,January,2023,21,Poland,EMEA,Poland Hub,EMEA_CHAT_SUPPORT_T1,Voice,Premium,Support,Tier 3,Banking,476,459,449,10,10,751,337199,16.36165577,31,11,14,93,13,94,69
2022-03-14,Monday,11,March,2022,6,South Africa,EMEA,Cape Town,EMEA_CORE_EMAIL_T2,Voice,Enterprise,Support,Tier 3,E-commerce,304,328,320,8,8,708,226560,17.26829268,15,7,8,67,5,81,65
2021-08-27,Friday,34,August,2021,4,Israel,EMEA,Israel Hub,CUSTOMER_SUPPORT_CHAT_T1,Chat,Premium,Customer Support,Tier 3,Healthcare,122,146,141,5,5,605,85305,20.71917808,25,2,3,88,3,92,61
2022-05-09,Monday,19,May,2022,22,Czech Republic,EMEA,Czech Republic Hub,EMEA_CORE_EMAIL_T2,Voice,Premium,Support,Tier 3,Telecom,338,361,351,10,10,670,235170,18.55955679,26,8,10,71,7,85,81
2023-09-10,Sunday,36,September,2023,1,Slovenia,EMEA,Slovenia Hub,CUSTOMER_SUPPORT_CHAT_T1,Chat,Consumer,Customer Support,Tier 1,Telecom,166,156,147,9,9,262,38514,15.11538462,31,1,1,69,1,87,85
2023-07-23,Sunday,29,July,2023,15,Israel,EMEA,Israel Hub,EMEA_CORE_EMAIL_T2,Chat,Premium,Support,Tier 2,Telecom,294,294,267,27,27,407,108669,37.37755102,29,3,4,74,3,74,71
2023-11-05,Sunday,44,November,2023,20,Hungary,EMEA,Hungary Hub,TECH_SUPPORT_EMAIL_T3,Chat,Consumer,Tech Support,Tier 2,Healthcare,343,335,319,16,16,530,169070,25.31343284,19,5,6,72,4,84,76
2021-10-05,Tuesday,40,October,2021,10,Norway,EMEA,Norway Hub,EMEA_EMAIL_SUPPORT_T3,Voice,Enterprise,Support,Tier 1,Healthcare,413,416,392,24,24,478,187376,27.57692308,25,6,8,74,6,82,77
2024-12-16,Monday,51,December,2024,12,Sweden,EMEA,Sweden Hub,EMEA_CHAT_SUPPORT_T1,Email,Consumer,Support,Tier 2,Healthcare,58,41,32,9,9,620,19840,136.097561,17,0,0,86,0,75,80
2021-10-03,Sunday,39,October,2021,23,Finland,EMEA,Finland Hub,CUSTOMER_SUPPORT_CHAT_T1,Chat,Premium,Customer Support,Tier 3,Telecom,63,58,35,23,23,818,28630,324.3793103,33,0,0,87,0,76,89
2022-12-19,Monday,51,December,2022,8,Germany,EMEA,Berlin,CUSTOMER_SUPPORT_CHAT_T1,Voice,Consumer,Customer Support,Tier 2,Banking,329,356,353,3,3,674,237922,5.679775281,26,8,10,80,8,92,82
2023-04-21,Friday,16,April,2023,3,Slovenia,EMEA,Slovenia Hub,TECH_SUPPORT_EMAIL_T3,Voice,Premium,Tech Support,Tier 3,Telecom,111,106,103,3,3,663,68289,18.76415094,20,2,2,66,1,77,62
2023-03-14,Tuesday,11,March,2023,11,Czech Republic,EMEA,Czech Republic Hub,OUTBOUND_SALES_T2,Voice,Premium,Outbound,Tier 2,Banking,273,301,281,20,20,896,251776,59.53488372,18,8,9,95,9,76,80
2022-02-17,Thursday,7,February,2022,8,France,EMEA,Paris,EMEA_CORE_EMAIL_T2,Voice,Premium,Support,Tier 3,Healthcare,320,332,329,3,3,213,70077,1.924698795,23,2,2,71,1,89,61
2022-12-19,Monday,51,December,2022,3,Norway,EMEA,Norway Hub,OUTBOUND_SALES_T2,Email,Consumer,Outbound,Tier 1,E-commerce,105,92,81,11,11,702,56862,83.93478261,25,1,1,85,1,70,72
2024-12-23,Monday,52,December,2024,15,Netherlands,EMEA,Amsterdam,INBOUND_VOICE_TIER1,Chat,Consumer,Inbound,Tier 1,E-commerce,195,178,178,0,0,323,57494,0.0,26,1,1,74,1,83,88
2023-12-09,Saturday,49,December,2023,9,Sweden,EMEA,Sweden Hub,EMEA_CHAT_SUPPORT_T1,Email,Consumer,Support,Tier 1,Banking,53,37,11,26,26,243,2673,170.7567568,25,0,0,95,0,89,90
2025-08-02,Saturday,31,August,2025,7,Slovakia,EMEA,Slovakia Hub,EMEA_CORE_EMAIL_TIER2,Voice,Consumer,Support,Tier 1,Telecom,468,488,468,20,20,785,367380,32.17213115,30,12,16,84,13,73,71
2021-12-21,Tuesday,51,December,2021,14,Norway,EMEA,Norway Hub,EMEA_CORE_EMAIL_TIER2,Chat,Consumer,Support,Tier 2,Telecom,245,254,227,27,27,216,49032,22.96062992,31,1,1,70,1,76,65
2023-03-05,Sunday,9,March,2023,4,Sweden,EMEA,Sweden Hub,CUSTOMER_SUPPORT_CHAT_T1,Chat,Consumer,Customer Support,Tier 3,E-commerce,212,224,202,22,22,455,91910,44.6875,24,3,4,87,3,94,83
2021-02-28,Sunday,8,February,2021,0,Poland,EMEA,Poland Hub,TECH_SUPPORT_EMAIL_T3,Email,Enterprise,Tech Support,Tier 3,Healthcare,309,300,287,13,13,531,152397,23.01,29,5,6,80,5,84,86
2022-01-02,Sunday,52,January,2022,1,Ukraine,EMEA,Ukraine Hub,EMEA_RETAIL_VOICE_T2,Chat,Premium,Support,Tier 1,Telecom,284,286,284,2,2,663,188292,4.636363636,34,6,8,84,7,94,73
2025-01-15,Wednesday,3,January,2025,15,Kenya,EMEA,Kenya Hub,EMEA_CHAT_SUPPORT_T1,Voice,Consumer,Support,Tier 2,E-commerce,449,471,459,12,12,524,240516,13.35031847,34,8,11,70,8,87,85
2023-05-01,Monday,18,May,2023,16,France,EMEA,Paris,OUTBOUND_SALES_T2,Voice,Enterprise,Outbound,Tier 1,Telecom,461,458,440,18,18,386,169840,15.17030568,24,5,6,90,5,89,83
2023-12-29,Friday,52,December,2023,2,South Africa,EMEA,Cape Town,OUTBOUND_SALES_T2,Chat,Consumer,Outbound,Tier 1,Healthcare,297,313,312,1,1,454,141648,1.450479233,24,4,5,94,5,89,72
2024-07-03,Wednesday,27,July,2024,14,Netherlands,EMEA,Amsterdam,EMEA_CORE_EMAIL_TIER2,Chat,Premium,Support,Tier 3,Telecom,330,346,321,25,25,252,80892,18.20809249,24,2,2,73,1,72,89
2023-02-07,Tuesday,6,February,2023,0,Slovakia,EMEA,Slovakia Hub,EMEA_CORE_EMAIL_TIER2,Chat,Enterprise,Support,Tier 3,Retail,82,76,55,21,21,643,35365,177.6710526,30,1,1,80,1,75,82
2025-12-26,Friday,52,December,2025,19,Germany,EMEA,Berlin,EMEA_CORE_EMAIL_T2,Chat,Enterprise,Support,Tier 3,E-commerce,161,172,172,0,0,897,154284,0.0,18,5,6,90,5,78,87
2023-09-09,Saturday,36,September,2023,12,Israel,EMEA,Israel Hub,EMEA_CORE_EMAIL_TIER2,Email,Premium,Support,Tier 1,E-commerce,311,316,307,9,9,648,198936,18.4556962,22,6,7,79,6,75,83
2023-06-27,Tuesday,26,June,2023,22,Denmark,EMEA,Denmark Hub,EMEA_CORE_EMAIL_TIER2,Chat,Enterprise,Support,Tier 3,Healthcare,441,422,400,22,22,509,203600,26.53554502,23,7,9,68,6,78,90
2021-01-15,Friday,2,January,2021,20,Slovakia,EMEA,Slovakia Hub,EMEA_EMAIL_SUPPORT_T3,Voice,Consumer,Support,Tier 1,Healthcare,167,185,181,4,4,822,148782,17.77297297,15,5,6,87,5,88,69
2024-04-11,Thursday,15,April,2024,8,Netherlands,EMEA,Amsterdam,CUSTOMER_SUPPORT_CHAT_T1,Chat,Consumer,Customer Support,Tier 1,Banking,323,305,289,16,16,582,168198,30.53114754,15,5,6,75,5,89,84
2022-03-15,Tuesday,11,March,2022,17,Poland,EMEA,Poland Hub,CUSTOMER_SUPPORT_CHAT_T1,Voice,Premium,Customer Support,Tier 2,Banking,217,216,208,8,8,607,126256,22.48148148,15,4,5,80,4,79,78
2025-01-15,Wednesday,3,January,2025,3,Israel,EMEA,Israel Hub,EMEA_EMAIL_SUPPORT_T3,Voice,Consumer,Support,Tier 2,Banking,321,324,307,17,17,656,201392,34.41975309,33,6,8,72,6,95,88
2022-02-24,Thursday,8,February,2022,13,Kenya,EMEA,Kenya Hub,EMEA_CORE_EMAIL_T2,Email,Consumer,Support,Tier 3,Telecom,217,219,199,20,20,332,66068,30.3196347,27,2,3,81,2,79,80
2021-10-16,Saturday,41,October,2021,13,Slovenia,EMEA,Slovenia Hub,EMEA_CORE_EMAIL_TIER2,Voice,Consumer,Support,Tier 3,Banking,125,139,127,12,12,550,69850,47.48201439,21,2,2,92,2,76,84
2025-04-29,Tuesday,18,April,2025,23,Spain,EMEA,Madrid,EMEA_CORE_EMAIL_T2,Chat,Enterprise,Support,Tier 2,E-commerce,278,293,272,21,21,499,135728,35.76450512,30,4,5,87,4,86,89
2023-08-10,Thursday,32,August,2023,21,Ireland,EMEA,Dublin,TECH_SUPPORT_EMAIL_T3,Email,Premium,Tech Support,Tier 1,Healthcare,109,94,81,13,13,377,30537,52.13829787,32,1,1,86,1,94,85
2025-05-08,Thursday,19,May,2025,0,South Africa,EMEA,Cape Town,CUSTOMER_SUPPORT_CHAT_T1,Chat,Consumer,Customer Support,Tier 2,Telecom,101,86,76,10,10,185,14060,21.51162791,20,0,0,93,0,95,65
2024-03-19,Tuesday,12,March,2024,11,Ireland,EMEA,Dublin,CUSTOMER_SUPPORT_CHAT_T1,Voice,Enterprise,Customer Support,Tier 1,Healthcare,113,100,71,29,29,787,55877,228.23,23,1,1,88,1,85,71
2024-05-09,Thursday,19,May,2024,6,Slovenia,EMEA,Slovenia Hub,EMEA_RETAIL_VOICE_T2,Chat,Enterprise,Support,Tier 3,Telecom,181,184,181,3,3,638,115478,10.40217391,16,4,5,85,4,80,66
2021-03-27,Saturday,12,March,2021,13,South Africa,EMEA,Cape Town,OUTBOUND_SALES_T2,Email,Consumer,Outbound,Tier 2,Retail,487,511,491,20,20,748,367268,29.27592955,18,12,14,81,11,88,83
2022-04-17,Sunday,15,April,2022,6,Israel,EMEA,Israel Hub,OUTBOUND_SALES_T2,Chat,Enterprise,Outbound,Tier 3,E-commerce,495,523,506,17,17,822,415932,26.71892925,17,14,16,72,12,87,83
2021-09-05,Sunday,35,September,2021,11,Spain,EMEA,Madrid,CUSTOMER_SUPPORT_CHAT_T1,Email,Consumer,Customer Support,Tier 3,Banking,53,83,82,1,1,289,23698,3.481927711,23,0,0,65,0,84,65
2025-10-11,Saturday,41,October,2025,22,Spain,EMEA,Madrid,RETENTION_VOICE_T2,Voice,Consumer,Retention,Tier 2,Healthcare,466,487,461,26,26,579,266919,30.91170431,26,9,11,86,9,89,65
2022-04-18,Monday,16,April,2022,9,Turkey,EMEA,Turkey Hub,RETENTION_VOICE_T2,Chat,Premium,Retention,Tier 3,Retail,447,460,437,23,23,240,104880,12.0,29,3,4,86,3,95,69
2024-09-27,Friday,39,September,2024,14,France,EMEA,Paris,EMEA_CHAT_SUPPORT_T1,Voice,Consumer,Support,Tier 2,E-commerce,153,156,144,12,12,747,107568,57.46153846,22,3,4,66,3,88,61
2024-01-31,Wednesday,5,January,2024,18,Slovenia,EMEA,Slovenia Hub,EMEA_CORE_EMAIL_T2,Chat,Enterprise,Support,Tier 1,Retail,227,257,241,16,16,233,56153,14.50583658,21,1,1,94,1,79,90
2024-03-16,Saturday,11,March,2024,12,Italy,EMEA,Rome,EMEA_RETAIL_VOICE_T2,Chat,Premium,Support,Tier 1,E-commerce,439,445,436,9,9,692,301712,13.99550562,30,10,13,84,11,73,87
2022-02-08,Tuesday,6,February,2022,16,Ireland,EMEA,Dublin,RETENTION_VOICE_T2,Chat,Enterprise,Retention,Tier 1,Healthcare,321,350,338,12,12,368,124384,12.61714286,26,4,5,87,4,89,86
2025-02-24,Monday,9,February,2025,6,Morocco,EMEA,Morocco Hub,RETENTION_VOICE_T2,Voice,Premium,Retention,Tier 3,Banking,101,87,83,4,4,432,35856,19.86206897,32,1,1,95,1,90,65
2025-11-21,Friday,47,November,2025,10,Czech Republic,EMEA,Czech Republic Hub,EMEA_EMAIL_SUPPORT_T3,Email,Enterprise,Support,Tier 3,Retail,383,370,361,9,9,857,309377,20.84594595,28,10,13,71,9,80,78
2025-12-20,Saturday,51,December,2025,21,Ireland,EMEA,Dublin,RETENTION_VOICE_T2,Email,Consumer,Retention,Tier 3,Healthcare,95,88,85,3,3,650,55250,22.15909091,16,1,1,81,1,76,60
2022-01-27,Thursday,4,January,2022,5,Ireland,EMEA,Dublin,EMEA_CORE_EMAIL_T2,Email,Premium,Support,Tier 3,E-commerce,228,210,186,24,24,244,45384,27.88571429,25,1,1,95,1,88,64
2025-11-01,Saturday,44,November,2025,19,Luxembourg,EMEA,Luxembourg Hub,CUSTOMER_SUPPORT_CHAT_T1,Email,Premium,Customer Support,Tier 1,E-commerce,350,351,334,17,17,502,167668,24.31339031,20,5,6,70,4,89,74
2024-10-12,Saturday,41,October,2024,22,Kenya,EMEA,Kenya Hub,INBOUND_VOICE_TIER1,Voice,Enterprise,Inbound,Tier 1,E-commerce,448,441,421,20,20,215,90515,9.750566893,22,3,4,65,3,86,84
2021-06-23,Wednesday,25,June,2021,9,Spain,EMEA,Madrid,TECH_SUPPORT_EMAIL_T3,Voice,Consumer,Tech Support,Tier 3,Banking,81,62,41,21,21,818,33538,277.0645161,33,1,1,82,1,80,65
2023-04-05,Wednesday,14,April,2023,14,Israel,EMEA,Israel Hub,EMEA_CORE_EMAIL_TIER2,Voice,Enterprise,Support,Tier 1,Retail,426,433,418,15,15,199,83182,6.893764434,35,2,3,92,3,93,62
2024-07-09,Tuesday,28,July,2024,2,Portugal,EMEA,Portugal Hub,EMEA_CORE_EMAIL_TIER2,Chat,Consumer,Support,Tier 2,Banking,99,105,97,8,8,495,48015,37.71428571,19,1,1,83,1,73,87
2025-12-31,Wednesday,1,December,2025,13,Netherlands,EMEA,Amsterdam,TECH_SUPPORT_EMAIL_T3,Chat,Premium,Tech Support,Tier 2,Telecom,453,458,437,21,21,421,183977,19.30349345,30,6,8,89,7,95,79
2025-02-16,Sunday,7,February,2025,0,Luxembourg,EMEA,Luxembourg Hub,TECH_SUPPORT_EMAIL_T3,Chat,Enterprise,Tech Support,Tier 3,Retail,50,38,21,17,17,654,13734,292.5789474,28,0,0,92,0,92,68
2022-11-27,Sunday,47,November,2022,8,Germany,EMEA,Berlin,EMEA_RETAIL_VOICE_T2,Email,Enterprise,Support,Tier 3,Banking,139,147,137,10,10,304,41648,20.68027211,16,1,1,83,1,85,75
2021-09-25,Saturday,38,September,2021,21,Hungary,EMEA,Hungary Hub,RETENTION_VOICE_T2,Voice,Premium,Retention,Tier 3,Retail,332,317,308,9,9,613,188804,17.40378549,24,6,7,75,5,83,70
2022-08-06,Saturday,31,August,2022,22,Bulgaria,EMEA,Bulgaria Hub,EMEA_CHAT_SUPPORT_T1,Chat,Consumer,Support,Tier 2,Healthcare,308,328,315,13,13,672,211680,26.63414634,20,7,8,82,7,84,72
2024-10-09,Wednesday,41,October,2024,16,Slovenia,EMEA,Slovenia Hub,CUSTOMER_SUPPORT_CHAT_T1,Chat,Premium,Customer Support,Tier 1,E-commerce,171,182,166,16,16,423,70218,37.18681319,31,2,3,74,2,70,85
2021-07-13,Tuesday,28,July,2021,13,Israel,EMEA,Israel Hub,EMEA_CORE_EMAIL_T2,Email,Consumer,Support,Tier 2,E-commerce,95,94,89,5,5,360,32040,19.14893617,19,1,1,89,1,71,60
2022-07-23,Saturday,29,July,2022,5,Greece,EMEA,Greece Hub,INBOUND_VOICE_TIER1,Chat,Enterprise,Inbound,Tier 1,Banking,157,171,170,1,1,212,36040,1.239766082,17,1,1,72,1,73,76
2025-06-02,Monday,23,June,2025,3,Poland,EMEA,Poland Hub,EMEA_CHAT_SUPPORT_T1,Email,Consumer,Support,Tier 1,Banking,224,247,234,13,13,445,104130,23.42105263,22,3,4,78,3,92,76
2021-04-22,Thursday,16,April,2021,8,Portugal,EMEA,Portugal Hub,OUTBOUND_SALES_T2,Chat,Enterprise,Outbound,Tier 1,Healthcare,323,352,326,26,26,207,67482,15.28977273,19,2,2,67,1,84,70
2022-01-05,Wednesday,1,January,2022,17,Norway,EMEA,Norway Hub,EMEA_EMAIL_SUPPORT_T3,Email,Enterprise,Support,Tier 3,Banking,455,460,445,15,15,866,385370,28.23913043,26,13,16,66,11,84,89
2021-09-27,Monday,39,September,2021,8,Romania,EMEA,Romania Hub,RETENTION_VOICE_T2,Voice,Premium,Retention,Tier 3,Banking,391,397,386,11,11,450,173700,12.46851385,24,6,7,90,6,73,77
2021-11-18,Thursday,46,November,2021,13,Russia,EMEA,Russia Hub,EMEA_RETAIL_VOICE_T2,Email,Premium,Support,Tier 2,Retail,81,90,80,10,10,381,30480,42.33333333,17,1,1,80,1,89,64
2024-03-07,Thursday,10,March,2024,20,Luxembourg,EMEA,Luxembourg Hub,EMEA_RETAIL_VOICE_T2,Email,Premium,Support,Tier 2,Healthcare,207,211,189,22,22,269,50841,28.04739336,26,1,1,71,1,87,81
2024-12-06,Friday,49,December,2024,13,Hungary,EMEA,Hungary Hub,EMEA_CORE_EMAIL_T2,Email,Premium,Support,Tier 3,Healthcare,401,401,399,2,2,532,212268,2.653366584,25,7,9,68,6,93,66
2025-01-20,Monday,4,January,2025,6,Kenya,EMEA,Kenya Hub,EMEA_RETAIL_VOICE_T2,Voice,Consumer,Support,Tier 1,Telecom,66,57,39,18,18,789,30771,249.1578947,34,1,1,65,1,82,82
2021-06-28,Monday,26,June,2021,9,Kenya,EMEA,Kenya Hub,EMEA_CHAT_SUPPORT_T1,Email,Enterprise,Support,Tier 1,Telecom,469,449,430,19,19,271,116530,11.46770601,28,4,5,91,5,95,73
2024-06-11,Tuesday,24,June,2024,3,Slovenia,EMEA,Slovenia Hub,CUSTOMER_SUPPORT_CHAT_T1,Chat,Consumer,Customer Support,Tier 1,Retail,252,236,227,9,9,524,118948,19.98305085,23,4,5,87,4,94,70
2022-08-26,Friday,34,August,2022,23,Ireland,EMEA,Dublin,EMEA_CHAT_SUPPORT_T1,Voice,Enterprise,Support,Tier 2,Healthcare,328,340,334,6,6,574,191716,10.12941176,23,6,7,74,5,94,66
2021-06-10,Thursday,23,June,2021,10,South Africa,EMEA,Cape Town,EMEA_RETAIL_VOICE_T2,Voice,Enterprise,Support,Tier 2,E-commerce,368,371,365,6,6,844,308060,13.64959569,16,10,12,89,11,86,73
2022-10-03,Monday,40,October,2022,21,Belgium,EMEA,Belgium Hub,EMEA_CORE_EMAIL_TIER2,Email,Enterprise,Support,Tier 3,Telecom,294,293,281,12,12,423,118863,17.32423208,32,4,5,71,4,75,77
2024-11-01,Friday,44,November,2024,18,Hungary,EMEA,Hungary Hub,RETENTION_VOICE_T2,Chat,Premium,Retention,Tier 1,Telecom,159,171,152,19,19,371,56392,41.22222222,35,1,1,73,1,95,89
2025-05-23,Friday,21,May,2025,7,Italy,EMEA,Rome,CUSTOMER_SUPPORT_CHAT_T1,Chat,Premium,Customer Support,Tier 3,E-commerce,296,302,275,27,27,740,203500,66.1589404,31,7,9,79,7,76,74
2023-06-02,Friday,22,June,2023,23,Morocco,EMEA,Morocco Hub,CUSTOMER_SUPPORT_CHAT_T1,Email,Consumer,Customer Support,Tier 3,Banking,85,107,105,2,2,318,33390,5.943925234,19,1,1,80,1,70,67
2023-08-31,Thursday,35,August,2023,16,Morocco,EMEA,Morocco Hub,EMEA_CORE_EMAIL_T2,Voice,Enterprise,Support,Tier 2,E-commerce,313,299,299,0,0,331,98969,0.0,27,3,4,76,3,82,84
2025-08-09,Saturday,32,August,2025,4,Russia,EMEA,Russia Hub,TECH_SUPPORT_EMAIL_T3,Chat,Premium,Tech Support,Tier 2,Healthcare,97,103,99,4,4,407,40293,15.80582524,31,1,1,73,1,95,76
2022-08-07,Sunday,31,August,2022,10,Germany,EMEA,Berlin,EMEA_CORE_EMAIL_T2,Chat,Consumer,Support,Tier 3,Retail,454,472,466,6,6,548,255368,6.966101695,29,8,10,77,8,77,73
2023-06-03,Saturday,22,June,2023,14,Slovenia,EMEA,Slovenia Hub,INBOUND_VOICE_TIER1,Email,Premium,Inbound,Tier 2,E-commerce,212,220,220,0,0,809,177980,0.0,24,6,7,86,6,77,88
2024-10-25,Friday,43,October,2024,12,Ireland,EMEA,Dublin,EMEA_CORE_EMAIL_TIER2,Voice,Premium,Support,Tier 1,Banking,279,272,254,18,18,791,200914,52.34558824,27,6,8,69,6,84,65
2024-08-30,Friday,35,August,2024,21,Turkey,EMEA,Turkey Hub,RETENTION_VOICE_T2,Email,Enterprise,Retention,Tier 3,Healthcare,57,62,36,26,26,467,16812,195.8387097,29,0,0,90,0,78,80
2024-02-24,Saturday,8,February,2024,6,Norway,EMEA,Norway Hub,EMEA_CHAT_SUPPORT_T1,Voice,Premium,Support,Tier 3,Retail,387,398,378,20,20,606,229068,30.45226131,22,7,9,84,8,79,76
2021-04-22,Thursday,16,April,2021,9,Netherlands,EMEA,Amsterdam,OUTBOUND_SALES_T2,Voice,Premium,Outbound,Tier 2,E-commerce,318,340,323,17,17,357,115311,17.85,16,4,5,65,3,82,89
2023-08-26,Saturday,34,August,2023,16,Turkey,EMEA,Turkey Hub,RETENTION_VOICE_T2,Voice,Premium,Retention,Tier 1,Retail,206,219,212,7,7,607,128684,19.40182648,28,4,5,65,3,86,90
2024-01-17,Wednesday,3,January,2024,6,Denmark,EMEA,Denmark Hub,EMEA_CORE_EMAIL_TIER2,Chat,Consumer,Support,Tier 2,Retail,330,327,305,22,22,460,140300,30.94801223,25,4,5,95,5,75,69
2021-12-20,Monday,51,December,2021,10,Spain,EMEA,Madrid,EMEA_EMAIL_SUPPORT_T3,Chat,Premium,Support,Tier 2,Telecom,312,331,306,25,25,206,63036,15.55891239,19,2,2,88,2,90,67
2025-08-04,Monday,32,August,2025,8,Russia,EMEA,Russia Hub,OUTBOUND_SALES_T2,Chat,Enterprise,Outbound,Tier 1,Telecom,346,338,337,1,1,694,233878,2.053254438,24,8,10,69,7,84,73
2025-12-17,Wednesday,51,December,2025,16,Russia,EMEA,Russia Hub,EMEA_CHAT_SUPPORT_T1,Voice,Consumer,Support,Tier 2,Retail,414,413,383,30,30,671,256993,48.7409201,26,8,10,82,8,72,61
2024-11-02,Saturday,44,November,2024,12,Belgium,EMEA,Belgium Hub,RETENTION_VOICE_T2,Chat,Enterprise,Retention,Tier 3,Retail,234,224,215,9,9,439,94385,17.63839286,16,3,3,95,3,73,83
2023-10-23,Monday,43,October,2023,8,Czech Republic,EMEA,Czech Republic Hub,CUSTOMER_SUPPORT_CHAT_T1,Email,Premium,Customer Support,Tier 1,Retail,56,76,70,6,6,236,16520,18.63157895,26,0,0,74,0,86,84
2022-07-01,Friday,26,July,2022,2,Italy,EMEA,Rome,CUSTOMER_SUPPORT_CHAT_T1,Chat,Consumer,Customer Support,Tier 1,Healthcare,187,191,173,18,18,322,55706,30.34554974,20,1,1,92,1,72,81
2023-01-11,Wednesday,2,January,2023,11,Italy,EMEA,Rome,CUSTOMER_SUPPORT_CHAT_T1,Chat,Enterprise,Customer Support,Tier 2,Retail,140,136,113,23,23,494,55822,83.54411765,28,1,1,87,1,93,85
2023-06-12,Monday,24,June,2023,0,Bulgaria,EMEA,Bulgaria Hub,OUTBOUND_SALES_T2,Voice,Premium,Outbound,Tier 1,Retail,246,255,230,25,25,222,51060,21.76470588,15,1,1,95,1,71,85
2024-08-26,Monday,35,August,2024,22,Bulgaria,EMEA,Bulgaria Hub,RETENTION_VOICE_T2,Voice,Premium,Retention,Tier 3,Retail,271,296,292,4,4,735,214620,9.932432432,17,7,8,88,7,73,77
2023-02-02,Thursday,5,February,2023,13,France,EMEA,Paris,EMEA_EMAIL_SUPPORT_T3,Chat,Consumer,Support,Tier 1,Healthcare,57,87,65,22,22,296,19240,74.85057471,21,0,0,81,0,92,60
2025-10-02,Thursday,40,October,2025,2,Bulgaria,EMEA,Bulgaria Hub,OUTBOUND_SALES_T2,Voice,Premium,Outbound,Tier 2,Healthcare,192,187,182,5,5,482,87724,12.88770053,19,3,4,88,4,70,71
2024-10-23,Wednesday,43,October,2024,0,Slovakia,EMEA,Slovakia Hub,CUSTOMER_SUPPORT_CHAT_T1,Chat,Enterprise,Customer Support,Tier 2,Telecom,378,383,372,11,11,616,229152,17.69190601,20,7,8,65,5,93,70
2024-11-14,Thursday,46,November,2024,19,Morocco,EMEA,Morocco Hub,EMEA_RETAIL_VOICE_T2,Chat,Enterprise,Support,Tier 3,Telecom,495,478,468,10,10,844,394992,17.65690377,23,13,16,69,11,88,67
2023-01-08,Sunday,1,January,2023,3,Ukraine,EMEA,Ukraine Hub,RETENTION_VOICE_T2,Chat,Consumer,Retention,Tier 1,Banking,206,210,198,12,12,636,125928,36.34285714,34,4,5,84,4,79,80
2022-05-07,Saturday,18,May,2022,5,Czech Republic,EMEA,Czech Republic Hub,CUSTOMER_SUPPORT_CHAT_T1,Voice,Consumer,Customer Support,Tier 2,Healthcare,66,49,48,1,1,259,12432,5.285714286,25,0,0,81,0,82,63
2023-08-18,Friday,33,August,2023,20,Ireland,EMEA,Dublin,EMEA_EMAIL_SUPPORT_T3,Voice,Enterprise,Support,Tier 1,E-commerce,346,331,310,21,21,723,224130,45.87009063,26,7,9,76,7,76,68
2022-08-25,Thursday,34,August,2022,7,Sweden,EMEA,Sweden Hub,EMEA_CHAT_SUPPORT_T1,Voice,Enterprise,Support,Tier 1,Retail,459,443,431,12,12,524,225844,14.19413093,17,7,8,72,6,72,70
2022-12-24,Saturday,51,December,2022,14,Iceland,EMEA,Iceland Hub,OUTBOUND_SALES_T2,Chat,Premium,Outbound,Tier 1,E-commerce,130,144,141,3,3,750,105750,15.625,35,3,4,67,3,80,81
2025-05-28,Wednesday,22,May,2025,17,Germany,EMEA,Berlin,OUTBOUND_SALES_T2,Voice,Consumer,Outbound,Tier 2,E-commerce,226,226,208,18,18,657,136656,52.32743363,28,4,5,66,3,71,63
2024-02-26,Monday,9,February,2024,5,South Africa,EMEA,Cape Town,TECH_SUPPORT_EMAIL_T3,Chat,Consumer,Tech Support,Tier 1,Banking,198,220,193,27,27,742,143206,91.06363636,18,4,5,65,3,92,66
2025-07-25,Friday,30,July,2025,13,Germany,EMEA,Berlin,TECH_SUPPORT_EMAIL_T3,Email,Enterprise,Tech Support,Tier 1,Banking,256,247,239,8,8,462,110418,14.96356275,26,3,4,79,3,74,66
2021-12-27,Monday,52,December,2021,21,Sweden,EMEA,Sweden Hub,EMEA_RETAIL_VOICE_T2,Chat,Premium,Support,Tier 3,E-commerce,413,398,393,5,5,544,213792,6.834170854,21,7,8,75,6,83,62
2025-05-12,Monday,20,May,2025,11,Netherlands,EMEA,Amsterdam,EMEA_CORE_EMAIL_TIER2,Voice,Enterprise,Support,Tier 3,E-commerce,315,301,273,28,28,329,89817,30.60465116,29,3,4,84,3,92,80
2024-06-30,Sunday,26,June,2024,8,United Kingdom,EMEA,London,RETENTION_VOICE_T2,Email,Enterprise,Retention,Tier 2,Retail,288,316,293,23,23,722,211546,52.55063291,34,7,9,90,8,80,86
2023-11-18,Saturday,46,November,2023,17,Morocco,EMEA,Morocco Hub,RETENTION_VOICE_T2,Chat,Enterprise,Retention,Tier 3,Healthcare,305,325,299,26,26,895,267605,71.6,32,9,12,71,9,79,74
2023-11-02,Thursday,44,November,2023,11,Russia,EMEA,Russia Hub,EMEA_CORE_EMAIL_T2,Email,Consumer,Support,Tier 2,Banking,331,359,339,20,20,676,229164,37.66016713,26,7,9,68,6,85,76
2024-09-18,Wednesday,38,September,2024,18,Belgium,EMEA,Belgium Hub,EMEA_EMAIL_SUPPORT_T3,Chat,Enterprise,Support,Tier 2,Telecom,96,88,66,22,22,512,33792,128.0,31,1,1,90,1,71,78
2022-01-07,Friday,1,January,2022,17,South Africa,EMEA,Cape Town,CUSTOMER_SUPPORT_CHAT_T1,Chat,Enterprise,Customer Support,Tier 1,E-commerce,395,399,382,17,17,888,339216,37.83458647,23,11,14,76,11,80,64
2023-04-15,Saturday,15,April,2023,11,France,EMEA,Paris,RETENTION_VOICE_T2,Voice,Consumer,Retention,Tier 3,Banking,102,110,105,5,5,224,23520,10.18181818,15,0,0,90,0,79,69
2021-12-08,Wednesday,49,December,2021,8,Ireland,EMEA,Dublin,TECH_SUPPORT_EMAIL_T3,Voice,Enterprise,Tech Support,Tier 2,E-commerce,377,383,375,8,8,182,68250,3.80156658,35,2,3,71,2,95,81
2021-09-27,Monday,39,September,2021,1,Bulgaria,EMEA,Bulgaria Hub,RETENTION_VOICE_T2,Voice,Enterprise,Retention,Tier 1,Banking,339,351,335,16,16,651,218085,29.67521368,29,7,9,81,7,83,89
2023-01-13,Friday,2,January,2023,9,Bulgaria,EMEA,Bulgaria Hub,OUTBOUND_SALES_T2,Email,Consumer,Outbound,Tier 3,Telecom,241,225,208,17,17,769,159952,58.10222222,25,5,6,77,5,85,74
2025-10-03,Friday,40,October,2025,8,France,EMEA,Paris,OUTBOUND_SALES_T2,Voice,Enterprise,Outbound,Tier 1,E-commerce,59,89,84,5,5,219,18396,12.30337079,20,0,0,94,0,75,88
2024-11-07,Thursday,45,November,2024,1,Ireland,EMEA,Dublin,OUTBOUND_SALES_T2,Chat,Premium,Outbound,Tier 1,Banking,206,216,211,5,5,268,56548,6.203703704,20,1,1,94,1,73,67
2021-10-17,Sunday,41,October,2021,6,Ireland,EMEA,Dublin,EMEA_CORE_EMAIL_T2,Chat,Enterprise,Support,Tier 1,Healthcare,261,263,240,23,23,666,159840,58.24334601,19,5,6,84,5,80,64
2025-12-22,Monday,52,December,2025,2,Czech Republic,EMEA,Czech Republic Hub,EMEA_EMAIL_SUPPORT_T3,Email,Consumer,Support,Tier 1,Telecom,489,512,487,25,25,557,271259,27.19726563,20,9,11,89,10,71,64
2021-09-04,Saturday,35,September,2021,17,Bulgaria,EMEA,Bulgaria Hub,EMEA_RETAIL_VOICE_T2,Chat,Enterprise,Support,Tier 1,Healthcare,382,407,386,21,21,416,160576,21.46437346,31,5,7,75,5,75,66
2024-05-07,Tuesday,19,May,2024,19,Israel,EMEA,Israel Hub,EMEA_RETAIL_VOICE_T2,Email,Consumer,Support,Tier 2,Healthcare,400,386,369,17,17,523,192987,23.03367876,35,6,8,82,7,92,72
2025-07-22,Tuesday,30,July,2025,19,Greece,EMEA,Greece Hub,EMEA_RETAIL_VOICE_T2,Voice,Enterprise,Support,Tier 3,Healthcare,453,459,451,8,8,305,137555,5.315904139,20,4,5,85,4,85,74
2022-05-07,Saturday,18,May,2022,15,Russia,EMEA,Russia Hub,TECH_SUPPORT_EMAIL_T3,Chat,Consumer,Tech Support,Tier 2,Healthcare,270,260,242,18,18,405,98010,28.03846154,20,3,4,92,4,75,76
2024-04-12,Friday,15,April,2024,8,South Africa,EMEA,Cape Town,EMEA_EMAIL_SUPPORT_T3,Chat,Consumer,Support,Tier 2,Retail,112,117,92,25,25,502,46184,107.2649573,25,1,1,94,1,91,68
2024-04-09,Tuesday,15,April,2024,15,Netherlands,EMEA,Amsterdam,TECH_SUPPORT_EMAIL_T3,Chat,Consumer,Tech Support,Tier 3,Telecom,276,275,261,14,14,194,50634,9.876363636,15,1,1,66,1,72,70
2025-08-02,Saturday,31,August,2025,12,Ireland,EMEA,Dublin,TECH_SUPPORT_EMAIL_T3,Email,Enterprise,Tech Support,Tier 3,Retail,387,417,393,24,24,322,126546,18.5323741,20,4,5,91,5,82,67
2025-10-07,Tuesday,41,October,2025,8,Ukraine,EMEA,Ukraine Hub,EMEA_CORE_EMAIL_T2,Email,Enterprise,Support,Tier 2,E-commerce,155,144,128,16,16,331,42368,36.77777778,24,1,1,66,1,91,88
2024-10-23,Wednesday,43,October,2024,2,Iceland,EMEA,Iceland Hub,CUSTOMER_SUPPORT_CHAT_T1,Voice,Premium,Customer Support,Tier 3,E-commerce,91,81,65,16,16,696,45240,137.4814815,19,1,1,67,1,94,63
2022-03-02,Wednesday,9,March,2022,23,Kenya,EMEA,Kenya Hub,EMEA_RETAIL_VOICE_T2,Email,Consumer,Support,Tier 2,Banking,371,359,346,13,13,182,62972,6.590529248,25,2,3,65,2,77,71
2025-07-11,Friday,28,July,2025,15,Hungary,EMEA,Hungary Hub,INBOUND_VOICE_TIER1,Voice,Enterprise,Inbound,Tier 3,Healthcare,490,478,468,10,10,338,158184,7.071129707,31,5,7,76,5,90,71
2023-11-15,Wednesday,46,November,2023,8,Germany,EMEA,Berlin,INBOUND_VOICE_TIER1,Voice,Enterprise,Inbound,Tier 1,Banking,453,449,432,17,17,787,339984,29.79732739,25,11,14,71,10,73,73
2023-10-15,Sunday,41,October,2023,10,Morocco,EMEA,Morocco Hub,TECH_SUPPORT_EMAIL_T3,Voice,Enterprise,Tech Support,Tier 1,Retail,239,263,239,24,24,241,57599,21.99239544,21,1,1,71,1,84,62
2025-08-15,Friday,33,August,2025,19,Romania,EMEA,Romania Hub,INBOUND_VOICE_TIER1,Voice,Enterprise,Inbound,Tier 2,Healthcare,452,440,416,24,24,658,273728,35.89090909,32,9,12,85,10,93,81
2024-01-04,Thursday,1,January,2024,7,Belgium,EMEA,Belgium Hub,INBOUND_VOICE_TIER1,Chat,Enterprise,Inbound,Tier 2,Telecom,174,172,144,28,28,339,48816,55.18604651,23,1,1,80,1,86,83
2021-04-02,Friday,13,April,2021,21,Netherlands,EMEA,Amsterdam,EMEA_RETAIL_VOICE_T2,Voice,Consumer,Support,Tier 3,Telecom,177,191,162,29,29,273,44226,41.45026178,32,1,1,65,1,73,73
2023-02-14,Tuesday,7,February,2023,8,Greece,EMEA,Greece Hub,TECH_SUPPORT_EMAIL_T3,Email,Premium,Tech Support,Tier 3,Telecom,134,142,140,2,2,660,92400,9.295774648,30,3,4,95,4,88,83
2023-10-24,Tuesday,43,October,2023,11,France,EMEA,Paris,EMEA_RETAIL_VOICE_T2,Email,Premium,Support,Tier 2,Banking,142,127,113,14,14,777,87801,85.65354331,20,3,4,80,3,94,61
2022-07-09,Saturday,27,July,2022,9,Sweden,EMEA,Sweden Hub,EMEA_CHAT_SUPPORT_T1,Email,Premium,Support,Tier 2,Healthcare,456,470,463,7,7,699,323637,10.4106383,16,11,13,65,8,78,89
2024-08-21,Wednesday,34,August,2024,14,France,EMEA,Paris,EMEA_CORE_EMAIL_T2,Chat,Consumer,Support,Tier 3,Banking,367,348,326,22,22,665,216790,42.04022989,23,7,9,78,7,81,89
2024-12-10,Tuesday,50,December,2024,2,Hungary,EMEA,Hungary Hub,EMEA_CHAT_SUPPORT_T1,Chat,Premium,Support,Tier 2,E-commerce,463,482,465,17,17,595,276675,20.98547718,15,9,10,65,7,73,63
2021-08-21,Saturday,33,August,2021,0,Slovakia,EMEA,Slovakia Hub,TECH_SUPPORT_EMAIL_T3,Voice,Premium,Tech Support,Tier 3,Telecom,469,483,454,29,29,597,271038,35.8447205,20,9,11,79,9,94,68
2021-06-13,Sunday,23,June,2021,14,South Africa,EMEA,Cape Town,EMEA_CORE_EMAIL_TIER2,Chat,Premium,Support,Tier 1,E-commerce,435,433,413,20,20,886,365918,40.92378753,23,12,15,65,10,95,86
2024-03-11,Monday,11,March,2024,7,Belgium,EMEA,Belgium Hub,INBOUND_VOICE_TIER1,Voice,Premium,Inbound,Tier 1,Telecom,335,325,324,1,1,406,131544,1.249230769,19,4,5,72,4,88,83
2025-03-03,Monday,10,March,2025,0,Ireland,EMEA,Dublin,EMEA_CORE_EMAIL_T2,Email,Premium,Support,Tier 1,E-commerce,339,329,314,15,15,271,85094,12.3556231,23,2,2,74,1,94,72
2024-01-30,Tuesday,5,January,2024,16,Greece,EMEA,Greece Hub,EMEA_CHAT_SUPPORT_T1,Chat,Enterprise,Support,Tier 1,Retail,121,145,121,24,24,440,53240,72.82758621,17,1,1,74,1,89,61
2021-12-24,Friday,51,December,2021,20,Russia,EMEA,Russia Hub,TECH_SUPPORT_EMAIL_T3,Email,Enterprise,Tech Support,Tier 2,Retail,382,386,372,14,14,373,138756,13.52849741,25,4,5,91,5,90,72
2021-01-17,Sunday,2,January,2021,4,Israel,EMEA,Israel Hub,CUSTOMER_SUPPORT_CHAT_T1,Chat,Enterprise,Customer Support,Tier 3,Healthcare,67,75,49,26,26,847,41503,293.6266667,30,1,1,91,1,78,65
2025-01-28,Tuesday,5,January,2025,6,Israel,EMEA,Israel Hub,EMEA_EMAIL_SUPPORT_T3,Voice,Enterprise,Support,Tier 3,Healthcare,269,253,234,19,19,787,184158,59.1027668,33,6,8,86,7,82,74
2022-06-10,Friday,23,June,2022,10,Israel,EMEA,Israel Hub,EMEA_CORE_EMAIL_TIER2,Voice,Premium,Support,Tier 1,Telecom,53,72,53,19,19,438,23214,115.5833333,28,0,0,69,0,87,70
2023-05-11,Thursday,19,May,2023,9,United Kingdom,EMEA,London,EMEA_CORE_EMAIL_TIER2,Email,Premium,Support,Tier 2,E-commerce,237,258,249,9,9,858,213642,29.93023256,32,7,9,87,8,76,64
2025-08-05,Tuesday,32,August,2025,11,Ireland,EMEA,Dublin,EMEA_RETAIL_VOICE_T2,Voice,Premium,Support,Tier 2,Telecom,134,142,132,10,10,748,98736,52.67605634,16,3,3,68,2,84,74
2022-01-01,Saturday,52,January,2022,19,Slovenia,EMEA,Slovenia Hub,RETENTION_VOICE_T2,Chat,Enterprise,Retention,Tier 3,Retail,228,227,207,20,20,754,156078,66.43171806,28,5,6,79,5,87,72
2021-04-29,Thursday,17,April,2021,5,Italy,EMEA,Rome,OUTBOUND_SALES_T2,Email,Enterprise,Outbound,Tier 1,E-commerce,317,334,322,12,12,757,243754,27.19760479,15,8,9,75,7,78,86
2022-11-01,Tuesday,44,November,2022,12,Czech Republic,EMEA,Czech Republic Hub,OUTBOUND_SALES_T2,Email,Enterprise,Outbound,Tier 3,Banking,278,272,242,30,30,638,154396,70.36764706,18,5,6,90,5,72,74
2022-10-19,Wednesday,42,October,2022,9,Czech Republic,EMEA,Czech Republic Hub,INBOUND_VOICE_TIER1,Chat,Premium,Inbound,Tier 3,Healthcare,394,414,409,5,5,660,269940,7.971014493,32,9,12,84,10,89,76
2025-02-21,Friday,8,February,2025,20,Portugal,EMEA,Portugal Hub,EMEA_CORE_EMAIL_TIER2,Email,Consumer,Support,Tier 1,E-commerce,183,188,166,22,22,872,144752,102.0425532,25,5,6,68,4,70,76
2022-03-17,Thursday,11,March,2022,13,Luxembourg,EMEA,Luxembourg Hub,EMEA_EMAIL_SUPPORT_T3,Chat,Consumer,Support,Tier 3,E-commerce,497,485,460,25,25,216,99360,11.13402062,28,3,4,77,3,86,86
2025-05-28,Wednesday,22,May,2025,14,Israel,EMEA,Israel Hub,CUSTOMER_SUPPORT_CHAT_T1,Voice,Consumer,Customer Support,Tier 3,E-commerce,238,265,250,15,15,195,48750,11.03773585,28,1,1,84,1,94,88
2021-04-21,Wednesday,16,April,2021,8,France,EMEA,Paris,EMEA_CHAT_SUPPORT_T1,Voice,Consumer,Support,Tier 3,Healthcare,107,124,98,26,26,882,86436,184.9354839,15,3,3,83,2,81,76
2023-11-04,Saturday,44,November,2023,1,Slovakia,EMEA,Slovakia Hub,EMEA_CHAT_SUPPORT_T1,Voice,Premium,Support,Tier 2,E-commerce,486,467,458,9,9,515,235870,9.925053533,16,8,9,74,7,89,65
2024-10-02,Wednesday,40,October,2024,8,Norway,EMEA,Norway Hub,EMEA_CHAT_SUPPORT_T1,Voice,Consumer,Support,Tier 3,Healthcare,95,116,111,5,5,331,36741,14.26724138,27,1,1,85,1,89,89
2021-03-22,Monday,12,March,2021,3,Belgium,EMEA,Belgium Hub,EMEA_RETAIL_VOICE_T2,Chat,Premium,Support,Tier 3,Retail,361,377,371,6,6,504,186984,8.021220159,20,6,7,69,5,87,88
2023-06-12,Monday,24,June,2023,14,Sweden,EMEA,Sweden Hub,OUTBOUND_SALES_T2,Email,Enterprise,Outbound,Tier 2,Healthcare,475,502,490,12,12,890,436100,21.2749004,21,15,18,87,16,91,63
2023-08-13,Sunday,32,August,2023,9,Sweden,EMEA,Sweden Hub,TECH_SUPPORT_EMAIL_T3,Chat,Consumer,Tech Support,Tier 2,Banking,162,148,138,10,10,830,114540,56.08108108,35,3,4,73,3,75,63
2022-03-22,Tuesday,12,March,2022,21,Czech Republic,EMEA,Czech Republic Hub,EMEA_CORE_EMAIL_TIER2,Voice,Consumer,Support,Tier 3,Retail,61,53,47,6,6,791,37177,89.54716981,30,1,1,89,1,80,75
2023-06-01,Thursday,22,June,2023,3,United Kingdom,EMEA,London,EMEA_RETAIL_VOICE_T2,Voice,Consumer,Support,Tier 1,Telecom,500,530,521,9,9,875,455875,14.85849057,23,15,18,86,15,76,86
2025-07-05,Saturday,27,July,2025,14,Finland,EMEA,Finland Hub,TECH_SUPPORT_EMAIL_T3,Chat,Consumer,Tech Support,Tier 1,Banking,342,367,341,26,26,781,266321,55.32970027,29,9,12,79,9,83,86
2022-02-18,Friday,7,February,2022,4,France,EMEA,Paris,INBOUND_VOICE_TIER1,Voice,Premium,Inbound,Tier 2,Retail,215,232,223,9,9,455,101465,17.65086207,17,3,4,84,3,90,77
2024-02-09,Friday,6,February,2024,23,Poland,EMEA,Poland Hub,EMEA_CORE_EMAIL_TIER2,Voice,Consumer,Support,Tier 1,Banking,378,370,346,24,24,708,244968,45.92432432,33,8,11,84,9,84,65
2025-06-10,Tuesday,24,June,2025,1,Sweden,EMEA,Sweden Hub,EMEA_RETAIL_VOICE_T2,Voice,Consumer,Support,Tier 1,Banking,461,454,427,27,27,799,341173,47.51762115,21,11,13,68,9,87,83
2021-07-03,Saturday,26,July,2021,18,Sweden,EMEA,Sweden Hub,RETENTION_VOICE_T2,Voice,Premium,Retention,Tier 1,Retail,72,79,61,18,18,564,34404,128.5063291,27,1,1,67,1,81,69
2022-10-05,Wednesday,40,October,2022,23,United Kingdom,EMEA,London,INBOUND_VOICE_TIER1,Email,Premium,Inbound,Tier 1,E-commerce,324,334,317,17,17,466,147722,23.71856287,25,5,6,76,5,92,77
2025-09-13,Saturday,37,September,2025,17,Norway,EMEA,Norway Hub,EMEA_CORE_EMAIL_T2,Chat,Consumer,Support,Tier 2,Banking,106,135,135,0,0,883,119205,0.0,26,4,5,93,5,79,63
2023-12-01,Friday,48,December,2023,8,Denmark,EMEA,Denmark Hub,CUSTOMER_SUPPORT_CHAT_T1,Email,Premium,Customer Support,Tier 2,Banking,98,94,76,18,18,792,60192,151.6595745,31,2,3,86,3,85,63
2024-04-09,Tuesday,15,April,2024,5,Israel,EMEA,Israel Hub,OUTBOUND_SALES_T2,Chat,Consumer,Outbound,Tier 2,Telecom,224,219,210,9,9,354,74340,14.54794521,16,2,2,76,2,86,84
2021-07-14,Wednesday,28,July,2021,17,Slovakia,EMEA,Slovakia Hub,CUSTOMER_SUPPORT_CHAT_T1,Chat,Consumer,Customer Support,Tier 1,Banking,353,359,333,26,26,749,249417,54.24512535,21,8,10,69,7,77,77
2024-10-24,Thursday,43,October,2024,18,Netherlands,EMEA,Amsterdam,EMEA_CHAT_SUPPORT_T1,Chat,Consumer,Support,Tier 3,Healthcare,397,393,381,12,12,743,283083,22.6870229,31,9,12,65,8,71,89
2025-07-17,Thursday,29,July,2025,17,Hungary,EMEA,Hungary Hub,EMEA_CORE_EMAIL_T2,Chat,Premium,Support,Tier 2,Retail,347,349,346,3,3,696,240816,5.982808023,17,8,9,90,8,78,82
2023-10-19,Thursday,42,October,2023,11,Luxembourg,EMEA,Luxembourg Hub,OUTBOUND_SALES_T2,Email,Enterprise,Outbound,Tier 3,Telecom,317,298,278,20,20,827,229906,55.5033557,35,7,9,71,6,79,62
2025-07-03,Thursday,27,July,2025,14,Hungary,EMEA,Hungary Hub,TECH_SUPPORT_EMAIL_T3,Voice,Premium,Tech Support,Tier 1,Retail,369,360,332,28,28,889,295148,69.14444444,22,10,12,80,10,93,78
2025-04-10,Thursday,15,April,2025,9,Ukraine,EMEA,Ukraine Hub,EMEA_EMAIL_SUPPORT_T3,Email,Enterprise,Support,Tier 2,Retail,67,80,65,15,15,496,32240,93.0,21,1,1,74,1,76,89
2021-02-11,Thursday,6,February,2021,20,Ireland,EMEA,Dublin,RETENTION_VOICE_T2,Email,Premium,Retention,Tier 2,Banking,156,165,141,24,24,886,124926,128.8727273,16,4,5,85,4,93,82
2024-11-25,Monday,48,November,2024,7,Kenya,EMEA,Kenya Hub,RETENTION_VOICE_T2,Voice,Premium,Retention,Tier 3,Retail,254,251,248,3,3,617,153016,7.374501992,26,5,6,90,5,75,70
2022-07-08,Friday,27,July,2022,1,Slovakia,EMEA,Slovakia Hub,RETENTION_VOICE_T2,Email,Premium,Retention,Tier 2,Banking,470,486,477,9,9,508,242316,9.407407407,24,8,10,87,9,79,73
2022-07-07,Thursday,27,July,2022,22,Sweden,EMEA,Sweden Hub,EMEA_EMAIL_SUPPORT_T3,Chat,Consumer,Support,Tier 1,Healthcare,202,183,171,12,12,506,86526,33.18032787,18,3,4,70,3,93,77
2025-01-27,Monday,5,January,2025,15,Morocco,EMEA,Morocco Hub,EMEA_EMAIL_SUPPORT_T3,Chat,Premium,Support,Tier 1,E-commerce,277,270,254,16,16,706,179324,41.83703704,24,6,7,94,7,88,62
2024-11-12,Tuesday,46,November,2024,17,Russia,EMEA,Russia Hub,CUSTOMER_SUPPORT_CHAT_T1,Email,Enterprise,Customer Support,Tier 1,Banking,68,61,49,12,12,828,40572,162.8852459,23,1,1,81,1,78,85
2023-02-06,Monday,6,February,2023,0,Ukraine,EMEA,Ukraine Hub,RETENTION_VOICE_T2,Chat,Premium,Retention,Tier 1,Retail,95,81,57,24,24,649,36993,192.2962963,28,1,1,94,1,71,85
2022-10-30,Sunday,43,October,2022,19,Italy,EMEA,Rome,EMEA_CORE_EMAIL_TIER2,Voice,Consumer,Support,Tier 2,Retail,78,95,75,20,20,226,16950,47.57894737,31,0,0,90,0,78,84
2021-11-02,Tuesday,44,November,2021,9,Russia,EMEA,Russia Hub,TECH_SUPPORT_EMAIL_T3,Email,Premium,Tech Support,Tier 2,Telecom,411,413,396,17,17,587,232452,24.1622276,28,8,10,72,7,88,60
2021-11-09,Tuesday,45,November,2021,0,Slovenia,EMEA,Slovenia Hub,RETENTION_VOICE_T2,Voice,Enterprise,Retention,Tier 2,Healthcare,349,337,330,7,7,661,218130,13.72997033,21,7,8,95,8,77,86
2021-01-13,Wednesday,2,January,2021,4,Morocco,EMEA,Morocco Hub,EMEA_CORE_EMAIL_T2,Email,Consumer,Support,Tier 2,Banking,162,174,147,27,27,370,54390,57.4137931,31,1,1,82,1,79,70
2021-06-07,Monday,23,June,2021,7,Czech Republic,EMEA,Czech Republic Hub,TECH_SUPPORT_EMAIL_T3,Chat,Consumer,Tech Support,Tier 1,E-commerce,407,418,416,2,2,683,284128,3.267942584,27,9,11,89,10,87,81
2025-06-17,Tuesday,25,June,2025,21,Italy,EMEA,Rome,EMEA_CORE_EMAIL_T2,Chat,Enterprise,Support,Tier 3,Healthcare,324,351,321,30,30,642,206082,54.87179487,34,7,9,73,7,79,85
2021-05-28,Friday,21,May,2021,17,Morocco,EMEA,Morocco Hub,OUTBOUND_SALES_T2,Chat,Premium,Outbound,Tier 2,E-commerce,388,397,381,16,16,605,230505,24.38287154,19,8,10,66,7,94,86
2022-07-05,Tuesday,27,July,2022,1,Belgium,EMEA,Belgium Hub,OUTBOUND_SALES_T2,Email,Premium,Outbound,Tier 2,Healthcare,364,367,365,2,2,453,165345,2.46866485,15,5,6,91,5,92,60
2021-06-04,Friday,22,June,2021,16,Israel,EMEA,Israel Hub,OUTBOUND_SALES_T2,Chat,Consumer,Outbound,Tier 1,Retail,353,355,342,13,13,455,155610,16.66197183,30,5,7,90,6,93,74
2025-11-25,Tuesday,48,November,2025,7,Greece,EMEA,Greece Hub,EMEA_EMAIL_SUPPORT_T3,Email,Premium,Support,Tier 1,Retail,89,85,57,28,28,354,20178,116.6117647,25,0,0,81,0,85,69
2022-01-07,Friday,1,January,2022,5,Poland,EMEA,Poland Hub,EMEA_CORE_EMAIL_TIER2,Voice,Premium,Support,Tier 3,E-commerce,453,439,432,7,7,290,125280,4.624145786,21,4,5,79,4,84,83
2022-01-19,Wednesday,3,January,2022,15,South Africa,EMEA,Cape Town,RETENTION_VOICE_T2,Chat,Consumer,Retention,Tier 1,Healthcare,462,462,444,18,18,808,358752,31.48051948,32,12,16,65,10,72,71
2024-03-28,Thursday,13,March,2024,23,Slovakia,EMEA,Slovakia Hub,EMEA_CHAT_SUPPORT_T1,Email,Consumer,Support,Tier 2,E-commerce,276,270,253,17,17,583,147499,36.70740741,23,5,6,89,5,93,68
2025-11-26,Wednesday,48,November,2025,2,Portugal,EMEA,Portugal Hub,OUTBOUND_SALES_T2,Chat,Consumer,Outbound,Tier 3,Healthcare,476,469,469,0,0,652,305788,0.0,34,10,13,83,11,79,73
2022-05-04,Wednesday,18,May,2022,22,Germany,EMEA,Berlin,CUSTOMER_SUPPORT_CHAT_T1,Chat,Enterprise,Customer Support,Tier 2,Banking,246,275,272,3,3,191,51952,2.083636364,22,1,1,65,1,77,90
2023-03-13,Monday,11,March,2023,4,Slovakia,EMEA,Slovakia Hub,INBOUND_VOICE_TIER1,Chat,Consumer,Inbound,Tier 3,Telecom,473,458,434,24,24,360,156240,18.86462882,24,5,6,71,4,89,63
2025-03-11,Tuesday,11,March,2025,12,Netherlands,EMEA,Amsterdam,CUSTOMER_SUPPORT_CHAT_T1,Chat,Enterprise,Customer Support,Tier 3,Banking,184,182,182,0,0,367,66794,0.0,20,2,2,81,2,91,64
2025-02-25,Tuesday,9,February,2025,5,Netherlands,EMEA,Amsterdam,TECH_SUPPORT_EMAIL_T3,Chat,Enterprise,Tech Support,Tier 1,Healthcare,329,346,324,22,22,671,217404,42.66473988,27,7,9,92,8,88,67
2024-06-06,Thursday,23,June,2024,6,United Kingdom,EMEA,London,EMEA_CORE_EMAIL_T2,Voice,Consumer,Support,Tier 2,Telecom,476,478,476,2,2,480,228480,2.008368201,28,7,9,83,7,92,84
2023-07-27,Thursday,30,July,2023,4,Turkey,EMEA,Turkey Hub,EMEA_CORE_EMAIL_T2,Chat,Enterprise,Support,Tier 2,Banking,82,83,53,30,30,681,36093,246.1445783,26,1,1,78,1,95,71
2024-10-11,Friday,41,October,2024,19,Russia,EMEA,Russia Hub,TECH_SUPPORT_EMAIL_T3,Email,Enterprise,Tech Support,Tier 3,Healthcare,320,341,334,7,7,190,63460,3.900293255,35,2,3,81,2,74,86
2022-06-14,Tuesday,24,June,2022,22,Germany,EMEA,Berlin,INBOUND_VOICE_TIER1,Voice,Enterprise,Inbound,Tier 3,E-commerce,261,247,238,9,9,548,130424,19.96761134,29,4,5,75,4,90,87
2021-01-12,Tuesday,2,January,2021,12,Hungary,EMEA,Hungary Hub,TECH_SUPPORT_EMAIL_T3,Email,Premium,Tech Support,Tier 3,Retail,327,330,306,24,24,577,176562,41.96363636,30,6,8,89,7,93,79
2024-01-06,Saturday,1,January,2024,3,Morocco,EMEA,Morocco Hub,EMEA_CORE_EMAIL_TIER2,Email,Premium,Support,Tier 2,Banking,124,110,89,21,21,345,30705,65.86363636,19,1,1,84,1,83,90
2024-06-23,Sunday,25,June,2024,10,South Africa,EMEA,Cape Town,EMEA_EMAIL_SUPPORT_T3,Voice,Premium,Support,Tier 1,Banking,499,498,498,0,0,582,289836,0.0,25,10,13,65,8,87,83
2025-06-03,Tuesday,23,June,2025,5,Spain,EMEA,Madrid,EMEA_EMAIL_SUPPORT_T3,Chat,Premium,Support,Tier 2,Telecom,404,389,377,12,12,790,297830,24.37017995,28,10,13,68,9,90,74
2021-01-26,Tuesday,4,January,2021,22,Luxembourg,EMEA,Luxembourg Hub,EMEA_CHAT_SUPPORT_T1,Chat,Consumer,Support,Tier 2,Healthcare,179,206,189,17,17,808,152712,66.67961165,25,5,6,85,5,73,72
2023-07-30,Sunday,30,July,2023,12,Italy,EMEA,Rome,EMEA_CHAT_SUPPORT_T1,Email,Premium,Support,Tier 2,Telecom,408,437,433,4,4,596,258068,5.455377574,30,8,10,66,7,77,60
2021-01-09,Saturday,1,January,2021,20,Morocco,EMEA,Morocco Hub,CUSTOMER_SUPPORT_CHAT_T1,Voice,Consumer,Customer Support,Tier 3,Retail,344,371,348,23,23,865,301020,53.62533693,17,10,12,65,8,76,77
2025-10-15,Wednesday,42,October,2025,21,Netherlands,EMEA,Amsterdam,INBOUND_VOICE_TIER1,Email,Consumer,Inbound,Tier 2,Banking,497,491,472,19,19,586,276592,22.67617108,23,9,11,90,10,72,65
2024-12-19,Thursday,51,December,2024,20,Ireland,EMEA,Dublin,EMEA_CORE_EMAIL_T2,Voice,Enterprise,Support,Tier 1,Retail,290,279,250,29,29,377,94250,39.18637993,18,3,4,70,3,80,83
2024-10-30,Wednesday,44,October,2024,18,Norway,EMEA,Norway Hub,CUSTOMER_SUPPORT_CHAT_T1,Email,Premium,Customer Support,Tier 2,Healthcare,58,49,21,28,28,739,15519,422.2857143,18,0,0,83,0,91,64
2021-10-21,Thursday,42,October,2021,6,Norway,EMEA,Norway Hub,EMEA_EMAIL_SUPPORT_T3,Email,Enterprise,Support,Tier 3,E-commerce,312,320,293,27,27,446,130678,37.63125,34,4,5,69,3,89,64
2024-02-02,Friday,5,February,2024,19,Kenya,EMEA,Kenya Hub,CUSTOMER_SUPPORT_CHAT_T1,Voice,Premium,Customer Support,Tier 3,Retail,93,101,93,8,8,468,43524,37.06930693,15,1,1,70,1,85,81
2024-03-05,Tuesday,10,March,2024,10,Portugal,EMEA,Portugal Hub,EMEA_CORE_EMAIL_TIER2,Chat,Premium,Support,Tier 3,Healthcare,90,75,75,0,0,871,65325,0.0,25,2,3,92,3,93,70
2025-02-24,Monday,9,February,2025,12,Morocco,EMEA,Morocco Hub,EMEA_CORE_EMAIL_TIER2,Email,Premium,Support,Tier 2,Banking,146,148,127,21,21,287,36449,40.72297297,26,1,1,89,1,72,65
2023-02-23,Thursday,8,February,2023,5,France,EMEA,Paris,INBOUND_VOICE_TIER1,Voice,Enterprise,Inbound,Tier 3,Banking,136,135,132,3,3,738,97416,16.4,21,3,4,75,3,85,69
2023-07-30,Sunday,30,July,2023,10,Poland,EMEA,Poland Hub,RETENTION_VOICE_T2,Email,Premium,Retention,Tier 1,Telecom,493,502,481,21,21,426,204906,17.82071713,23,7,9,73,7,79,66
2024-01-22,Monday,4,January,2024,3,Netherlands,EMEA,Amsterdam,TECH_SUPPORT_EMAIL_T3,Voice,Consumer,Tech Support,Tier 1,E-commerce,367,375,351,24,24,372,130572,23.808,27,4,5,66,3,74,65
2025-10-01,Wednesday,40,October,2025,6,Iceland,EMEA,Iceland Hub,RETENTION_VOICE_T2,Email,Consumer,Retention,Tier 1,E-commerce,375,404,393,11,11,451,177243,12.27970297,21,6,7,83,6,75,70
2022-07-10,Sunday,27,July,2022,3,Turkey,EMEA,Turkey Hub,OUTBOUND_SALES_T2,Chat,Premium,Outbound,Tier 3,Telecom,91,83,56,27,27,871,48776,283.3373494,21,1,1,95,1,88,73
2021-09-12,Sunday,36,September,2021,2,Poland,EMEA,Poland Hub,EMEA_CHAT_SUPPORT_T1,Voice,Consumer,Support,Tier 3,E-commerce,256,248,246,2,2,314,77244,2.532258065,19,2,2,87,2,75,85
2021-09-19,Sunday,37,September,2021,16,Belgium,EMEA,Belgium Hub,INBOUND_VOICE_TIER1,Chat,Consumer,Inbound,Tier 1,Retail,410,437,437,0,0,642,280554,0.0,16,9,10,84,8,91,81
2022-06-13,Monday,24,June,2022,15,Hungary,EMEA,Hungary Hub,EMEA_RETAIL_VOICE_T2,Voice,Premium,Support,Tier 3,Healthcare,158,167,157,10,10,273,42861,16.34730539,29,1,1,91,1,73,77
2025-05-23,Friday,21,May,2025,22,Norway,EMEA,Norway Hub,EMEA_CORE_EMAIL_TIER2,Voice,Consumer,Support,Tier 2,Banking,411,391,376,15,15,715,268840,27.42966752,18,9,11,75,8,88,79
2025-08-05,Tuesday,32,August,2025,1,Germany,EMEA,Berlin,OUTBOUND_SALES_T2,Chat,Enterprise,Outbound,Tier 1,Healthcare,226,228,198,30,30,311,61578,40.92105263,20,2,2,72,1,73,69
2021-09-06,Monday,36,September,2021,15,Ukraine,EMEA,Ukraine Hub,TECH_SUPPORT_EMAIL_T3,Email,Enterprise,Tech Support,Tier 1,Banking,152,173,169,4,4,261,44109,6.034682081,25,1,1,90,1,91,60
2024-01-13,Saturday,2,January,2024,22,Israel,EMEA,Israel Hub,EMEA_EMAIL_SUPPORT_T3,Email,Enterprise,Support,Tier 3,Banking,483,510,486,24,24,441,214326,20.75294118,23,7,9,74,7,89,63
2022-07-29,Friday,30,July,2022,18,Ukraine,EMEA,Ukraine Hub,EMEA_EMAIL_SUPPORT_T3,Chat,Premium,Support,Tier 3,Healthcare,357,385,368,17,17,281,103408,12.40779221,30,3,4,94,4,82,78
2025-01-26,Sunday,4,January,2025,11,Denmark,EMEA,Denmark Hub,CUSTOMER_SUPPORT_CHAT_T1,Email,Consumer,Customer Support,Tier 1,Healthcare,184,181,155,26,26,298,46190,42.80662983,23,1,1,68,1,78,67
2021-11-16,Tuesday,46,November,2021,18,Romania,EMEA,Romania Hub,CUSTOMER_SUPPORT_CHAT_T1,Email,Consumer,Customer Support,Tier 2,Banking,181,200,174,26,26,733,127542,95.29,23,4,5,86,4,74,74
2024-12-20,Friday,51,December,2024,2,Greece,EMEA,Greece Hub,OUTBOUND_SALES_T2,Chat,Enterprise,Outbound,Tier 1,Banking,385,389,387,2,2,671,259677,3.449871465,24,9,11,86,9,91,80
2024-01-20,Saturday,3,January,2024,13,Morocco,EMEA,Morocco Hub,EMEA_RETAIL_VOICE_T2,Voice,Consumer,Support,Tier 1,Retail,398,408,401,7,7,306,122706,5.25,18,4,5,72,4,94,78
2024-06-04,Tuesday,23,June,2024,2,Denmark,EMEA,Denmark Hub,EMEA_CHAT_SUPPORT_T1,Voice,Enterprise,Support,Tier 3,Banking,456,440,423,17,17,365,154395,14.10227273,19,5,6,80,5,74,84
2024-08-15,Thursday,33,August,2024,19,Spain,EMEA,Madrid,EMEA_CORE_EMAIL_T2,Email,Premium,Support,Tier 3,Banking,436,446,431,15,15,546,235326,18.3632287,25,8,10,85,9,85,81
2023-04-25,Tuesday,17,April,2023,18,Spain,EMEA,Madrid,EMEA_EMAIL_SUPPORT_T3,Voice,Consumer,Support,Tier 3,E-commerce,361,349,340,9,9,438,148920,11.29512894,16,5,6,73,4,79,86
2024-08-21,Wednesday,34,August,2024,4,Ireland,EMEA,Dublin,EMEA_CORE_EMAIL_T2,Email,Consumer,Support,Tier 2,Retail,350,332,317,15,15,221,70057,9.984939759,27,2,3,75,2,80,72
2025-08-21,Thursday,34,August,2025,1,Spain,EMEA,Madrid,OUTBOUND_SALES_T2,Email,Enterprise,Outbound,Tier 2,Banking,487,499,474,25,25,308,145992,15.43086172,33,5,7,89,6,70,61
2024-08-25,Sunday,34,August,2024,7,Ukraine,EMEA,Ukraine Hub,CUSTOMER_SUPPORT_CHAT_T1,Email,Premium,Customer Support,Tier 3,Healthcare,423,405,388,17,17,826,320488,34.67160494,16,11,13,93,12,70,66
2023-03-23,Thursday,12,March,2023,21,Slovakia,EMEA,Slovakia Hub,TECH_SUPPORT_EMAIL_T3,Chat,Enterprise,Tech Support,Tier 1,Healthcare,287,298,277,21,21,212,58724,14.93959732,27,2,3,80,2,94,74
2025-12-02,Tuesday,49,December,2025,5,Netherlands,EMEA,Amsterdam,INBOUND_VOICE_TIER1,Email,Enterprise,Inbound,Tier 2,Healthcare,82,81,53,28,28,319,16907,110.2716049,23,0,0,79,0,75,71
2021-08-30,Monday,35,August,2021,5,Morocco,EMEA,Morocco Hub,EMEA_CORE_EMAIL_T2,Chat,Consumer,Support,Tier 3,Healthcare,278,291,274,17,17,788,215912,46.03436426,27,7,9,65,6,72,83
2024-07-14,Sunday,28,July,2024,19,Kenya,EMEA,Kenya Hub,EMEA_RETAIL_VOICE_T2,Voice,Premium,Support,Tier 3,E-commerce,409,401,383,18,18,413,158179,18.53865337,34,5,7,87,6,78,67
2025-05-03,Saturday,18,May,2025,16,Luxembourg,EMEA,Luxembourg Hub,EMEA_EMAIL_SUPPORT_T3,Chat,Premium,Support,Tier 1,Healthcare,182,173,163,10,10,274,44662,15.83815029,28,1,1,80,1,78,86
2023-09-21,Thursday,38,September,2023,14,Norway,EMEA,Norway Hub,EMEA_CHAT_SUPPORT_T1,Chat,Premium,Support,Tier 1,Healthcare,100,103,94,9,9,689,64766,60.2038835,34,2,3,73,2,71,65
2024-07-22,Monday,30,July,2024,22,Bulgaria,EMEA,Bulgaria Hub,EMEA_EMAIL_SUPPORT_T3,Chat,Premium,Support,Tier 1,Telecom,321,349,334,15,15,678,226452,29.14040115,30,7,9,90,8,92,66
2025-05-28,Wednesday,22,May,2025,10,Israel,EMEA,Israel Hub,EMEA_EMAIL_SUPPORT_T3,Chat,Premium,Support,Tier 2,E-commerce,203,222,193,29,29,373,71989,48.72522523,34,2,3,95,3,73,79
2022-03-31,Thursday,13,March,2022,17,South Africa,EMEA,Cape Town,EMEA_CORE_EMAIL_TIER2,Voice,Premium,Support,Tier 1,E-commerce,99,81,59,22,22,356,21004,96.69135802,31,0,0,70,0,87,75
2024-11-12,Tuesday,46,November,2024,7,Poland,EMEA,Poland Hub,EMEA_CORE_EMAIL_TIER2,Voice,Enterprise,Support,Tier 2,Healthcare,414,413,397,16,16,561,222717,21.73365617,34,7,9,94,8,86,64
2024-12-15,Sunday,50,December,2024,8,Netherlands,EMEA,Amsterdam,EMEA_EMAIL_SUPPORT_T3,Voice,Consumer,Support,Tier 3,Retail,342,345,315,30,30,252,79380,21.91304348,21,2,2,84,2,74,62
2024-08-02,Friday,31,August,2024,16,Luxembourg,EMEA,Luxembourg Hub,EMEA_CORE_EMAIL_TIER2,Email,Enterprise,Support,Tier 2,Healthcare,466,492,487,5,5,873,425151,8.87195122,24,14,17,81,14,75,87
2021-02-23,Tuesday,8,February,2021,3,Greece,EMEA,Greece Hub,TECH_SUPPORT_EMAIL_T3,Chat,Premium,Tech Support,Tier 2,Healthcare,481,468,460,8,8,412,189520,7.042735043,28,6,8,88,7,84,87
2024-07-26,Friday,30,July,2024,7,Ukraine,EMEA,Ukraine Hub,EMEA_RETAIL_VOICE_T2,Email,Enterprise,Support,Tier 3,E-commerce,227,230,225,5,5,697,156825,15.15217391,26,5,6,65,4,71,80
2021-07-10,Saturday,27,July,2021,2,Denmark,EMEA,Denmark Hub,CUSTOMER_SUPPORT_CHAT_T1,Chat,Premium,Customer Support,Tier 1,Banking,253,257,236,21,21,615,145140,50.25291829,17,5,6,70,4,91,71
2022-01-28,Friday,4,January,2022,2,Ireland,EMEA,Dublin,EMEA_EMAIL_SUPPORT_T3,Email,Premium,Support,Tier 2,Telecom,205,225,199,26,26,637,126763,73.60888889,16,4,5,86,4,88,65
2023-06-11,Sunday,23,June,2023,2,Turkey,EMEA,Turkey Hub,EMEA_CORE_EMAIL_T2,Email,Enterprise,Support,Tier 2,Telecom,458,482,467,15,15,567,264789,17.64522822,22,9,11,78,9,79,68
2024-12-09,Monday,50,December,2024,22,United Kingdom,EMEA,London,RETENTION_VOICE_T2,Chat,Premium,Retention,Tier 1,Healthcare,355,370,368,2,2,363,133584,1.962162162,23,4,5,74,4,77,67
2021-11-20,Saturday,46,November,2021,20,Germany,EMEA,Berlin,INBOUND_VOICE_TIER1,Voice,Enterprise,Inbound,Tier 3,Banking,355,351,339,12,12,692,234588,23.65811966,20,8,10,66,7,75,90
2023-11-19,Sunday,46,November,2023,1,Denmark,EMEA,Denmark Hub,RETENTION_VOICE_T2,Voice,Enterprise,Retention,Tier 2,Healthcare,423,453,423,30,30,222,93906,14.70198676,32,3,4,89,4,82,67
2022-08-25,Thursday,34,August,2022,13,Ireland,EMEA,Dublin,TECH_SUPPORT_EMAIL_T3,Email,Enterprise,Tech Support,Tier 1,Banking,389,419,395,24,24,590,233050,33.7947494,18,8,9,95,9,72,78
2022-07-31,Sunday,30,July,2022,22,Italy,EMEA,Rome,CUSTOMER_SUPPORT_CHAT_T1,Chat,Enterprise,Customer Support,Tier 2,Retail,304,329,315,14,14,666,209790,28.34042553,27,7,9,73,7,82,65
2023-12-21,Thursday,51,December,2023,5,Hungary,EMEA,Hungary Hub,RETENTION_VOICE_T2,Email,Enterprise,Retention,Tier 3,Healthcare,159,158,144,14,14,817,117648,72.39240506,30,4,5,68,3,70,70
2023-12-16,Saturday,50,December,2023,0,Kenya,EMEA,Kenya Hub,EMEA_EMAIL_SUPPORT_T3,Voice,Enterprise,Support,Tier 1,Healthcare,411,401,396,5,5,583,230868,7.269326683,21,8,10,86,9,71,78
2024-07-05,Friday,27,July,2024,18,Spain,EMEA,Madrid,EMEA_CHAT_SUPPORT_T1,Email,Consumer,Support,Tier 2,E-commerce,194,213,200,13,13,805,161000,49.1314554,27,5,6,65,4,82,74
2022-09-24,Saturday,38,September,2022,3,United Kingdom,EMEA,London,EMEA_CHAT_SUPPORT_T1,Email,Enterprise,Support,Tier 2,Banking,406,390,367,23,23,438,160746,25.83076923,21,5,6,65,4,78,82
2021-05-26,Wednesday,21,May,2021,23,Romania,EMEA,Romania Hub,EMEA_EMAIL_SUPPORT_T3,Chat,Premium,Support,Tier 3,Retail,208,197,173,24,24,805,139265,98.07106599,26,4,5,73,4,91,88
2024-01-19,Friday,3,January,2024,11,Denmark,EMEA,Denmark Hub,RETENTION_VOICE_T2,Chat,Premium,Retention,Tier 3,Healthcare,304,286,285,1,1,840,239400,2.937062937,34,8,11,67,7,87,87
2023-04-29,Saturday,17,April,2023,15,Finland,EMEA,Finland Hub,EMEA_EMAIL_SUPPORT_T3,Email,Enterprise,Support,Tier 3,Retail,95,121,115,6,6,767,88205,38.03305785,31,3,4,75,3,82,76
2024-03-06,Wednesday,10,March,2024,17,Norway,EMEA,Norway Hub,EMEA_EMAIL_SUPPORT_T3,Chat,Premium,Support,Tier 2,Telecom,303,332,309,23,23,436,134724,30.20481928,15,4,5,90,5,95,73
2023-09-22,Friday,38,September,2023,5,Germany,EMEA,Berlin,RETENTION_VOICE_T2,Voice,Premium,Retention,Tier 2,Retail,223,249,235,14,14,417,97995,23.44578313,30,3,4,86,3,85,74
2021-06-15,Tuesday,24,June,2021,6,Belgium,EMEA,Belgium Hub,RETENTION_VOICE_T2,Voice,Premium,Retention,Tier 1,Banking,287,282,275,7,7,686,188650,17.02836879,26,6,8,73,6,71,79
2022-03-28,Monday,13,March,2022,11,Hungary,EMEA,Hungary Hub,INBOUND_VOICE_TIER1,Chat,Enterprise,Inbound,Tier 1,Healthcare,433,424,396,28,28,734,290664,48.47169811,28,10,13,84,11,71,74
2024-10-25,Friday,43,October,2024,14,Slovakia,EMEA,Slovakia Hub,EMEA_CORE_EMAIL_T2,Email,Premium,Support,Tier 3,Retail,472,465,463,2,2,831,384753,3.574193548,29,13,17,87,15,85,72
2023-08-14,Monday,33,August,2023,0,Israel,EMEA,Israel Hub,EMEA_CORE_EMAIL_T2,Email,Consumer,Support,Tier 1,Banking,173,182,174,8,8,803,139722,35.2967033,21,4,5,92,5,85,77
2021-07-26,Monday,30,July,2021,22,Slovenia,EMEA,Slovenia Hub,OUTBOUND_SALES_T2,Voice,Consumer,Outbound,Tier 2,Telecom,355,350,321,29,29,196,62916,16.24,24,2,2,65,1,89,72
2023-06-23,Friday,25,June,2023,19,Kenya,EMEA,Kenya Hub,EMEA_EMAIL_SUPPORT_T3,Email,Enterprise,Support,Tier 1,Healthcare,356,336,318,18,18,260,82680,13.92857143,19,2,2,80,2,87,86
2022-11-08,Tuesday,45,November,2022,16,Ireland,EMEA,Dublin,TECH_SUPPORT_EMAIL_T3,Email,Enterprise,Tech Support,Tier 3,Healthcare,424,444,437,7,7,542,236854,8.545045045,29,8,10,68,7,93,62
2024-01-19,Friday,3,January,2024,10,Germany,EMEA,Berlin,EMEA_RETAIL_VOICE_T2,Voice,Premium,Support,Tier 1,Retail,217,239,226,13,13,568,128368,30.89539749,28,4,5,84,4,71,74
2025-08-14,Thursday,33,August,2025,23,Spain,EMEA,Madrid,CUSTOMER_SUPPORT_CHAT_T1,Chat,Premium,Customer Support,Tier 3,Retail,347,372,346,26,26,373,129058,26.06989247,20,4,5,76,4,95,66
2024-08-16,Friday,33,August,2024,23,Portugal,EMEA,Portugal Hub,EMEA_EMAIL_SUPPORT_T3,Chat,Enterprise,Support,Tier 1,Healthcare,442,442,417,25,25,219,91323,12.38687783,20,3,4,76,3,72,76
2025-04-28,Monday,18,April,2025,6,Czech Republic,EMEA,Czech Republic Hub,EMEA_EMAIL_SUPPORT_T3,Email,Consumer,Support,Tier 3,Banking,365,392,367,25,25,393,144231,25.06377551,23,5,6,87,5,77,90
2022-06-03,Friday,22,June,2022,22,Netherlands,EMEA,Amsterdam,EMEA_CHAT_SUPPORT_T1,Voice,Consumer,Support,Tier 3,Retail,59,60,34,26,26,808,27472,350.1333333,26,0,0,94,0,77,72
2024-08-20,Tuesday,34,August,2024,4,Romania,EMEA,Romania Hub,CUSTOMER_SUPPORT_CHAT_T1,Voice,Premium,Customer Support,Tier 3,Banking,344,344,314,30,30,674,211636,58.77906977,27,7,9,68,6,92,80
2023-07-05,Wednesday,27,July,2023,5,United Kingdom,EMEA,London,EMEA_EMAIL_SUPPORT_T3,Voice,Consumer,Support,Tier 1,Healthcare,181,202,180,22,22,667,120060,72.64356436,32,4,5,90,5,78,67
2023-01-05,Thursday,1,January,2023,15,Russia,EMEA,Russia Hub,EMEA_CHAT_SUPPORT_T1,Chat,Premium,Support,Tier 3,Telecom,120,112,97,15,15,659,63923,88.25892857,32,2,3,77,2,94,83
2024-03-23,Saturday,12,March,2024,18,Greece,EMEA,Greece Hub,TECH_SUPPORT_EMAIL_T3,Email,Consumer,Tech Support,Tier 2,E-commerce,52,75,75,0,0,601,45075,0.0,30,1,1,67,1,78,90
2022-10-12,Wednesday,41,October,2022,6,Denmark,EMEA,Denmark Hub,EMEA_RETAIL_VOICE_T2,Chat,Enterprise,Support,Tier 1,E-commerce,79,82,63,19,19,528,33264,122.3414634,31,1,1,77,1,73,69
2021-09-09,Thursday,36,September,2021,23,Italy,EMEA,Rome,EMEA_CORE_EMAIL_TIER2,Voice,Enterprise,Support,Tier 1,Retail,291,313,309,4,4,782,241638,9.993610224,15,8,9,66,6,76,64
2022-08-25,Thursday,34,August,2022,15,Ukraine,EMEA,Ukraine Hub,EMEA_CORE_EMAIL_TIER2,Email,Consumer,Support,Tier 3,Telecom,223,203,185,18,18,483,89355,42.82758621,29,3,4,82,3,94,74
2022-08-17,Wednesday,33,August,2022,16,South Africa,EMEA,Cape Town,EMEA_EMAIL_SUPPORT_T3,Chat,Enterprise,Support,Tier 2,Telecom,54,76,59,17,17,449,26491,100.4342105,29,0,0,72,0,85,80
2024-02-25,Sunday,8,February,2024,5,Spain,EMEA,Madrid,EMEA_CORE_EMAIL_T2,Email,Consumer,Support,Tier 1,Telecom,474,480,476,4,4,549,261324,4.575,20,9,11,71,8,75,76
2024-10-10,Thursday,41,October,2024,8,Sweden,EMEA,Sweden Hub,EMEA_CHAT_SUPPORT_T1,Voice,Consumer,Support,Tier 1,Retail,248,277,272,5,5,248,67456,4.476534296,22,2,2,68,1,85,80
2021-08-10,Tuesday,32,August,2021,14,Spain,EMEA,Madrid,TECH_SUPPORT_EMAIL_T3,Chat,Premium,Tech Support,Tier 3,Healthcare,282,279,254,25,25,579,147066,51.88172043,34,5,7,94,7,76,76
2024-02-22,Thursday,8,February,2024,22,Spain,EMEA,Madrid,EMEA_EMAIL_SUPPORT_T3,Email,Enterprise,Support,Tier 3,Healthcare,434,446,417,29,29,759,316503,49.35201794,35,10,14,81,11,84,76
2021-08-25,Wednesday,34,August,2021,5,Ireland,EMEA,Dublin,OUTBOUND_SALES_T2,Email,Premium,Outbound,Tier 3,Healthcare,218,202,185,17,17,423,78255,35.5990099,18,2,2,82,2,80,71
2024-10-24,Thursday,43,October,2024,4,Czech Republic,EMEA,Czech Republic Hub,EMEA_CHAT_SUPPORT_T1,Email,Premium,Support,Tier 3,Retail,311,292,267,25,25,366,97722,31.33561644,16,3,3,82,2,93,61
2023-03-30,Thursday,13,March,2023,11,Morocco,EMEA,Morocco Hub,RETENTION_VOICE_T2,Chat,Enterprise,Retention,Tier 2,E-commerce,488,503,489,14,14,338,165282,9.407554672,28,5,6,66,4,79,90
2025-04-01,Tuesday,14,April,2025,17,Ireland,EMEA,Dublin,EMEA_EMAIL_SUPPORT_T3,Email,Premium,Support,Tier 3,E-commerce,159,173,165,8,8,781,128865,36.11560694,31,4,5,86,4,77,87
2025-05-05,Monday,19,May,2025,0,France,EMEA,Paris,OUTBOUND_SALES_T2,Email,Premium,Outbound,Tier 3,E-commerce,111,140,110,30,30,704,77440,150.8571429,31,2,3,68,2,83,70
2022-08-19,Friday,33,August,2022,9,Morocco,EMEA,Morocco Hub,EMEA_CHAT_SUPPORT_T1,Voice,Consumer,Support,Tier 1,Telecom,249,263,238,25,25,268,63784,25.47528517,28,2,3,93,3,70,64
2021-01-26,Tuesday,4,January,2021,1,Italy,EMEA,Rome,EMEA_CORE_EMAIL_T2,Chat,Consumer,Support,Tier 3,Telecom,352,370,365,5,5,204,74460,2.756756757,20,2,2,89,2,83,75
2025-05-11,Sunday,19,May,2025,15,United Kingdom,EMEA,London,OUTBOUND_SALES_T2,Email,Consumer,Outbound,Tier 1,Healthcare,270,276,272,4,4,673,183056,9.753623188,30,6,8,70,6,85,75
2024-05-13,Monday,20,May,2024,2,Belgium,EMEA,Belgium Hub,EMEA_CHAT_SUPPORT_T1,Email,Consumer,Support,Tier 1,Telecom,104,123,109,14,14,797,86873,90.71544715,20,3,4,87,3,80,83
2024-06-04,Tuesday,23,June,2024,10,Denmark,EMEA,Denmark Hub,EMEA_CORE_EMAIL_T2,Email,Enterprise,Support,Tier 1,Banking,259,272,253,19,19,447,113091,31.22426471,18,3,4,90,4,78,72
2023-06-18,Sunday,24,June,2023,14,Greece,EMEA,Greece Hub,RETENTION_VOICE_T2,Voice,Enterprise,Retention,Tier 1,Banking,143,124,99,25,25,734,72666,147.983871,22,2,2,75,2,77,70
2023-11-22,Wednesday,47,November,2023,0,Ukraine,EMEA,Ukraine Hub,CUSTOMER_SUPPORT_CHAT_T1,Email,Premium,Customer Support,Tier 1,Banking,190,189,159,30,30,801,127359,127.1428571,32,4,5,66,3,93,66
2025-07-02,Wednesday,27,July,2025,22,Luxembourg,EMEA,Luxembourg Hub,TECH_SUPPORT_EMAIL_T3,Email,Consumer,Tech Support,Tier 1,Banking,174,155,149,6,6,411,61239,15.90967742,30,2,3,93,3,82,82
2023-11-13,Monday,46,November,2023,11,Slovenia,EMEA,Slovenia Hub,EMEA_CORE_EMAIL_TIER2,Email,Consumer,Support,Tier 2,Retail,396,394,390,4,4,223,86970,2.263959391,27,3,4,92,4,78,72
2025-06-10,Tuesday,24,June,2025,20,Portugal,EMEA,Portugal Hub,EMEA_CHAT_SUPPORT_T1,Voice,Enterprise,Support,Tier 2,Telecom,178,184,155,29,29,643,99665,101.3423913,26,3,4,80,3,82,61
2023-11-17,Friday,46,November,2023,0,Turkey,EMEA,Turkey Hub,OUTBOUND_SALES_T2,Chat,Enterprise,Outbound,Tier 2,Retail,456,436,415,21,21,413,171395,19.89220183,33,5,7,73,5,88,77
2024-11-03,Sunday,44,November,2024,23,Finland,EMEA,Finland Hub,CUSTOMER_SUPPORT_CHAT_T1,Email,Consumer,Customer Support,Tier 2,Banking,145,145,116,29,29,677,78532,135.4,25,2,3,95,3,89,72
2025-11-01,Saturday,44,November,2025,22,Netherlands,EMEA,Amsterdam,CUSTOMER_SUPPORT_CHAT_T1,Chat,Consumer,Customer Support,Tier 1,Retail,220,207,202,5,5,581,117362,14.03381643,31,4,5,91,5,79,90
2021-12-07,Tuesday,49,December,2021,2,Turkey,EMEA,Turkey Hub,EMEA_RETAIL_VOICE_T2,Email,Consumer,Support,Tier 2,Healthcare,64,90,71,19,19,457,32447,96.47777778,22,1,1,75,1,79,65
2021-01-19,Tuesday,3,January,2021,17,Bulgaria,EMEA,Bulgaria Hub,EMEA_CORE_EMAIL_T2,Email,Premium,Support,Tier 1,Healthcare,159,165,160,5,5,302,48320,9.151515152,22,1,1,95,1,71,65
2022-05-04,Wednesday,18,May,2022,2,Morocco,EMEA,Morocco Hub,CUSTOMER_SUPPORT_CHAT_T1,Chat,Enterprise,Customer Support,Tier 3,E-commerce,406,426,422,4,4,772,325784,7.248826291,23,11,14,95,13,93,72
2021-11-02,Tuesday,44,November,2021,15,Ireland,EMEA,Dublin,TECH_SUPPORT_EMAIL_T3,Chat,Premium,Tech Support,Tier 1,Telecom,225,221,221,0,0,285,62985,0.0,21,2,2,81,2,80,70
2022-11-20,Sunday,46,November,2022,1,Germany,EMEA,Berlin,OUTBOUND_SALES_T2,Voice,Enterprise,Outbound,Tier 1,Telecom,300,312,308,4,4,658,202664,8.435897436,29,7,9,76,7,88,73
2022-11-09,Wednesday,45,November,2022,8,Poland,EMEA,Poland Hub,EMEA_CHAT_SUPPORT_T1,Voice,Enterprise,Support,Tier 1,Telecom,326,324,311,13,13,547,170117,21.94753086,20,5,6,81,5,95,80
2022-09-08,Thursday,36,September,2022,6,Bulgaria,EMEA,Bulgaria Hub,TECH_SUPPORT_EMAIL_T3,Voice,Enterprise,Tech Support,Tier 1,E-commerce,103,124,115,9,9,372,42780,27.0,16,1,1,92,1,93,64
2025-12-16,Tuesday,51,December,2025,15,Finland,EMEA,Finland Hub,CUSTOMER_SUPPORT_CHAT_T1,Voice,Consumer,Customer Support,Tier 2,E-commerce,484,506,501,5,5,815,408315,8.053359684,24,14,17,75,13,86,82
2021-07-24,Saturday,29,July,2021,16,Sweden,EMEA,Sweden Hub,RETENTION_VOICE_T2,Chat,Premium,Retention,Tier 1,Banking,233,216,206,10,10,658,135548,30.46296296,34,4,5,88,4,81,64
2023-11-13,Monday,46,November,2023,18,France,EMEA,Paris,EMEA_CORE_EMAIL_T2,Chat,Enterprise,Support,Tier 3,E-commerce,139,150,128,22,22,556,71168,81.54666667,30,2,3,67,2,82,71
2024-03-31,Sunday,13,March,2024,5,Netherlands,EMEA,Amsterdam,INBOUND_VOICE_TIER1,Voice,Premium,Inbound,Tier 2,Retail,308,332,318,14,14,850,270300,35.84337349,29,9,12,66,8,82,60
2025-05-25,Sunday,21,May,2025,14,Italy,EMEA,Rome,RETENTION_VOICE_T2,Voice,Enterprise,Retention,Tier 3,Healthcare,407,397,392,5,5,584,228928,7.355163728,18,7,8,65,5,72,60
2024-03-08,Friday,10,March,2024,3,Czech Republic,EMEA,Czech Republic Hub,OUTBOUND_SALES_T2,Voice,Enterprise,Outbound,Tier 3,Telecom,446,461,446,15,15,579,258234,18.83947939,18,8,9,94,8,86,80
2023-04-10,Monday,15,April,2023,6,Poland,EMEA,Poland Hub,CUSTOMER_SUPPORT_CHAT_T1,Email,Enterprise,Customer Support,Tier 3,Retail,144,139,111,28,28,347,38517,69.89928058,19,1,1,85,1,75,72
2024-09-24,Tuesday,39,September,2024,17,Sweden,EMEA,Sweden Hub,EMEA_CORE_EMAIL_T2,Voice,Enterprise,Support,Tier 3,E-commerce,456,457,450,7,7,415,186750,6.356673961,35,6,8,72,6,74,87
2023-02-03,Friday,5,February,2023,13,Czech Republic,EMEA,Czech Republic Hub,INBOUND_VOICE_TIER1,Voice,Enterprise,Inbound,Tier 2,Healthcare,105,107,97,10,10,651,63147,60.8411215,26,2,3,89,3,77,61
2023-12-06,Wednesday,49,December,2023,21,Morocco,EMEA,Morocco Hub,EMEA_RETAIL_VOICE_T2,Voice,Consumer,Support,Tier 2,E-commerce,390,419,417,2,2,440,183480,2.100238664,18,6,7,86,6,70,86
2021-04-16,Friday,15,April,2021,1,Norway,EMEA,Norway Hub,EMEA_RETAIL_VOICE_T2,Voice,Enterprise,Support,Tier 2,Telecom,275,299,294,5,5,419,123186,7.006688963,32,4,5,85,4,95,89
2025-01-17,Friday,3,January,2025,4,Greece,EMEA,Greece Hub,EMEA_CORE_EMAIL_T2,Chat,Consumer,Support,Tier 2,Banking,457,461,456,5,5,304,138624,3.297180043,15,4,5,73,4,74,75
2022-01-14,Friday,2,January,2022,6,Belgium,EMEA,Belgium Hub,EMEA_CORE_EMAIL_T2,Chat,Consumer,Support,Tier 1,E-commerce,128,129,104,25,25,461,47944,89.34108527,35,1,1,70,1,70,89
2024-09-18,Wednesday,38,September,2024,14,Turkey,EMEA,Turkey Hub,OUTBOUND_SALES_T2,Chat,Premium,Outbound,Tier 2,Healthcare,92,84,55,29,29,579,31845,199.8928571,20,1,1,90,1,75,66
2025-02-21,Friday,8,February,2025,1,Bulgaria,EMEA,Bulgaria Hub,CUSTOMER_SUPPORT_CHAT_T1,Email,Consumer,Customer Support,Tier 3,Banking,498,508,486,22,22,362,175932,15.67716535,31,6,8,76,6,74,63
2025-03-15,Saturday,11,March,2025,5,Norway,EMEA,Norway Hub,OUTBOUND_SALES_T2,Voice,Premium,Outbound,Tier 1,E-commerce,270,276,270,6,6,262,70740,5.695652174,20,2,2,70,1,93,73
2022-08-18,Thursday,33,August,2022,11,South Africa,EMEA,Cape Town,EMEA_CORE_EMAIL_T2,Email,Premium,Support,Tier 2,Banking,231,223,221,2,2,454,100334,4.071748879,35,3,4,78,3,92,75
2022-08-29,Monday,35,August,2022,20,Sweden,EMEA,Sweden Hub,CUSTOMER_SUPPORT_CHAT_T1,Chat,Consumer,Customer Support,Tier 1,Telecom,169,185,165,20,20,816,134640,88.21621622,28,4,5,92,5,89,74
2021-12-20,Monday,51,December,2021,2,Greece,EMEA,Greece Hub,EMEA_CORE_EMAIL_TIER2,Email,Premium,Support,Tier 2,E-commerce,183,179,159,20,20,636,101124,71.06145251,20,3,4,75,3,72,77
2025-09-01,Monday,36,September,2025,2,Ukraine,EMEA,Ukraine Hub,INBOUND_VOICE_TIER1,Email,Premium,Inbound,Tier 3,Healthcare,330,334,307,27,27,852,261564,68.8742515,29,9,12,83,10,82,68
2023-09-17,Sunday,37,September,2023,20,Turkey,EMEA,Turkey Hub,EMEA_CORE_EMAIL_TIER2,Chat,Premium,Support,Tier 1,Banking,196,185,176,9,9,514,90464,25.00540541,23,3,4,69,3,91,60
2022-09-11,Sunday,36,September,2022,17,Denmark,EMEA,Denmark Hub,EMEA_CORE_EMAIL_T2,Email,Enterprise,Support,Tier 2,Healthcare,491,478,464,14,14,825,382800,24.16317992,30,13,17,80,14,85,81
2022-01-22,Saturday,3,January,2022,15,Russia,EMEA,Russia Hub,INBOUND_VOICE_TIER1,Chat,Consumer,Inbound,Tier 3,Healthcare,157,139,127,12,12,881,111887,76.05755396,32,3,4,73,3,82,73
2022-08-19,Friday,33,August,2022,23,Hungary,EMEA,Hungary Hub,EMEA_CHAT_SUPPORT_T1,Chat,Consumer,Support,Tier 2,Retail,299,300,274,26,26,329,90146,28.51333333,18,3,4,67,3,70,70
2025-09-29,Monday,40,September,2025,4,Hungary,EMEA,Hungary Hub,EMEA_CORE_EMAIL_TIER2,Email,Enterprise,Support,Tier 1,Telecom,319,339,337,2,2,282,95034,1.663716814,26,3,4,95,4,87,84
2022-06-10,Friday,23,June,2022,17,Sweden,EMEA,Sweden Hub,INBOUND_VOICE_TIER1,Chat,Enterprise,Inbound,Tier 2,Healthcare,229,214,200,14,14,339,67800,22.17757009,32,2,3,94,3,86,89
2025-07-02,Wednesday,27,July,2025,22,Ireland,EMEA,Dublin,RETENTION_VOICE_T2,Email,Enterprise,Retention,Tier 1,Healthcare,80,78,61,17,17,316,19276,68.87179487,26,0,0,77,0,73,86
2022-10-17,Monday,42,October,2022,9,Kenya,EMEA,Kenya Hub,CUSTOMER_SUPPORT_CHAT_T1,Voice,Premium,Customer Support,Tier 3,Telecom,158,184,171,13,13,599,102429,42.32065217,35,3,4,68,3,71,74
2024-08-24,Saturday,34,August,2024,22,Netherlands,EMEA,Amsterdam,EMEA_CORE_EMAIL_TIER2,Voice,Consumer,Support,Tier 2,Retail,370,353,353,0,0,648,228744,0.0,27,7,9,88,8,86,77
2024-07-02,Tuesday,27,July,2024,13,Romania,EMEA,Romania Hub,EMEA_CORE_EMAIL_T2,Chat,Premium,Support,Tier 3,Healthcare,230,259,230,29,29,538,123740,60.23938224,19,4,5,93,5,80,82
2022-10-07,Friday,40,October,2022,13,Czech Republic,EMEA,Czech Republic Hub,EMEA_CORE_EMAIL_TIER2,Email,Premium,Support,Tier 2,Healthcare,272,282,256,26,26,269,68864,24.80141844,29,2,3,86,3,83,63
2024-09-22,Sunday,38,September,2024,19,Belgium,EMEA,Belgium Hub,INBOUND_VOICE_TIER1,Email,Enterprise,Inbound,Tier 3,E-commerce,443,450,422,28,28,278,117316,17.29777778,17,4,5,95,5,78,79
2025-03-27,Thursday,13,March,2025,17,France,EMEA,Paris,RETENTION_VOICE_T2,Voice,Consumer,Retention,Tier 1,E-commerce,165,174,170,4,4,277,47090,6.367816092,26,1,1,82,1,84,75
2024-08-02,Friday,31,August,2024,6,Ireland,EMEA,Dublin,TECH_SUPPORT_EMAIL_T3,Chat,Premium,Tech Support,Tier 1,E-commerce,482,482,476,6,6,730,347480,9.08713693,28,12,15,84,13,85,62
2021-03-30,Tuesday,13,March,2021,19,Iceland,EMEA,Iceland Hub,OUTBOUND_SALES_T2,Email,Premium,Outbound,Tier 1,Retail,122,128,113,15,15,272,30736,31.875,35,1,1,69,1,88,80
2021-04-28,Wednesday,17,April,2021,3,Spain,EMEA,Madrid,EMEA_EMAIL_SUPPORT_T3,Chat,Consumer,Support,Tier 3,Telecom,284,272,242,30,30,240,58080,26.47058824,27,2,3,73,2,75,85
2021-05-08,Saturday,18,May,2021,0,Sweden,EMEA,Sweden Hub,EMEA_CHAT_SUPPORT_T1,Voice,Enterprise,Support,Tier 3,Telecom,325,323,296,27,27,300,88800,25.07739938,27,3,4,85,3,73,72
2021-02-16,Tuesday,7,February,2021,5,Belgium,EMEA,Belgium Hub,EMEA_CHAT_SUPPORT_T1,Voice,Consumer,Support,Tier 1,Telecom,234,217,202,15,15,797,160994,55.0921659,31,5,7,90,6,83,70
2021-02-22,Monday,8,February,2021,2,Germany,EMEA,Berlin,EMEA_EMAIL_SUPPORT_T3,Voice,Premium,Support,Tier 3,E-commerce,485,475,463,12,12,480,222240,12.12631579,23,7,9,71,6,78,68
2022-02-05,Saturday,5,February,2022,8,Romania,EMEA,Romania Hub,EMEA_CORE_EMAIL_T2,Email,Premium,Support,Tier 2,E-commerce,413,409,398,11,11,651,259098,17.50855746,18,8,9,85,8,83,82
2024-07-07,Sunday,27,July,2024,5,Ukraine,EMEA,Ukraine Hub,CUSTOMER_SUPPORT_CHAT_T1,Voice,Consumer,Customer Support,Tier 1,Healthcare,486,503,485,18,18,727,352595,26.01590457,19,12,14,76,11,80,73
2024-10-06,Sunday,40,October,2024,14,Israel,EMEA,Israel Hub,EMEA_CHAT_SUPPORT_T1,Email,Consumer,Support,Tier 3,E-commerce,158,182,164,18,18,246,40344,24.32967033,19,1,1,65,1,76,83
2025-03-24,Monday,13,March,2025,9,Ireland,EMEA,Dublin,INBOUND_VOICE_TIER1,Email,Consumer,Inbound,Tier 1,Banking,378,377,364,13,13,330,120120,11.37931034,20,4,5,78,4,75,86
2025-04-15,Tuesday,16,April,2025,9,Ukraine,EMEA,Ukraine Hub,INBOUND_VOICE_TIER1,Chat,Premium,Inbound,Tier 1,Banking,460,483,483,0,0,345,166635,0.0,19,5,6,65,4,93,88
2023-11-20,Monday,47,November,2023,6,Ireland,EMEA,Dublin,INBOUND_VOICE_TIER1,Voice,Enterprise,Inbound,Tier 3,Retail,180,202,177,25,25,370,65490,45.79207921,21,2,2,83,2,74,60
2023-04-06,Thursday,14,April,2023,2,Sweden,EMEA,Sweden Hub,CUSTOMER_SUPPORT_CHAT_T1,Voice,Premium,Customer Support,Tier 1,E-commerce,381,370,362,8,8,849,307338,18.35675676,27,10,13,67,9,80,61
2021-09-03,Friday,35,September,2021,21,France,EMEA,Paris,EMEA_CORE_EMAIL_T2,Voice,Premium,Support,Tier 3,E-commerce,123,106,88,18,18,295,25960,50.09433962,23,0,0,91,0,71,78
2024-04-10,Wednesday,15,April,2024,4,Russia,EMEA,Russia Hub,EMEA_CHAT_SUPPORT_T1,Voice,Enterprise,Support,Tier 3,E-commerce,155,136,124,12,12,825,102300,72.79411765,15,3,3,77,2,71,78
2021-10-02,Saturday,39,October,2021,2,Norway,EMEA,Norway Hub,TECH_SUPPORT_EMAIL_T3,Chat,Premium,Tech Support,Tier 2,E-commerce,182,206,176,30,30,809,142384,117.815534,31,4,5,69,3,82,89
2021-09-27,Monday,39,September,2021,10,Slovakia,EMEA,Slovakia Hub,EMEA_RETAIL_VOICE_T2,Voice,Enterprise,Support,Tier 3,Telecom,334,327,324,3,3,895,289980,8.211009174,23,10,12,76,9,89,64
2021-05-31,Monday,22,May,2021,12,Ukraine,EMEA,Ukraine Hub,EMEA_CORE_EMAIL_T2,Voice,Enterprise,Support,Tier 2,Healthcare,240,235,218,17,17,583,127094,42.17446809,24,4,5,91,5,94,79
2024-08-28,Wednesday,35,August,2024,6,Romania,EMEA,Romania Hub,EMEA_EMAIL_SUPPORT_T3,Chat,Enterprise,Support,Tier 1,Banking,400,389,373,16,16,742,276766,30.51928021,33,9,12,65,8,84,68
2023-03-18,Saturday,11,March,2023,3,Kenya,EMEA,Kenya Hub,EMEA_CHAT_SUPPORT_T1,Email,Enterprise,Support,Tier 1,Banking,170,185,178,7,7,783,139374,29.62702703,22,4,5,85,4,83,62
2021-06-24,Thursday,25,June,2021,15,Ireland,EMEA,Dublin,EMEA_CORE_EMAIL_TIER2,Chat,Premium,Support,Tier 1,E-commerce,141,170,148,22,22,438,64824,56.68235294,16,2,2,80,2,70,83
2022-01-02,Sunday,52,January,2022,2,Czech Republic,EMEA,Czech Republic Hub,EMEA_EMAIL_SUPPORT_T3,Voice,Premium,Support,Tier 1,E-commerce,151,167,137,30,30,673,92201,120.8982036,28,3,4,81,3,88,75
2021-07-17,Saturday,28,July,2021,14,Poland,EMEA,Poland Hub,EMEA_CORE_EMAIL_TIER2,Email,Enterprise,Support,Tier 2,Retail,474,471,442,29,29,265,117130,16.3163482,32,4,5,74,4,72,71
2022-05-19,Thursday,20,May,2022,5,Bulgaria,EMEA,Bulgaria Hub,TECH_SUPPORT_EMAIL_T3,Email,Premium,Tech Support,Tier 1,E-commerce,114,112,90,22,22,675,60750,132.5892857,34,2,3,81,2,84,87
2022-08-21,Sunday,33,August,2022,6,Czech Republic,EMEA,Czech Republic Hub,RETENTION_VOICE_T2,Email,Enterprise,Retention,Tier 1,Telecom,387,391,379,12,12,843,319497,25.87212276,32,11,15,88,13,73,70
2024-09-02,Monday,36,September,2024,3,Belgium,EMEA,Belgium Hub,INBOUND_VOICE_TIER1,Chat,Consumer,Inbound,Tier 3,Healthcare,429,449,434,15,15,338,146692,11.29175947,34,5,7,82,6,83,90
2023-12-26,Tuesday,52,December,2023,21,Iceland,EMEA,Iceland Hub,CUSTOMER_SUPPORT_CHAT_T1,Chat,Enterprise,Customer Support,Tier 2,Banking,422,404,399,5,5,426,169974,5.272277228,25,5,6,73,4,81,85
2023-11-11,Saturday,45,November,2023,14,Slovenia,EMEA,Slovenia Hub,EMEA_EMAIL_SUPPORT_T3,Email,Consumer,Support,Tier 3,Telecom,98,78,61,17,17,547,33367,119.2179487,33,1,1,84,1,95,65
2025-02-21,Friday,8,February,2025,23,Romania,EMEA,Romania Hub,TECH_SUPPORT_EMAIL_T3,Email,Consumer,Tech Support,Tier 3,Retail,463,457,433,24,24,853,369349,44.79649891,32,12,16,82,13,91,78
2022-08-31,Wednesday,35,August,2022,19,Bulgaria,EMEA,Bulgaria Hub,EMEA_RETAIL_VOICE_T2,Chat,Consumer,Support,Tier 1,Telecom,414,420,404,16,16,405,163620,15.42857143,31,5,7,89,6,89,87
2025-09-21,Sunday,38,September,2025,17,Portugal,EMEA,Portugal Hub,TECH_SUPPORT_EMAIL_T3,Email,Consumer,Tech Support,Tier 1,Healthcare,144,127,109,18,18,892,97228,126.4251969,27,3,4,86,3,86,87
2022-08-16,Tuesday,33,August,2022,21,Kenya,EMEA,Kenya Hub,OUTBOUND_SALES_T2,Chat,Premium,Outbound,Tier 3,Telecom,492,487,469,18,18,343,160867,12.67761807,23,5,6,78,5,88,85
2024-02-15,Thursday,7,February,2024,19,Romania,EMEA,Romania Hub,EMEA_EMAIL_SUPPORT_T3,Email,Enterprise,Support,Tier 2,Healthcare,346,340,332,8,8,551,182932,12.96470588,20,6,7,65,5,95,70
2022-02-02,Wednesday,5,February,2022,3,Finland,EMEA,Finland Hub,EMEA_CORE_EMAIL_T2,Voice,Consumer,Support,Tier 2,Banking,474,476,459,17,17,748,343332,26.71428571,32,11,15,73,11,77,64
2023-04-30,Sunday,17,April,2023,20,Finland,EMEA,Finland Hub,EMEA_RETAIL_VOICE_T2,Chat,Premium,Support,Tier 1,Healthcare,407,427,422,5,5,691,291602,8.091334895,18,10,12,93,11,91,84
2022-02-10,Thursday,6,February,2022,10,Norway,EMEA,Norway Hub,EMEA_EMAIL_SUPPORT_T3,Voice,Enterprise,Support,Tier 1,Retail,392,416,407,9,9,428,174196,9.259615385,30,6,8,82,7,76,77
2024-04-03,Wednesday,14,April,2024,17,France,EMEA,Paris,EMEA_CORE_EMAIL_TIER2,Voice,Premium,Support,Tier 2,E-commerce,208,229,204,25,25,812,165648,88.64628821,33,5,7,95,7,90,76
2024-03-03,Sunday,9,March,2024,13,Greece,EMEA,Greece Hub,CUSTOMER_SUPPORT_CHAT_T1,Chat,Enterprise,Customer Support,Tier 1,Telecom,276,299,275,24,24,584,160600,46.87625418,19,5,6,71,4,93,68
2022-04-15,Friday,15,April,2022,3,Slovakia,EMEA,Slovakia Hub,TECH_SUPPORT_EMAIL_T3,Voice,Enterprise,Tech Support,Tier 1,Retail,164,144,136,8,8,420,57120,23.33333333,21,1,1,86,1,92,77
2021-04-18,Sunday,15,April,2021,14,Kenya,EMEA,Kenya Hub,INBOUND_VOICE_TIER1,Voice,Enterprise,Inbound,Tier 1,Retail,349,365,344,21,21,549,188856,31.58630137,19,6,7,71,5,95,82
2022-07-01,Friday,26,July,2022,12,Spain,EMEA,Madrid,CUSTOMER_SUPPORT_CHAT_T1,Email,Enterprise,Customer Support,Tier 3,E-commerce,150,137,126,11,11,517,65142,41.51094891,35,2,3,85,3,70,76
2021-12-05,Sunday,48,December,2021,15,Poland,EMEA,Poland Hub,EMEA_CORE_EMAIL_T2,Voice,Enterprise,Support,Tier 2,E-commerce,373,377,366,11,11,793,290238,23.13793103,34,10,13,70,9,92,63
2025-10-27,Monday,44,October,2025,13,South Africa,EMEA,Cape Town,EMEA_EMAIL_SUPPORT_T3,Voice,Enterprise,Support,Tier 1,Telecom,118,125,119,6,6,756,89964,36.288,31,3,4,69,3,82,79
2024-03-05,Tuesday,10,March,2024,6,Romania,EMEA,Romania Hub,TECH_SUPPORT_EMAIL_T3,Voice,Enterprise,Tech Support,Tier 2,E-commerce,393,392,367,25,25,545,200015,34.75765306,21,6,7,77,5,89,73
2024-11-03,Sunday,44,November,2024,23,Slovenia,EMEA,Slovenia Hub,EMEA_RETAIL_VOICE_T2,Email,Consumer,Support,Tier 1,E-commerce,406,419,404,15,15,705,284820,25.23866348,30,9,12,90,11,74,61
2025-12-07,Sunday,49,December,2025,9,Luxembourg,EMEA,Luxembourg Hub,RETENTION_VOICE_T2,Voice,Premium,Retention,Tier 1,Retail,374,363,335,28,28,448,150080,34.55647383,33,5,7,80,6,81,77
2025-02-28,Friday,9,February,2025,16,Belgium,EMEA,Belgium Hub,EMEA_CHAT_SUPPORT_T1,Voice,Premium,Support,Tier 3,Banking,456,455,449,6,6,893,400957,11.77582418,21,13,16,76,12,91,68
2025-03-07,Friday,10,March,2025,16,Iceland,EMEA,Iceland Hub,EMEA_CORE_EMAIL_T2,Chat,Consumer,Support,Tier 3,Healthcare,326,348,324,24,24,804,260496,55.44827586,25,9,11,90,10,85,73
2021-08-22,Sunday,33,August,2021,16,Belgium,EMEA,Belgium Hub,EMEA_EMAIL_SUPPORT_T3,Voice,Premium,Support,Tier 2,Healthcare,120,117,89,28,28,582,51798,139.2820513,20,1,1,75,1,83,69
2021-11-14,Sunday,45,November,2021,10,South Africa,EMEA,Cape Town,INBOUND_VOICE_TIER1,Email,Premium,Inbound,Tier 3,Banking,477,478,451,27,27,628,283228,35.47280335,33,9,12,95,11,72,67
2023-06-11,Sunday,23,June,2023,10,South Africa,EMEA,Cape Town,INBOUND_VOICE_TIER1,Email,Consumer,Inbound,Tier 3,Telecom,186,204,199,5,5,471,93729,11.54411765,26,3,4,79,3,86,89
2022-06-15,Wednesday,24,June,2022,6,Slovakia,EMEA,Slovakia Hub,EMEA_RETAIL_VOICE_T2,Voice,Premium,Support,Tier 1,E-commerce,381,361,344,17,17,763,262472,35.93074792,29,9,12,86,10,77,60
2021-07-27,Tuesday,30,July,2021,8,Ukraine,EMEA,Ukraine Hub,TECH_SUPPORT_EMAIL_T3,Voice,Consumer,Tech Support,Tier 3,Banking,494,503,492,11,11,558,274536,12.2027833,28,9,12,79,9,86,90
2022-04-24,Sunday,16,April,2022,2,Belgium,EMEA,Belgium Hub,EMEA_RETAIL_VOICE_T2,Voice,Consumer,Support,Tier 3,Healthcare,247,231,221,10,10,523,115583,22.64069264,30,4,5,87,4,95,90
2021-01-28,Thursday,4,January,2021,16,Luxembourg,EMEA,Luxembourg Hub,EMEA_CORE_EMAIL_T2,Email,Premium,Support,Tier 2,Retail,194,189,164,25,25,278,45592,36.77248677,27,1,1,68,1,86,69
2024-09-01,Sunday,35,September,2024,11,Bulgaria,EMEA,Bulgaria Hub,RETENTION_VOICE_T2,Email,Premium,Retention,Tier 2,Telecom,139,144,124,20,20,199,24676,27.63888889,34,0,0,74,0,86,86
2023-09-21,Thursday,38,September,2023,16,United Kingdom,EMEA,London,EMEA_CORE_EMAIL_T2,Chat,Enterprise,Support,Tier 1,Banking,178,193,173,20,20,349,60377,36.16580311,33,2,3,88,3,70,89
2025-09-11,Thursday,37,September,2025,19,Norway,EMEA,Norway Hub,TECH_SUPPORT_EMAIL_T3,Chat,Enterprise,Tech Support,Tier 2,Retail,387,375,354,21,21,750,265500,42.0,35,9,12,73,9,94,68
2024-12-03,Tuesday,49,December,2024,12,Slovenia,EMEA,Slovenia Hub,CUSTOMER_SUPPORT_CHAT_T1,Email,Consumer,Customer Support,Tier 1,Retail,494,491,481,10,10,320,153920,6.517311609,23,5,6,77,5,71,74
2022-02-08,Tuesday,6,February,2022,4,Ukraine,EMEA,Ukraine Hub,EMEA_CORE_EMAIL_TIER2,Chat,Enterprise,Support,Tier 1,Retail,85,83,53,30,30,279,14787,100.8433735,31,0,0,76,0,93,70
2022-06-21,Tuesday,25,June,2022,10,Sweden,EMEA,Sweden Hub,RETENTION_VOICE_T2,Voice,Premium,Retention,Tier 3,Banking,249,248,227,21,21,644,146188,54.53225806,31,5,7,90,6,79,74
2025-11-17,Monday,47,November,2025,7,Greece,EMEA,Greece Hub,EMEA_EMAIL_SUPPORT_T3,Email,Consumer,Support,Tier 3,Telecom,345,344,324,20,20,322,104328,18.72093023,15,3,3,94,3,72,61
2025-05-13,Tuesday,20,May,2025,7,Ukraine,EMEA,Ukraine Hub,CUSTOMER_SUPPORT_CHAT_T1,Voice,Consumer,Customer Support,Tier 3,Healthcare,81,75,71,4,4,777,55167,41.44,18,1,1,87,1,77,89
2021-01-30,Saturday,4,January,2021,22,South Africa,EMEA,Cape Town,EMEA_RETAIL_VOICE_T2,Voice,Consumer,Support,Tier 2,Telecom,53,66,57,9,9,288,16416,39.27272727,24,0,0,90,0,94,70
2024-11-29,Friday,48,November,2024,15,Iceland,EMEA,Iceland Hub,EMEA_RETAIL_VOICE_T2,Chat,Premium,Support,Tier 2,Retail,314,326,297,29,29,805,239085,71.61042945,35,8,11,75,8,92,67
2023-10-15,Sunday,41,October,2023,1,Morocco,EMEA,Morocco Hub,OUTBOUND_SALES_T2,Chat,Premium,Outbound,Tier 1,Healthcare,75,102,88,14,14,718,63184,98.54901961,33,2,3,68,2,86,85
2022-12-27,Tuesday,52,December,2022,6,Luxembourg,EMEA,Luxembourg Hub,EMEA_EMAIL_SUPPORT_T3,Chat,Enterprise,Support,Tier 3,Healthcare,61,57,46,11,11,868,39928,167.5087719,25,1,1,74,1,86,87
2023-07-26,Wednesday,30,July,2023,22,Denmark,EMEA,Denmark Hub,EMEA_EMAIL_SUPPORT_T3,Chat,Consumer,Support,Tier 1,Banking,96,81,79,2,2,589,46531,14.54320988,20,1,1,77,1,73,73
2025-05-13,Tuesday,20,May,2025,12,Ireland,EMEA,Dublin,EMEA_CORE_EMAIL_TIER2,Email,Premium,Support,Tier 2,E-commerce,162,167,164,3,3,430,70520,7.724550898,18,2,2,75,2,90,67
2022-02-21,Monday,8,February,2022,23,Romania,EMEA,Romania Hub,EMEA_RETAIL_VOICE_T2,Email,Enterprise,Support,Tier 1,Healthcare,443,452,425,27,27,626,266050,37.39380531,28,9,12,67,8,71,66
2025-12-15,Monday,51,December,2025,21,Czech Republic,EMEA,Czech Republic Hub,EMEA_EMAIL_SUPPORT_T3,Chat,Consumer,Support,Tier 3,Healthcare,488,516,507,9,9,664,336648,11.58139535,17,11,13,67,9,90,72
2023-02-27,Monday,9,February,2023,13,Iceland,EMEA,Iceland Hub,OUTBOUND_SALES_T2,Voice,Enterprise,Outbound,Tier 3,Telecom,188,216,214,2,2,302,64628,2.796296296,20,2,2,88,2,94,90
2021-11-05,Friday,44,November,2021,12,Denmark,EMEA,Denmark Hub,EMEA_CORE_EMAIL_T2,Chat,Consumer,Support,Tier 3,Healthcare,93,117,94,23,23,193,18142,37.94017094,35,0,0,93,0,86,64
2025-02-23,Sunday,8,February,2025,9,Spain,EMEA,Madrid,EMEA_CHAT_SUPPORT_T1,Chat,Consumer,Support,Tier 2,Telecom,485,483,475,8,8,571,271225,9.457556936,18,9,11,92,10,82,67
2022-11-06,Sunday,44,November,2022,2,Ireland,EMEA,Dublin,EMEA_CORE_EMAIL_T2,Email,Consumer,Support,Tier 2,Retail,435,439,435,4,4,659,286665,6.004555809,32,9,12,74,9,79,89
2024-01-02,Tuesday,1,January,2024,10,Morocco,EMEA,Morocco Hub,EMEA_EMAIL_SUPPORT_T3,Voice,Premium,Support,Tier 2,E-commerce,173,167,146,21,21,876,127896,110.1556886,31,4,5,92,5,93,61
2024-01-09,Tuesday,2,January,2024,17,South Africa,EMEA,Cape Town,RETENTION_VOICE_T2,Chat,Premium,Retention,Tier 3,Retail,167,147,126,21,21,368,46368,52.57142857,29,1,1,87,1,95,78
2025-01-01,Wednesday,1,January,2025,18,Slovakia,EMEA,Slovakia Hub,OUTBOUND_SALES_T2,Chat,Enterprise,Outbound,Tier 1,Banking,291,298,287,11,11,267,76629,9.855704698,16,2,2,86,2,78,84
2022-08-04,Thursday,31,August,2022,0,Belgium,EMEA,Belgium Hub,EMEA_CORE_EMAIL_TIER2,Voice,Premium,Support,Tier 1,Telecom,392,384,377,7,7,268,101036,4.885416667,17,3,4,87,3,94,70
2024-09-19,Thursday,38,September,2024,0,Russia,EMEA,Russia Hub,OUTBOUND_SALES_T2,Chat,Premium,Outbound,Tier 3,E-commerce,368,368,340,28,28,851,289340,64.75,19,10,12,93,11,71,69
2022-03-20,Sunday,11,March,2022,3,Sweden,EMEA,Sweden Hub,INBOUND_VOICE_TIER1,Email,Premium,Inbound,Tier 1,Healthcare,310,303,293,10,10,288,84384,9.504950495,28,2,3,94,3,79,81
2025-03-30,Sunday,13,March,2025,9,Slovakia,EMEA,Slovakia Hub,RETENTION_VOICE_T2,Email,Premium,Retention,Tier 2,E-commerce,96,92,88,4,4,350,30800,15.2173913,28,1,1,88,1,91,87
2022-07-09,Saturday,27,July,2022,18,Greece,EMEA,Greece Hub,RETENTION_VOICE_T2,Email,Consumer,Retention,Tier 3,Telecom,99,109,84,25,25,611,51324,140.1376147,31,1,1,74,1,72,79
2022-05-16,Monday,20,May,2022,21,Morocco,EMEA,Morocco Hub,OUTBOUND_SALES_T2,Voice,Enterprise,Outbound,Tier 1,Telecom,203,183,167,16,16,848,141616,74.1420765,26,4,5,78,4,89,86
2022-03-22,Tuesday,12,March,2022,12,Kenya,EMEA,Kenya Hub,RETENTION_VOICE_T2,Voice,Premium,Retention,Tier 2,Retail,194,189,175,14,14,848,148400,62.81481481,24,5,6,78,5,92,74
2025-02-27,Thursday,9,February,2025,6,Russia,EMEA,Russia Hub,INBOUND_VOICE_TIER1,Chat,Consumer,Inbound,Tier 2,Healthcare,449,458,456,2,2,479,218424,2.091703057,33,7,9,78,7,91,67
2023-04-14,Friday,15,April,2023,15,Finland,EMEA,Finland Hub,EMEA_EMAIL_SUPPORT_T3,Voice,Premium,Support,Tier 1,Banking,499,518,502,16,16,447,224394,13.80694981,19,7,8,67,5,80,80
2025-01-28,Tuesday,5,January,2025,6,Russia,EMEA,Russia Hub,INBOUND_VOICE_TIER1,Voice,Consumer,Inbound,Tier 3,Retail,80,79,64,15,15,435,27840,82.59493671,25,0,0,75,0,93,78
2023-03-23,Thursday,12,March,2023,18,Romania,EMEA,Romania Hub,TECH_SUPPORT_EMAIL_T3,Voice,Consumer,Tech Support,Tier 3,Healthcare,422,405,389,16,16,780,303420,30.81481481,31,10,13,73,9,93,85
2024-12-29,Sunday,52,December,2024,21,Germany,EMEA,Berlin,EMEA_EMAIL_SUPPORT_T3,Voice,Premium,Support,Tier 1,Healthcare,122,108,81,27,27,700,56700,175.0,18,1,1,81,1,93,74
2024-07-02,Tuesday,27,July,2024,5,France,EMEA,Paris,EMEA_RETAIL_VOICE_T2,Email,Consumer,Support,Tier 2,Retail,485,514,505,9,9,798,402990,13.97276265,27,13,17,69,12,72,85
2021-12-13,Monday,50,December,2021,13,Belgium,EMEA,Belgium Hub,EMEA_RETAIL_VOICE_T2,Email,Consumer,Support,Tier 3,Healthcare,84,94,84,10,10,234,19656,24.89361702,31,0,0,82,0,93,71
2021-10-06,Wednesday,40,October,2021,8,Italy,EMEA,Rome,CUSTOMER_SUPPORT_CHAT_T1,Voice,Consumer,Customer Support,Tier 1,Retail,373,364,353,11,11,188,66364,5.681318681,16,2,2,73,1,70,61
2021-09-28,Tuesday,39,September,2021,1,Greece,EMEA,Greece Hub,RETENTION_VOICE_T2,Voice,Premium,Retention,Tier 1,Healthcare,82,91,81,10,10,458,37098,50.32967033,16,1,1,90,1,70,68
2021-06-26,Saturday,25,June,2021,20,Israel,EMEA,Israel Hub,EMEA_EMAIL_SUPPORT_T3,Email,Enterprise,Support,Tier 3,Telecom,413,440,415,25,25,388,161020,22.04545455,29,5,6,81,5,78,78
2025-02-02,Sunday,5,February,2025,18,South Africa,EMEA,Cape Town,EMEA_CORE_EMAIL_T2,Voice,Premium,Support,Tier 1,E-commerce,72,77,48,29,29,557,26736,209.7792208,32,0,0,72,0,70,89
2023-08-05,Saturday,31,August,2023,16,Israel,EMEA,Israel Hub,EMEA_CORE_EMAIL_T2,Email,Consumer,Support,Tier 2,Telecom,120,134,132,2,2,609,80388,9.089552239,15,2,2,90,2,88,68
2025-07-24,Thursday,30,July,2025,16,Morocco,EMEA,Morocco Hub,INBOUND_VOICE_TIER1,Email,Consumer,Inbound,Tier 1,Telecom,57,42,20,22,22,263,5260,137.7619048,19,0,0,77,0,71,89
2023-09-20,Wednesday,38,September,2023,4,Hungary,EMEA,Hungary Hub,TECH_SUPPORT_EMAIL_T3,Voice,Consumer,Tech Support,Tier 2,Banking,196,200,181,19,19,239,43259,22.705,30,1,1,65,1,95,81
2024-10-21,Monday,43,October,2024,19,Spain,EMEA,Madrid,EMEA_CORE_EMAIL_T2,Chat,Premium,Support,Tier 3,Telecom,441,457,448,9,9,510,228480,10.04376368,25,7,9,90,8,85,88
2023-05-11,Thursday,19,May,2023,6,Kenya,EMEA,Kenya Hub,EMEA_RETAIL_VOICE_T2,Voice,Premium,Support,Tier 2,E-commerce,91,91,69,22,22,625,43125,151.0989011,29,1,1,68,1,86,88
2021-06-10,Thursday,23,June,2021,23,Ukraine,EMEA,Ukraine Hub,EMEA_RETAIL_VOICE_T2,Email,Consumer,Support,Tier 1,E-commerce,267,255,227,28,28,202,45854,22.18039216,23,1,1,81,1,78,66
2021-04-03,Saturday,13,April,2021,4,Slovakia,EMEA,Slovakia Hub,EMEA_EMAIL_SUPPORT_T3,Email,Premium,Support,Tier 3,Telecom,199,217,207,10,10,834,172638,38.43317972,31,5,7,92,6,89,80
2022-07-06,Wednesday,27,July,2022,3,Slovenia,EMEA,Slovenia Hub,EMEA_CHAT_SUPPORT_T1,Voice,Consumer,Support,Tier 3,Telecom,111,124,97,27,27,884,85748,192.483871,30,2,3,88,3,93,70
2025-01-09,Thursday,2,January,2025,2,Germany,EMEA,Berlin,EMEA_CORE_EMAIL_TIER2,Email,Consumer,Support,Tier 3,E-commerce,162,183,167,16,16,604,100868,52.80874317,21,3,4,68,3,76,60
2021-09-30,Thursday,39,September,2021,0,Sweden,EMEA,Sweden Hub,TECH_SUPPORT_EMAIL_T3,Voice,Enterprise,Tech Support,Tier 3,Telecom,472,467,440,27,27,663,291720,38.33190578,30,10,13,93,12,95,66
2021-11-20,Saturday,46,November,2021,9,Czech Republic,EMEA,Czech Republic Hub,EMEA_CORE_EMAIL_T2,Chat,Enterprise,Support,Tier 1,E-commerce,81,111,106,5,5,261,27666,11.75675676,26,0,0,93,0,81,66
2022-03-21,Monday,12,March,2022,18,South Africa,EMEA,Cape Town,EMEA_CORE_EMAIL_T2,Email,Premium,Support,Tier 2,Healthcare,215,203,196,7,7,315,61740,10.86206897,28,2,3,75,2,75,78
2021-09-04,Saturday,35,September,2021,7,Finland,EMEA,Finland Hub,RETENTION_VOICE_T2,Email,Premium,Retention,Tier 3,Banking,426,429,420,9,9,841,353220,17.64335664,35,12,16,95,15,86,82
2024-11-19,Tuesday,47,November,2024,15,Israel,EMEA,Israel Hub,CUSTOMER_SUPPORT_CHAT_T1,Email,Enterprise,Customer Support,Tier 3,E-commerce,136,156,148,8,8,323,47804,16.56410256,28,1,1,65,1,87,74
2023-03-16,Thursday,11,March,2023,23,Finland,EMEA,Finland Hub,CUSTOMER_SUPPORT_CHAT_T1,Email,Consumer,Customer Support,Tier 1,Retail,54,80,67,13,13,607,40669,98.6375,15,1,1,72,1,95,90
2024-10-08,Tuesday,41,October,2024,23,Netherlands,EMEA,Amsterdam,CUSTOMER_SUPPORT_CHAT_T1,Email,Enterprise,Customer Support,Tier 3,Healthcare,351,359,355,4,4,359,127445,4.0,33,4,5,68,3,89,81
2024-04-07,Sunday,14,April,2024,1,Morocco,EMEA,Morocco Hub,EMEA_CORE_EMAIL_T2,Chat,Consumer,Support,Tier 2,Retail,80,63,55,8,8,833,45815,105.7777778,34,1,1,67,1,95,90
2022-02-05,Saturday,5,February,2022,2,Spain,EMEA,Madrid,EMEA_CORE_EMAIL_TIER2,Chat,Premium,Support,Tier 3,Healthcare,268,255,245,10,10,741,181545,29.05882353,32,6,8,71,6,94,74
2022-12-01,Thursday,48,December,2022,7,Italy,EMEA,Rome,INBOUND_VOICE_TIER1,Chat,Consumer,Inbound,Tier 3,Retail,237,248,231,17,17,536,123816,36.74193548,28,4,5,81,4,90,79
2022-11-10,Thursday,45,November,2022,12,Slovenia,EMEA,Slovenia Hub,EMEA_EMAIL_SUPPORT_T3,Voice,Consumer,Support,Tier 3,E-commerce,50,75,73,2,2,339,24747,9.04,16,0,0,89,0,76,86
2021-03-14,Sunday,10,March,2021,23,Greece,EMEA,Greece Hub,EMEA_RETAIL_VOICE_T2,Chat,Premium,Support,Tier 1,Healthcare,315,334,328,6,6,797,261416,14.31736527,28,9,12,87,10,72,71
2024-07-06,Saturday,27,July,2024,23,Norway,EMEA,Norway Hub,TECH_SUPPORT_EMAIL_T3,Voice,Premium,Tech Support,Tier 2,Healthcare,225,212,211,1,1,607,128077,2.863207547,24,4,5,78,4,87,68
2023-07-16,Sunday,28,July,2023,20,Finland,EMEA,Finland Hub,OUTBOUND_SALES_T2,Voice,Premium,Outbound,Tier 1,E-commerce,414,443,438,5,5,200,87600,2.257336343,16,3,3,85,3,86,73
2023-01-03,Tuesday,1,January,2023,7,United Kingdom,EMEA,London,EMEA_CORE_EMAIL_T2,Voice,Consumer,Support,Tier 1,Telecom,200,180,177,3,3,881,155937,14.68333333,27,5,6,77,5,84,69
2023-11-21,Tuesday,47,November,2023,20,Germany,EMEA,Berlin,TECH_SUPPORT_EMAIL_T3,Email,Premium,Tech Support,Tier 2,Banking,166,167,139,28,28,756,105084,126.754491,24,3,4,81,3,95,62
2024-05-16,Thursday,20,May,2024,4,Spain,EMEA,Madrid,INBOUND_VOICE_TIER1,Voice,Enterprise,Inbound,Tier 3,Retail,149,179,172,7,7,596,102512,23.30726257,23,3,4,95,4,89,71
2023-11-22,Wednesday,47,November,2023,6,Russia,EMEA,Russia Hub,EMEA_CHAT_SUPPORT_T1,Email,Consumer,Support,Tier 3,Telecom,147,139,116,23,23,402,46632,66.51798561,23,1,1,71,1,81,89
2022-05-01,Sunday,17,May,2022,2,United Kingdom,EMEA,London,RETENTION_VOICE_T2,Voice,Enterprise,Retention,Tier 1,E-commerce,482,462,434,28,28,542,235228,32.84848485,31,8,10,78,8,80,82
2024-09-27,Friday,39,September,2024,14,Slovakia,EMEA,Slovakia Hub,EMEA_RETAIL_VOICE_T2,Email,Enterprise,Support,Tier 3,Retail,100,96,93,3,3,573,53289,17.90625,30,1,1,81,1,84,71
2022-07-04,Monday,27,July,2022,22,Morocco,EMEA,Morocco Hub,CUSTOMER_SUPPORT_CHAT_T1,Email,Premium,Customer Support,Tier 3,Healthcare,167,151,130,21,21,427,55510,59.38410596,23,1,1,87,1,91,89
2024-02-10,Saturday,6,February,2024,12,Spain,EMEA,Madrid,OUTBOUND_SALES_T2,Email,Consumer,Outbound,Tier 1,Retail,288,296,290,6,6,359,104110,7.277027027,17,3,4,78,3,87,79
2021-05-01,Saturday,17,May,2021,1,Turkey,EMEA,Turkey Hub,OUTBOUND_SALES_T2,Voice,Enterprise,Outbound,Tier 1,Healthcare,275,284,283,1,1,600,169800,2.112676056,33,5,7,80,6,77,82
2025-12-24,Wednesday,52,December,2025,6,Bulgaria,EMEA,Bulgaria Hub,EMEA_CHAT_SUPPORT_T1,Email,Enterprise,Support,Tier 2,Healthcare,372,365,344,21,21,627,215688,36.0739726,32,7,9,78,7,70,68
2021-07-09,Friday,27,July,2021,9,Iceland,EMEA,Iceland Hub,TECH_SUPPORT_EMAIL_T3,Chat,Enterprise,Tech Support,Tier 1,Retail,88,101,91,10,10,232,21112,22.97029703,19,0,0,85,0,93,66
2023-10-01,Sunday,39,October,2023,21,Portugal,EMEA,Portugal Hub,RETENTION_VOICE_T2,Voice,Enterprise,Retention,Tier 1,Banking,180,176,156,20,20,763,119028,86.70454545,31,4,5,91,5,75,68
2025-03-26,Wednesday,13,March,2025,2,Slovenia,EMEA,Slovenia Hub,OUTBOUND_SALES_T2,Email,Consumer,Outbound,Tier 3,E-commerce,500,522,521,1,1,353,183913,0.676245211,15,6,7,86,6,93,71
2022-09-21,Wednesday,38,September,2022,2,Turkey,EMEA,Turkey Hub,CUSTOMER_SUPPORT_CHAT_T1,Email,Enterprise,Customer Support,Tier 1,Telecom,277,307,285,22,22,778,221730,55.752443,26,7,9,94,8,89,83
2021-05-02,Sunday,17,May,2021,22,Ukraine,EMEA,Ukraine Hub,EMEA_EMAIL_SUPPORT_T3,Email,Premium,Support,Tier 3,Telecom,150,139,137,2,2,477,65349,6.863309353,27,2,3,94,3,94,73
2021-09-04,Saturday,35,September,2021,1,Ireland,EMEA,Dublin,EMEA_CHAT_SUPPORT_T1,Email,Premium,Support,Tier 2,Banking,265,262,237,25,25,639,151443,60.97328244,34,5,7,83,6,89,72
2023-07-29,Saturday,30,July,2023,19,Belgium,EMEA,Belgium Hub,OUTBOUND_SALES_T2,Voice,Enterprise,Outbound,Tier 2,Healthcare,405,435,420,15,15,516,216720,17.79310345,35,7,9,82,7,92,75
2024-05-07,Tuesday,19,May,2024,22,Norway,EMEA,Norway Hub,CUSTOMER_SUPPORT_CHAT_T1,Voice,Consumer,Customer Support,Tier 1,E-commerce,285,296,266,30,30,315,83790,31.92567568,26,2,3,85,3,95,68
2021-10-04,Monday,40,October,2021,21,Germany,EMEA,Berlin,TECH_SUPPORT_EMAIL_T3,Chat,Premium,Tech Support,Tier 3,Retail,211,206,192,14,14,799,153408,54.30097087,33,5,7,71,5,83,70
2025-07-20,Sunday,29,July,2025,22,Denmark,EMEA,Denmark Hub,EMEA_EMAIL_SUPPORT_T3,Voice,Premium,Support,Tier 3,E-commerce,416,405,386,19,19,233,89938,10.9308642,34,3,4,81,3,77,64
2022-03-19,Saturday,11,March,2022,6,Slovakia,EMEA,Slovakia Hub,TECH_SUPPORT_EMAIL_T3,Chat,Premium,Tech Support,Tier 3,E-commerce,406,412,394,18,18,255,100470,11.1407767,19,3,4,89,4,87,77
2025-09-28,Sunday,39,September,2025,0,Sweden,EMEA,Sweden Hub,RETENTION_VOICE_T2,Email,Enterprise,Retention,Tier 3,Retail,168,158,153,5,5,356,54468,11.26582278,17,1,1,90,1,92,60
2021-01-08,Friday,1,January,2021,19,Italy,EMEA,Rome,TECH_SUPPORT_EMAIL_T3,Voice,Premium,Tech Support,Tier 3,Telecom,430,422,412,10,10,299,123188,7.085308057,17,4,5,71,4,77,64
2021-01-01,Friday,53,January,2021,21,Greece,EMEA,Greece Hub,INBOUND_VOICE_TIER1,Email,Enterprise,Inbound,Tier 3,Banking,437,447,438,9,9,332,145416,6.684563758,17,5,6,86,5,74,90
2022-03-01,Tuesday,9,March,2022,16,Luxembourg,EMEA,Luxembourg Hub,OUTBOUND_SALES_T2,Voice,Premium,Outbound,Tier 1,E-commerce,383,411,396,15,15,797,315612,29.08759124,33,10,13,92,12,91,73
2024-12-07,Saturday,49,December,2024,7,Poland,EMEA,Poland Hub,OUTBOUND_SALES_T2,Chat,Enterprise,Outbound,Tier 3,Retail,230,257,244,13,13,857,209108,43.35019455,35,7,9,80,7,76,65
2023-09-27,Wednesday,39,September,2023,13,Portugal,EMEA,Portugal Hub,CUSTOMER_SUPPORT_CHAT_T1,Email,Consumer,Customer Support,Tier 1,Banking,233,262,244,18,18,511,124684,35.10687023,21,4,5,95,5,93,69
2025-08-05,Tuesday,32,August,2025,23,Czech Republic,EMEA,Czech Republic Hub,CUSTOMER_SUPPORT_CHAT_T1,Email,Enterprise,Customer Support,Tier 2,E-commerce,247,268,258,10,10,727,187566,27.12686567,25,6,8,65,5,72,75
2025-10-06,Monday,41,October,2025,8,Norway,EMEA,Norway Hub,EMEA_CORE_EMAIL_TIER2,Voice,Enterprise,Support,Tier 2,E-commerce,95,92,75,17,17,501,37575,92.57608696,17,1,1,79,1,80,86
2023-11-10,Friday,45,November,2023,16,Czech Republic,EMEA,Czech Republic Hub,EMEA_RETAIL_VOICE_T2,Email,Consumer,Support,Tier 3,Telecom,69,92,77,15,15,642,49434,104.673913,16,1,1,74,1,71,82
2022-06-22,Wednesday,25,June,2022,6,Spain,EMEA,Madrid,INBOUND_VOICE_TIER1,Email,Consumer,Inbound,Tier 2,E-commerce,425,407,402,5,5,471,189342,5.786240786,19,6,7,66,5,74,83
2022-05-29,Sunday,21,May,2022,22,Morocco,EMEA,Morocco Hub,EMEA_EMAIL_SUPPORT_T3,Email,Consumer,Support,Tier 1,Retail,57,63,49,14,14,233,11417,51.77777778,15,0,0,70,0,75,68
2024-04-13,Saturday,15,April,2024,8,United Kingdom,EMEA,London,INBOUND_VOICE_TIER1,Email,Consumer,Inbound,Tier 2,Retail,270,289,277,12,12,181,50137,7.515570934,21,1,1,75,1,88,66
2023-09-26,Tuesday,39,September,2023,0,Russia,EMEA,Russia Hub,EMEA_CHAT_SUPPORT_T1,Voice,Enterprise,Support,Tier 3,Telecom,447,431,413,18,18,844,348572,35.24825986,24,12,15,65,10,86,62
2024-09-07,Saturday,36,September,2024,5,Spain,EMEA,Madrid,RETENTION_VOICE_T2,Chat,Enterprise,Retention,Tier 1,Banking,492,472,445,27,27,805,358225,46.04872881,24,12,15,81,12,71,78
2022-05-04,Wednesday,18,May,2022,10,United Kingdom,EMEA,London,EMEA_CORE_EMAIL_T2,Chat,Consumer,Support,Tier 2,E-commerce,102,111,109,2,2,299,32591,5.387387387,24,1,1,92,1,88,74
2023-12-19,Tuesday,51,December,2023,15,United Kingdom,EMEA,London,OUTBOUND_SALES_T2,Email,Premium,Outbound,Tier 1,Retail,328,348,329,19,19,664,218456,36.25287356,23,7,9,78,7,74,69
2024-12-19,Thursday,51,December,2024,22,Turkey,EMEA,Turkey Hub,EMEA_RETAIL_VOICE_T2,Email,Enterprise,Support,Tier 2,Banking,202,215,187,28,28,258,48246,33.6,20,1,1,65,1,72,86
2025-04-22,Tuesday,17,April,2025,15,Poland,EMEA,Poland Hub,EMEA_RETAIL_VOICE_T2,Chat,Enterprise,Support,Tier 2,Retail,456,442,437,5,5,599,261763,6.7760181,26,9,11,77,8,71,70
2021-11-21,Sunday,46,November,2021,13,Ukraine,EMEA,Ukraine Hub,INBOUND_VOICE_TIER1,Email,Premium,Inbound,Tier 2,E-commerce,410,426,400,26,26,645,258000,39.36619718,29,8,10,73,7,80,61
2022-08-21,Sunday,33,August,2022,0,Morocco,EMEA,Morocco Hub,EMEA_CHAT_SUPPORT_T1,Email,Enterprise,Support,Tier 3,Healthcare,62,85,77,8,8,674,51898,63.43529412,34,1,1,81,1,86,71
2023-06-27,Tuesday,26,June,2023,10,Poland,EMEA,Poland Hub,EMEA_CHAT_SUPPORT_T1,Voice,Consumer,Support,Tier 1,Telecom,142,147,128,19,19,223,28544,28.82312925,22,0,0,79,0,95,74
2024-10-29,Tuesday,44,October,2024,13,Slovakia,EMEA,Slovakia Hub,INBOUND_VOICE_TIER1,Voice,Premium,Inbound,Tier 2,E-commerce,276,297,272,25,25,722,196384,60.77441077,15,6,7,69,5,87,60
2023-09-15,Friday,37,September,2023,0,Slovakia,EMEA,Slovakia Hub,RETENTION_VOICE_T2,Chat,Enterprise,Retention,Tier 3,Banking,134,160,139,21,21,854,118706,112.0875,22,4,5,78,4,78,66
2024-04-30,Tuesday,18,April,2024,14,Turkey,EMEA,Turkey Hub,CUSTOMER_SUPPORT_CHAT_T1,Email,Enterprise,Customer Support,Tier 3,Banking,332,344,317,27,27,782,247894,61.37790698,17,8,9,95,9,84,80
2025-04-09,Wednesday,15,April,2025,7,Denmark,EMEA,Denmark Hub,CUSTOMER_SUPPORT_CHAT_T1,Voice,Enterprise,Customer Support,Tier 3,Healthcare,309,317,301,16,16,469,141169,23.67192429,29,4,5,71,4,72,74
2021-09-08,Wednesday,36,September,2021,5,Germany,EMEA,Berlin,RETENTION_VOICE_T2,Voice,Enterprise,Retention,Tier 1,Telecom,256,255,243,12,12,576,139968,27.10588235,24,4,5,85,4,87,62
2023-05-27,Saturday,21,May,2023,18,Ukraine,EMEA,Ukraine Hub,EMEA_CORE_EMAIL_T2,Email,Consumer,Support,Tier 3,Healthcare,85,110,106,4,4,283,29998,10.29090909,23,1,1,80,1,75,71
2023-04-10,Monday,15,April,2023,22,Czech Republic,EMEA,Czech Republic Hub,EMEA_CORE_EMAIL_TIER2,Email,Consumer,Support,Tier 3,E-commerce,482,483,460,23,23,875,402500,41.66666667,16,13,15,71,11,89,61
2022-06-05,Sunday,22,June,2022,11,Portugal,EMEA,Portugal Hub,OUTBOUND_SALES_T2,Voice,Premium,Outbound,Tier 1,Retail,388,399,385,14,14,712,274120,24.98245614,22,9,11,65,7,81,60
2024-05-04,Saturday,18,May,2024,10,Morocco,EMEA,Morocco Hub,EMEA_RETAIL_VOICE_T2,Chat,Enterprise,Support,Tier 3,Banking,202,216,202,14,14,769,155338,49.84259259,25,5,6,84,5,72,70
2022-08-19,Friday,33,August,2022,0,Iceland,EMEA,Iceland Hub,INBOUND_VOICE_TIER1,Chat,Enterprise,Inbound,Tier 3,Banking,69,90,79,11,11,200,15800,24.44444444,29,0,0,87,0,79,68
2022-04-14,Thursday,15,April,2022,12,South Africa,EMEA,Cape Town,RETENTION_VOICE_T2,Chat,Premium,Retention,Tier 3,Banking,118,106,93,13,13,320,29760,39.24528302,28,1,1,82,1,83,78
2024-04-14,Sunday,15,April,2024,8,Finland,EMEA,Finland Hub,CUSTOMER_SUPPORT_CHAT_T1,Email,Premium,Customer Support,Tier 1,E-commerce,113,114,86,28,28,846,72756,207.7894737,30,2,3,94,3,89,83
2024-02-18,Sunday,7,February,2024,4,Ireland,EMEA,Dublin,CUSTOMER_SUPPORT_CHAT_T1,Voice,Consumer,Customer Support,Tier 3,Telecom,326,323,310,13,13,439,136090,17.66873065,22,4,5,75,4,92,90
2021-04-26,Monday,17,April,2021,5,Hungary,EMEA,Hungary Hub,OUTBOUND_SALES_T2,Chat,Consumer,Outbound,Tier 2,Healthcare,115,104,96,8,8,537,51552,41.30769231,31,1,1,91,1,85,67
2023-04-22,Saturday,16,April,2023,10,Greece,EMEA,Greece Hub,INBOUND_VOICE_TIER1,Voice,Consumer,Inbound,Tier 3,Healthcare,200,206,180,26,26,898,161640,113.3398058,15,5,6,90,5,84,77
2022-04-23,Saturday,16,April,2022,20,Spain,EMEA,Madrid,EMEA_CORE_EMAIL_T2,Email,Consumer,Support,Tier 2,Healthcare,351,350,338,12,12,684,231192,23.45142857,34,8,11,84,9,77,67
2021-11-29,Monday,48,November,2021,3,France,EMEA,Paris,EMEA_CORE_EMAIL_T2,Email,Consumer,Support,Tier 1,Healthcare,227,242,237,5,5,672,159264,13.88429752,26,5,6,87,5,81,71
2024-02-06,Tuesday,6,February,2024,21,Slovakia,EMEA,Slovakia Hub,INBOUND_VOICE_TIER1,Chat,Consumer,Inbound,Tier 2,Banking,397,404,383,21,21,598,229034,31.08415842,31,7,9,65,6,71,74
2022-02-12,Saturday,6,February,2022,14,Israel,EMEA,Israel Hub,EMEA_CHAT_SUPPORT_T1,Voice,Consumer,Support,Tier 3,Healthcare,298,311,296,15,15,877,259592,42.29903537,24,9,11,76,8,83,67
2023-11-10,Friday,45,November,2023,18,Romania,EMEA,Romania Hub,EMEA_CORE_EMAIL_TIER2,Voice,Premium,Support,Tier 3,Healthcare,448,449,442,7,7,222,98124,3.461024499,27,3,4,70,3,95,86
2022-02-24,Thursday,8,February,2022,11,Russia,EMEA,Russia Hub,EMEA_RETAIL_VOICE_T2,Email,Enterprise,Support,Tier 1,Telecom,356,382,381,1,1,592,225552,1.54973822,26,7,9,80,7,82,81
2022-03-29,Tuesday,13,March,2022,9,Portugal,EMEA,Portugal Hub,EMEA_CORE_EMAIL_T2,Voice,Consumer,Support,Tier 2,Banking,286,274,244,30,30,197,48068,21.56934307,23,1,1,75,1,83,60
2023-10-22,Sunday,42,October,2023,21,Finland,EMEA,Finland Hub,EMEA_CHAT_SUPPORT_T1,Voice,Premium,Support,Tier 1,Retail,318,344,330,14,14,669,220770,27.22674419,28,7,9,77,7,94,70
2025-12-01,Monday,49,December,2025,8,Spain,EMEA,Madrid,TECH_SUPPORT_EMAIL_T3,Voice,Enterprise,Tech Support,Tier 2,Telecom,354,344,315,29,29,509,160335,42.90988372,33,5,7,94,7,73,67
2023-05-13,Saturday,19,May,2023,0,Germany,EMEA,Berlin,EMEA_CORE_EMAIL_TIER2,Voice,Premium,Support,Tier 3,Banking,69,90,63,27,27,445,28035,133.5,27,0,0,84,0,70,60
2022-03-11,Friday,10,March,2022,10,Belgium,EMEA,Belgium Hub,EMEA_CORE_EMAIL_T2,Chat,Consumer,Support,Tier 3,Retail,424,427,419,8,8,705,295395,13.20843091,30,10,13,94,12,89,65
2022-03-04,Friday,9,March,2022,5,Luxembourg,EMEA,Luxembourg Hub,TECH_SUPPORT_EMAIL_T3,Voice,Consumer,Tech Support,Tier 2,Healthcare,445,429,424,5,5,721,305704,8.403263403,35,10,14,82,11,86,68
2024-09-12,Thursday,37,September,2024,18,Italy,EMEA,Rome,CUSTOMER_SUPPORT_CHAT_T1,Chat,Enterprise,Customer Support,Tier 2,E-commerce,290,280,260,20,20,779,202540,55.64285714,29,7,9,67,6,86,79
2025-07-20,Sunday,29,July,2025,19,Hungary,EMEA,Hungary Hub,CUSTOMER_SUPPORT_CHAT_T1,Chat,Enterprise,Customer Support,Tier 3,Healthcare,131,153,151,2,2,883,133333,11.54248366,33,4,5,75,4,82,67
2024-06-15,Saturday,24,June,2024,22,United Kingdom,EMEA,London,OUTBOUND_SALES_T2,Chat,Premium,Outbound,Tier 2,Telecom,226,244,218,26,26,201,43818,21.41803279,29,1,1,73,1,90,90
2021-03-22,Monday,12,March,2021,9,Iceland,EMEA,Iceland Hub,EMEA_RETAIL_VOICE_T2,Chat,Consumer,Support,Tier 1,Retail,250,277,258,19,19,677,174666,46.4368231,22,6,7,70,5,73,67
2023-08-25,Friday,34,August,2023,5,Portugal,EMEA,Portugal Hub,EMEA_CHAT_SUPPORT_T1,Chat,Consumer,Support,Tier 2,Retail,417,421,411,10,10,869,357159,20.64133017,27,12,15,84,13,79,65
2024-05-16,Thursday,20,May,2024,17,Ukraine,EMEA,Ukraine Hub,EMEA_CORE_EMAIL_TIER2,Voice,Premium,Support,Tier 1,Banking,218,244,218,26,26,524,114232,55.83606557,15,3,3,88,3,95,81
2025-09-12,Friday,37,September,2025,10,Belgium,EMEA,Belgium Hub,EMEA_CHAT_SUPPORT_T1,Chat,Enterprise,Support,Tier 2,Telecom,464,494,477,17,17,199,94923,6.848178138,27,3,4,74,3,78,80
2021-04-27,Tuesday,17,April,2021,21,Netherlands,EMEA,Amsterdam,RETENTION_VOICE_T2,Email,Premium,Retention,Tier 1,Telecom,154,159,150,9,9,548,82200,31.01886792,16,2,2,95,2,71,83
2024-03-19,Tuesday,12,March,2024,15,Finland,EMEA,Finland Hub,INBOUND_VOICE_TIER1,Email,Premium,Inbound,Tier 1,Healthcare,168,148,126,22,22,491,61866,72.98648649,24,2,2,80,2,81,60
2024-05-23,Thursday,21,May,2024,12,Romania,EMEA,Romania Hub,TECH_SUPPORT_EMAIL_T3,Email,Consumer,Tech Support,Tier 2,E-commerce,215,239,233,6,6,220,51260,5.523012552,20,1,1,77,1,75,68
2025-09-10,Wednesday,37,September,2025,23,Ireland,EMEA,Dublin,TECH_SUPPORT_EMAIL_T3,Voice,Premium,Tech Support,Tier 2,Telecom,336,325,321,4,4,498,159858,6.129230769,30,5,7,93,7,80,75
2023-10-10,Tuesday,41,October,2023,21,Israel,EMEA,Israel Hub,OUTBOUND_SALES_T2,Email,Premium,Outbound,Tier 2,Banking,130,110,84,26,26,519,43596,122.6727273,17,1,1,65,1,88,64
2021-03-13,Saturday,10,March,2021,14,Germany,EMEA,Berlin,INBOUND_VOICE_TIER1,Email,Consumer,Inbound,Tier 2,E-commerce,431,444,432,12,12,495,213840,13.37837838,24,7,9,74,7,89,77
2023-11-20,Monday,47,November,2023,4,Netherlands,EMEA,Amsterdam,EMEA_CORE_EMAIL_TIER2,Chat,Enterprise,Support,Tier 3,Telecom,315,305,284,21,21,517,146828,35.59672131,24,5,6,74,4,84,71
2023-03-26,Sunday,12,March,2023,14,Luxembourg,EMEA,Luxembourg Hub,EMEA_CORE_EMAIL_T2,Chat,Premium,Support,Tier 1,Banking,62,56,45,11,11,860,38700,168.9285714,19,1,1,81,1,78,75
2021-12-23,Thursday,51,December,2021,2,Ukraine,EMEA,Ukraine Hub,EMEA_CORE_EMAIL_TIER2,Voice,Consumer,Support,Tier 2,Healthcare,96,83,54,29,29,280,15120,97.8313253,25,0,0,71,0,86,72
2021-05-15,Saturday,19,May,2021,16,Germany,EMEA,Berlin,TECH_SUPPORT_EMAIL_T3,Email,Consumer,Tech Support,Tier 3,Retail,467,494,479,15,15,569,272551,17.27732794,26,9,11,76,8,85,79
2021-04-13,Tuesday,15,April,2021,23,Sweden,EMEA,Sweden Hub,EMEA_CORE_EMAIL_T2,Chat,Consumer,Support,Tier 3,Telecom,253,271,257,14,14,830,213310,42.87822878,19,7,8,90,7,82,83
2021-04-08,Thursday,14,April,2021,10,Russia,EMEA,Russia Hub,EMEA_CHAT_SUPPORT_T1,Voice,Consumer,Support,Tier 2,Retail,255,241,238,3,3,691,164458,8.601659751,26,5,6,87,5,94,90
2023-09-14,Thursday,37,September,2023,7,Morocco,EMEA,Morocco Hub,EMEA_RETAIL_VOICE_T2,Voice,Consumer,Support,Tier 3,Retail,324,338,326,12,12,477,155502,16.93491124,30,5,7,79,6,70,71
2021-03-13,Saturday,10,March,2021,16,Hungary,EMEA,Hungary Hub,EMEA_EMAIL_SUPPORT_T3,Chat,Premium,Support,Tier 2,Healthcare,91,119,101,18,18,787,79487,119.0420168,30,2,3,83,2,74,70
2023-04-01,Saturday,13,April,2023,9,Ukraine,EMEA,Ukraine Hub,EMEA_CHAT_SUPPORT_T1,Chat,Premium,Support,Tier 1,Telecom,168,149,134,15,15,717,96078,72.18120805,28,3,4,73,3,71,80
2022-09-15,Thursday,37,September,2022,8,Sweden,EMEA,Sweden Hub,EMEA_CORE_EMAIL_T2,Voice,Premium,Support,Tier 1,Retail,439,469,447,22,22,721,322287,33.82089552,21,11,13,67,9,73,89
2024-07-02,Tuesday,27,July,2024,3,Slovakia,EMEA,Slovakia Hub,EMEA_EMAIL_SUPPORT_T3,Chat,Premium,Support,Tier 1,Banking,412,441,430,11,11,191,82130,4.764172336,23,2,2,95,2,73,60
2025-01-29,Wednesday,5,January,2025,9,Ukraine,EMEA,Ukraine Hub,EMEA_CORE_EMAIL_T2,Email,Enterprise,Support,Tier 3,E-commerce,76,64,39,25,25,243,9477,94.921875,16,0,0,67,0,79,82
2021-07-03,Saturday,26,July,2021,10,Iceland,EMEA,Iceland Hub,EMEA_CORE_EMAIL_T2,Email,Enterprise,Support,Tier 2,Telecom,348,344,325,19,19,769,249925,42.47383721,18,8,9,87,8,72,86
2021-11-22,Monday,47,November,2021,6,United Kingdom,EMEA,London,EMEA_CHAT_SUPPORT_T1,Email,Consumer,Support,Tier 1,E-commerce,118,133,120,13,13,256,30720,25.02255639,22,1,1,88,1,93,66
2025-12-27,Saturday,52,December,2025,6,Luxembourg,EMEA,Luxembourg Hub,EMEA_EMAIL_SUPPORT_T3,Chat,Enterprise,Support,Tier 1,Retail,60,82,72,10,10,256,18432,31.2195122,25,0,0,65,0,71,63
2021-09-08,Wednesday,36,September,2021,22,Norway,EMEA,Norway Hub,OUTBOUND_SALES_T2,Chat,Consumer,Outbound,Tier 1,Banking,193,175,169,6,6,601,101569,20.60571429,18,3,4,90,4,86,66
2022-05-06,Friday,18,May,2022,3,United Kingdom,EMEA,London,EMEA_EMAIL_SUPPORT_T3,Voice,Enterprise,Support,Tier 3,E-commerce,105,110,101,9,9,741,74841,60.62727273,29,2,3,86,3,74,82
2022-07-07,Thursday,27,July,2022,18,Bulgaria,EMEA,Bulgaria Hub,CUSTOMER_SUPPORT_CHAT_T1,Chat,Premium,Customer Support,Tier 3,Telecom,487,509,489,20,20,524,256236,20.58939096,34,8,11,68,7,91,77
2022-03-03,Thursday,9,March,2022,4,Finland,EMEA,Finland Hub,EMEA_CORE_EMAIL_TIER2,Chat,Consumer,Support,Tier 1,Telecom,218,198,174,24,24,895,155730,108.4848485,30,5,7,85,6,89,61
2021-02-13,Saturday,6,February,2021,10,Belgium,EMEA,Belgium Hub,EMEA_RETAIL_VOICE_T2,Voice,Premium,Support,Tier 1,E-commerce,328,343,330,13,13,278,91740,10.53644315,17,3,4,82,3,78,69
2021-06-16,Wednesday,24,June,2021,17,United Kingdom,EMEA,London,RETENTION_VOICE_T2,Voice,Enterprise,Retention,Tier 1,E-commerce,335,356,329,27,27,436,143444,33.06741573,25,4,5,68,3,94,72
2023-11-12,Sunday,45,November,2023,10,Slovenia,EMEA,Slovenia Hub,CUSTOMER_SUPPORT_CHAT_T1,Voice,Enterprise,Customer Support,Tier 3,Healthcare,53,79,78,1,1,880,68640,11.13924051,24,2,2,79,2,73,72
2021-05-11,Tuesday,19,May,2021,0,Slovenia,EMEA,Slovenia Hub,EMEA_CORE_EMAIL_T2,Chat,Premium,Support,Tier 3,Banking,135,138,118,20,20,486,57348,70.43478261,32,1,1,69,1,71,85
2025-08-26,Tuesday,35,August,2025,17,Finland,EMEA,Finland Hub,RETENTION_VOICE_T2,Email,Enterprise,Retention,Tier 2,Healthcare,73,67,54,13,13,778,42012,150.9552239,28,1,1,90,1,78,81
2022-06-10,Friday,23,June,2022,9,Poland,EMEA,Poland Hub,TECH_SUPPORT_EMAIL_T3,Chat,Premium,Tech Support,Tier 1,Retail,233,241,212,29,29,663,140556,79.78008299,32,4,5,91,5,88,85
2023-07-04,Tuesday,27,July,2023,15,Slovenia,EMEA,Slovenia Hub,INBOUND_VOICE_TIER1,Voice,Consumer,Inbound,Tier 2,Healthcare,333,328,305,23,23,691,210755,48.45426829,22,7,9,83,7,83,73
2021-03-09,Tuesday,10,March,2021,7,Slovenia,EMEA,Slovenia Hub,EMEA_CHAT_SUPPORT_T1,Chat,Premium,Support,Tier 2,Retail,174,178,154,24,24,418,64372,56.35955056,34,2,3,94,3,83,75
2024-12-30,Monday,1,December,2024,21,Morocco,EMEA,Morocco Hub,EMEA_EMAIL_SUPPORT_T3,Email,Premium,Support,Tier 2,E-commerce,481,474,461,13,13,766,353126,21.00843882,28,12,15,82,12,92,61
2024-01-12,Friday,2,January,2024,23,Turkey,EMEA,Turkey Hub,RETENTION_VOICE_T2,Email,Premium,Retention,Tier 1,Telecom,345,339,331,8,8,659,218129,15.55162242,24,7,9,67,6,88,72
2023-11-10,Friday,45,November,2023,7,Morocco,EMEA,Morocco Hub,EMEA_RETAIL_VOICE_T2,Email,Consumer,Support,Tier 1,Healthcare,390,411,389,22,22,629,244681,33.66909976,25,8,10,68,7,79,68
2023-05-14,Sunday,19,May,2023,11,Italy,EMEA,Rome,OUTBOUND_SALES_T2,Chat,Enterprise,Outbound,Tier 1,Banking,136,164,150,14,14,479,71850,40.8902439,27,2,3,67,2,73,78
2023-07-19,Wednesday,29,July,2023,22,Slovenia,EMEA,Slovenia Hub,INBOUND_VOICE_TIER1,Voice,Enterprise,Inbound,Tier 2,E-commerce,187,196,171,25,25,663,113373,84.56632653,32,3,4,68,3,73,76
2023-12-23,Saturday,51,December,2023,16,Romania,EMEA,Romania Hub,RETENTION_VOICE_T2,Voice,Enterprise,Retention,Tier 3,Retail,265,271,262,9,9,264,69168,8.767527675,21,2,2,77,2,76,89
2024-08-13,Tuesday,33,August,2024,4,Belgium,EMEA,Belgium Hub,INBOUND_VOICE_TIER1,Email,Premium,Inbound,Tier 2,Retail,390,411,407,4,4,538,218966,5.236009732,18,7,8,86,7,74,84
2023-06-23,Friday,25,June,2023,8,Ukraine,EMEA,Ukraine Hub,EMEA_CHAT_SUPPORT_T1,Chat,Enterprise,Support,Tier 2,E-commerce,475,462,437,25,25,399,174363,21.59090909,30,6,8,81,6,71,84
2025-10-24,Friday,43,October,2025,10,Israel,EMEA,Israel Hub,EMEA_CHAT_SUPPORT_T1,Voice,Enterprise,Support,Tier 3,Retail,489,486,473,13,13,795,376035,21.2654321,15,13,15,89,13,83,81
2024-09-09,Monday,37,September,2024,9,Ireland,EMEA,Dublin,EMEA_EMAIL_SUPPORT_T3,Chat,Enterprise,Support,Tier 1,Retail,85,82,60,22,22,760,45600,203.902439,30,1,1,66,1,72,90
2025-10-06,Monday,41,October,2025,11,Sweden,EMEA,Sweden Hub,INBOUND_VOICE_TIER1,Voice,Enterprise,Inbound,Tier 1,Banking,441,442,437,5,5,461,201457,5.214932127,31,6,8,92,7,95,76
2024-11-26,Tuesday,48,November,2024,13,Hungary,EMEA,Hungary Hub,EMEA_CHAT_SUPPORT_T1,Voice,Enterprise,Support,Tier 1,Telecom,292,285,265,20,20,852,225780,59.78947368,23,7,9,81,7,81,71
2023-02-05,Sunday,5,February,2023,19,Germany,EMEA,Berlin,EMEA_EMAIL_SUPPORT_T3,Chat,Enterprise,Support,Tier 3,Healthcare,249,267,262,5,5,224,58688,4.194756554,18,2,2,85,2,95,72
2021-03-07,Sunday,9,March,2021,22,Slovenia,EMEA,Slovenia Hub,CUSTOMER_SUPPORT_CHAT_T1,Voice,Enterprise,Customer Support,Tier 1,E-commerce,284,264,245,19,19,531,130095,38.21590909,15,4,5,76,4,79,84
2022-01-07,Friday,1,January,2022,1,Bulgaria,EMEA,Bulgaria Hub,EMEA_CHAT_SUPPORT_T1,Email,Premium,Support,Tier 2,E-commerce,222,213,213,0,0,548,116724,0.0,34,4,5,79,4,83,67
2025-04-19,Saturday,16,April,2025,18,Norway,EMEA,Norway Hub,RETENTION_VOICE_T2,Voice,Premium,Retention,Tier 2,Retail,212,221,213,8,8,597,127161,21.61085973,32,4,5,81,4,94,80
2021-01-14,Thursday,2,January,2021,15,Kenya,EMEA,Kenya Hub,EMEA_EMAIL_SUPPORT_T3,Voice,Premium,Support,Tier 3,Banking,486,476,453,23,23,690,312570,33.34033613,33,10,13,79,10,81,61
2025-10-08,Wednesday,41,October,2025,10,United Kingdom,EMEA,London,TECH_SUPPORT_EMAIL_T3,Voice,Enterprise,Tech Support,Tier 3,Retail,87,79,75,4,4,201,15075,10.17721519,15,0,0,73,0,93,89
2024-05-19,Sunday,20,May,2024,23,Romania,EMEA,Romania Hub,EMEA_CHAT_SUPPORT_T1,Email,Premium,Support,Tier 2,Healthcare,67,85,69,16,16,299,20631,56.28235294,28,0,0,95,0,82,76
2022-12-19,Monday,51,December,2022,5,Bulgaria,EMEA,Bulgaria Hub,EMEA_CORE_EMAIL_T2,Voice,Enterprise,Support,Tier 1,E-commerce,440,466,466,0,0,899,418934,0.0,21,14,17,90,15,73,63
2025-11-19,Wednesday,47,November,2025,11,Kenya,EMEA,Kenya Hub,RETENTION_VOICE_T2,Email,Enterprise,Retention,Tier 2,E-commerce,314,302,277,25,25,624,172848,51.65562914,32,6,8,81,6,88,82
2021-02-04,Thursday,5,February,2021,0,Spain,EMEA,Madrid,INBOUND_VOICE_TIER1,Chat,Premium,Inbound,Tier 1,E-commerce,223,215,212,3,3,436,92432,6.08372093,25,3,4,75,3,92,78
2023-05-22,Monday,21,May,2023,0,Spain,EMEA,Madrid,CUSTOMER_SUPPORT_CHAT_T1,Email,Enterprise,Customer Support,Tier 1,Retail,375,404,395,9,9,518,204610,11.53960396,34,7,9,65,6,95,60
2023-04-15,Saturday,15,April,2023,0,Denmark,EMEA,Denmark Hub,EMEA_CORE_EMAIL_T2,Voice,Consumer,Support,Tier 1,Healthcare,157,163,155,8,8,445,68975,21.8404908,23,2,2,65,1,94,64
2021-03-05,Friday,9,March,2021,6,Slovakia,EMEA,Slovakia Hub,EMEA_CORE_EMAIL_T2,Email,Consumer,Support,Tier 3,E-commerce,250,234,231,3,3,362,83622,4.641025641,22,2,2,68,1,70,84
2025-04-10,Thursday,15,April,2025,16,Slovenia,EMEA,Slovenia Hub,OUTBOUND_SALES_T2,Chat,Enterprise,Outbound,Tier 2,Telecom,87,83,80,3,3,257,20560,9.289156627,31,0,0,65,0,78,84
2021-08-17,Tuesday,33,August,2021,21,Turkey,EMEA,Turkey Hub,EMEA_RETAIL_VOICE_T2,Voice,Enterprise,Support,Tier 3,Banking,126,141,122,19,19,375,45750,50.53191489,34,1,1,78,1,70,78
2023-12-30,Saturday,52,December,2023,18,Luxembourg,EMEA,Luxembourg Hub,RETENTION_VOICE_T2,Chat,Consumer,Retention,Tier 1,Retail,290,313,312,1,1,728,227136,2.325878594,18,7,8,82,7,82,89
2022-11-14,Monday,46,November,2022,17,Italy,EMEA,Rome,CUSTOMER_SUPPORT_CHAT_T1,Voice,Enterprise,Customer Support,Tier 2,Telecom,240,248,221,27,27,256,56576,27.87096774,27,1,1,91,1,85,73
2021-06-28,Monday,26,June,2021,21,Luxembourg,EMEA,Luxembourg Hub,RETENTION_VOICE_T2,Email,Consumer,Retention,Tier 1,E-commerce,495,513,492,21,21,277,136284,11.33918129,20,4,5,70,4,73,71
2022-05-05,Thursday,18,May,2022,22,United Kingdom,EMEA,London,EMEA_CORE_EMAIL_T2,Chat,Enterprise,Support,Tier 3,E-commerce,129,121,115,6,6,686,78890,34.01652893,30,2,3,88,3,87,68
2021-06-22,Tuesday,25,June,2021,4,Israel,EMEA,Israel Hub,EMEA_RETAIL_VOICE_T2,Voice,Consumer,Support,Tier 1,Healthcare,85,73,66,7,7,379,25014,36.34246575,23,0,0,78,0,70,71
2021-01-07,Thursday,1,January,2021,4,Israel,EMEA,Israel Hub,EMEA_RETAIL_VOICE_T2,Voice,Consumer,Support,Tier 2,Retail,273,270,263,7,7,640,168320,16.59259259,19,5,6,77,5,94,62
2025-12-27,Saturday,52,December,2025,16,Turkey,EMEA,Turkey Hub,RETENTION_VOICE_T2,Email,Consumer,Retention,Tier 2,Banking,463,492,474,18,18,698,330852,25.53658537,27,11,14,90,13,90,64
2024-05-20,Monday,21,May,2024,0,Ireland,EMEA,Dublin,OUTBOUND_SALES_T2,Voice,Premium,Outbound,Tier 3,Healthcare,248,277,277,0,0,669,185313,0.0,26,6,8,85,7,79,81
2023-08-12,Saturday,32,August,2023,12,Ireland,EMEA,Dublin,EMEA_CORE_EMAIL_TIER2,Email,Enterprise,Support,Tier 3,Banking,257,254,225,29,29,341,76725,38.93307087,26,2,3,91,3,88,64
2021-01-24,Sunday,3,January,2021,13,South Africa,EMEA,Cape Town,EMEA_RETAIL_VOICE_T2,Chat,Premium,Support,Tier 1,Banking,149,177,149,28,28,306,45594,48.40677966,25,1,1,85,1,92,85
2024-08-06,Tuesday,32,August,2024,11,Norway,EMEA,Norway Hub,EMEA_EMAIL_SUPPORT_T3,Voice,Consumer,Support,Tier 3,Retail,446,435,417,18,18,460,191820,19.03448276,29,6,8,81,6,78,77
2024-12-18,Wednesday,51,December,2024,4,Italy,EMEA,Rome,CUSTOMER_SUPPORT_CHAT_T1,Chat,Premium,Customer Support,Tier 3,Telecom,281,274,246,28,28,726,178596,74.18978102,17,6,7,94,7,78,66
2021-05-31,Monday,22,May,2021,8,Italy,EMEA,Rome,EMEA_CHAT_SUPPORT_T1,Voice,Premium,Support,Tier 1,Banking,227,240,238,2,2,732,174216,6.1,26,6,8,65,5,87,68
2025-06-15,Sunday,24,June,2025,5,Spain,EMEA,Madrid,EMEA_CORE_EMAIL_TIER2,Email,Premium,Support,Tier 1,Banking,460,455,454,1,1,574,260596,1.261538462,23,9,11,68,7,88,65
2022-01-15,Saturday,2,January,2022,23,Slovenia,EMEA,Slovenia Hub,RETENTION_VOICE_T2,Chat,Enterprise,Retention,Tier 1,Healthcare,171,153,129,24,24,319,41151,50.03921569,26,1,1,90,1,71,67
2022-01-27,Thursday,4,January,2022,1,Morocco,EMEA,Morocco Hub,TECH_SUPPORT_EMAIL_T3,Voice,Premium,Tech Support,Tier 3,Retail,436,435,413,22,22,400,165200,20.22988506,21,5,6,78,5,86,63
2023-07-12,Wednesday,28,July,2023,4,Luxembourg,EMEA,Luxembourg Hub,INBOUND_VOICE_TIER1,Chat,Consumer,Inbound,Tier 2,Telecom,86,77,65,12,12,378,24570,58.90909091,19,0,0,82,0,84,83
2022-03-09,Wednesday,10,March,2022,2,Spain,EMEA,Madrid,EMEA_EMAIL_SUPPORT_T3,Email,Premium,Support,Tier 3,Telecom,344,326,299,27,27,399,119301,33.04601227,22,4,5,80,4,86,63
2023-11-01,Wednesday,44,November,2023,2,Iceland,EMEA,Iceland Hub,EMEA_EMAIL_SUPPORT_T3,Chat,Enterprise,Support,Tier 2,Retail,85,75,65,10,10,330,21450,44.0,21,0,0,86,0,86,89
2022-11-15,Tuesday,46,November,2022,23,Finland,EMEA,Finland Hub,EMEA_EMAIL_SUPPORT_T3,Email,Enterprise,Support,Tier 2,Retail,132,139,130,9,9,734,95420,47.52517986,30,3,4,69,3,71,77
2023-01-17,Tuesday,3,January,2023,11,Bulgaria,EMEA,Bulgaria Hub,EMEA_RETAIL_VOICE_T2,Voice,Enterprise,Support,Tier 1,Retail,146,175,155,20,20,461,71455,52.68571429,34,2,3,68,2,94,85
2024-12-17,Tuesday,51,December,2024,20,Netherlands,EMEA,Amsterdam,OUTBOUND_SALES_T2,Voice,Consumer,Outbound,Tier 1,Banking,376,374,364,10,10,889,323596,23.77005348,20,11,13,92,12,73,61
2023-12-06,Wednesday,49,December,2023,0,Slovakia,EMEA,Slovakia Hub,EMEA_CORE_EMAIL_T2,Email,Premium,Support,Tier 2,Retail,421,432,407,25,25,318,129426,18.40277778,23,4,5,69,3,71,85
2021-10-06,Wednesday,40,October,2021,22,Netherlands,EMEA,Amsterdam,INBOUND_VOICE_TIER1,Voice,Enterprise,Inbound,Tier 2,Telecom,100,108,87,21,21,863,75081,167.8055556,21,2,2,68,1,95,89
2021-09-18,Saturday,37,September,2021,7,Israel,EMEA,Israel Hub,EMEA_CORE_EMAIL_TIER2,Voice,Consumer,Support,Tier 2,Telecom,413,427,423,4,4,586,247878,5.489461358,30,8,10,78,8,78,88
2021-10-16,Saturday,41,October,2021,16,Germany,EMEA,Berlin,EMEA_CORE_EMAIL_TIER2,Email,Consumer,Support,Tier 3,Retail,214,206,176,30,30,741,130416,107.9126214,19,4,5,80,4,84,88
2021-12-31,Friday,52,December,2021,17,Sweden,EMEA,Sweden Hub,EMEA_CHAT_SUPPORT_T1,Chat,Consumer,Support,Tier 3,E-commerce,179,171,141,30,30,337,47517,59.12280702,27,1,1,94,1,94,85
2024-12-24,Tuesday,52,December,2024,22,Germany,EMEA,Berlin,CUSTOMER_SUPPORT_CHAT_T1,Voice,Enterprise,Customer Support,Tier 3,E-commerce,441,458,452,6,6,225,101700,2.947598253,23,3,4,74,3,95,65
2021-04-11,Sunday,14,April,2021,3,Israel,EMEA,Israel Hub,RETENTION_VOICE_T2,Voice,Premium,Retention,Tier 2,Banking,378,368,366,2,2,207,75762,1.125,22,2,2,87,2,87,69
2025-12-03,Wednesday,49,December,2025,16,Ireland,EMEA,Dublin,OUTBOUND_SALES_T2,Voice,Premium,Outbound,Tier 1,Retail,111,105,104,1,1,283,29432,2.695238095,33,1,1,83,1,92,69
2021-01-06,Wednesday,1,January,2021,8,Bulgaria,EMEA,Bulgaria Hub,RETENTION_VOICE_T2,Voice,Consumer,Retention,Tier 3,Banking,454,453,423,30,30,539,227997,35.69536424,21,7,8,65,5,80,82
2024-09-28,Saturday,39,September,2024,4,Belgium,EMEA,Belgium Hub,TECH_SUPPORT_EMAIL_T3,Chat,Enterprise,Tech Support,Tier 3,Healthcare,358,352,350,2,2,689,241150,3.914772727,19,8,10,92,9,77,78
2021-01-27,Wednesday,4,January,2021,10,Ireland,EMEA,Dublin,TECH_SUPPORT_EMAIL_T3,Email,Consumer,Tech Support,Tier 1,E-commerce,430,431,423,8,8,867,366741,16.09280742,21,12,15,95,14,94,80
2021-11-17,Wednesday,46,November,2021,12,Bulgaria,EMEA,Bulgaria Hub,EMEA_EMAIL_SUPPORT_T3,Chat,Premium,Support,Tier 2,Healthcare,80,74,61,13,13,802,48922,140.8918919,21,1,1,89,1,75,82
2023-09-08,Friday,36,September,2023,2,Slovenia,EMEA,Slovenia Hub,EMEA_CHAT_SUPPORT_T1,Chat,Enterprise,Support,Tier 3,Telecom,211,239,218,21,21,727,158486,63.87866109,35,5,7,78,5,91,76
2025-12-11,Thursday,50,December,2025,7,Czech Republic,EMEA,Czech Republic Hub,EMEA_CORE_EMAIL_TIER2,Voice,Enterprise,Support,Tier 1,Banking,195,206,176,30,30,488,85888,71.06796117,25,2,3,87,3,92,68
2024-11-18,Monday,47,November,2024,21,Morocco,EMEA,Morocco Hub,TECH_SUPPORT_EMAIL_T3,Email,Premium,Tech Support,Tier 1,E-commerce,452,463,448,15,15,573,256704,18.5637149,16,8,9,88,8,78,77
2023-07-23,Sunday,29,July,2023,18,Hungary,EMEA,Hungary Hub,EMEA_EMAIL_SUPPORT_T3,Email,Consumer,Support,Tier 3,Retail,406,433,420,13,13,686,288120,20.59584296,25,10,13,92,12,90,67
2024-09-04,Wednesday,36,September,2024,2,South Africa,EMEA,Cape Town,OUTBOUND_SALES_T2,Voice,Consumer,Outbound,Tier 3,Telecom,341,324,305,19,19,437,133285,25.62654321,23,4,5,88,4,82,66
2021-07-18,Sunday,28,July,2021,5,Ireland,EMEA,Dublin,EMEA_EMAIL_SUPPORT_T3,Email,Premium,Support,Tier 1,Retail,356,370,350,20,20,730,255500,39.45945946,32,8,11,68,7,73,62
2024-09-21,Saturday,38,September,2024,17,Germany,EMEA,Berlin,EMEA_RETAIL_VOICE_T2,Email,Enterprise,Support,Tier 3,E-commerce,76,103,103,0,0,242,24926,0.0,18,0,0,88,0,86,62
2025-07-05,Saturday,27,July,2025,8,Iceland,EMEA,Iceland Hub,EMEA_EMAIL_SUPPORT_T3,Chat,Enterprise,Support,Tier 1,E-commerce,419,410,382,28,28,613,234166,41.86341463,29,8,10,82,8,76,67
2021-11-17,Wednesday,46,November,2021,4,Poland,EMEA,Poland Hub,TECH_SUPPORT_EMAIL_T3,Chat,Consumer,Tech Support,Tier 1,Telecom,399,389,377,12,12,573,216021,17.67609255,18,7,8,93,7,82,67
2022-09-01,Thursday,35,September,2022,6,Belgium,EMEA,Belgium Hub,EMEA_EMAIL_SUPPORT_T3,Email,Premium,Support,Tier 1,E-commerce,71,90,78,12,12,252,19656,33.6,15,0,0,66,0,70,60
2025-07-24,Thursday,30,July,2025,13,Ukraine,EMEA,Ukraine Hub,EMEA_CORE_EMAIL_TIER2,Voice,Premium,Support,Tier 1,Healthcare,165,161,138,23,23,254,35052,36.28571429,23,1,1,74,1,92,72
2021-07-07,Wednesday,27,July,2021,21,Sweden,EMEA,Sweden Hub,EMEA_CORE_EMAIL_TIER2,Chat,Consumer,Support,Tier 3,Healthcare,376,388,382,6,6,900,343800,13.91752577,16,11,13,78,10,86,70
2022-02-20,Sunday,7,February,2022,22,Belgium,EMEA,Belgium Hub,EMEA_RETAIL_VOICE_T2,Chat,Consumer,Support,Tier 2,E-commerce,266,265,245,20,20,370,90650,27.9245283,26,3,4,67,3,76,87
2021-07-31,Saturday,30,July,2021,11,Morocco,EMEA,Morocco Hub,OUTBOUND_SALES_T2,Email,Premium,Outbound,Tier 1,Healthcare,426,446,437,9,9,763,333431,15.39686099,20,11,13,94,12,79,71
2023-12-14,Thursday,50,December,2023,2,United Kingdom,EMEA,London,TECH_SUPPORT_EMAIL_T3,Voice,Enterprise,Tech Support,Tier 2,E-commerce,82,69,61,8,8,517,31537,59.94202899,33,1,1,76,1,77,62
2025-01-21,Tuesday,4,January,2025,18,Slovakia,EMEA,Slovakia Hub,OUTBOUND_SALES_T2,Email,Enterprise,Outbound,Tier 3,Healthcare,261,254,228,26,26,652,148656,66.74015748,25,5,6,69,4,83,69
2021-08-04,Wednesday,31,August,2021,22,Czech Republic,EMEA,Czech Republic Hub,EMEA_CHAT_SUPPORT_T1,Chat,Premium,Support,Tier 3,Banking,92,109,96,13,13,409,39264,48.77981651,23,1,1,85,1,84,79
2023-02-27,Monday,9,February,2023,23,Ireland,EMEA,Dublin,EMEA_CORE_EMAIL_T2,Email,Enterprise,Support,Tier 2,Healthcare,399,418,401,17,17,773,309973,31.43779904,15,10,12,79,9,81,69
2022-10-06,Thursday,40,October,2022,16,Israel,EMEA,Israel Hub,EMEA_CORE_EMAIL_T2,Chat,Enterprise,Support,Tier 1,E-commerce,113,98,96,2,2,787,75552,16.06122449,19,2,2,66,1,76,63
2021-12-12,Sunday,49,December,2021,14,Kenya,EMEA,Kenya Hub,OUTBOUND_SALES_T2,Email,Premium,Outbound,Tier 2,Healthcare,106,128,105,23,23,191,20055,34.3203125,31,0,0,86,0,77,63
2023-07-04,Tuesday,27,July,2023,15,Romania,EMEA,Romania Hub,EMEA_RETAIL_VOICE_T2,Voice,Consumer,Support,Tier 1,Healthcare,101,117,112,5,5,294,32928,12.56410256,18,1,1,92,1,82,79
2023-03-10,Friday,10,March,2023,9,Finland,EMEA,Finland Hub,OUTBOUND_SALES_T2,Voice,Consumer,Outbound,Tier 1,Retail,422,438,416,22,22,434,180544,21.79908676,27,6,8,94,8,79,67
2022-08-08,Monday,32,August,2022,4,Finland,EMEA,Finland Hub,RETENTION_VOICE_T2,Chat,Premium,Retention,Tier 1,Banking,453,435,411,24,24,412,169332,22.73103448,24,5,6,68,4,91,86
2022-09-07,Wednesday,36,September,2022,9,South Africa,EMEA,Cape Town,EMEA_CHAT_SUPPORT_T1,Email,Consumer,Support,Tier 1,E-commerce,282,275,257,18,18,644,165508,42.15272727,17,5,6,71,4,83,76
2025-07-01,Tuesday,27,July,2025,10,Iceland,EMEA,Iceland Hub,OUTBOUND_SALES_T2,Voice,Consumer,Outbound,Tier 1,Healthcare,499,516,502,14,14,181,90862,4.910852713,22,3,4,92,4,79,63
2025-06-28,Saturday,26,June,2025,10,Denmark,EMEA,Denmark Hub,EMEA_EMAIL_SUPPORT_T3,Voice,Enterprise,Support,Tier 1,Healthcare,299,328,318,10,10,196,62328,5.975609756,28,2,3,81,2,81,65
2025-09-12,Friday,37,September,2025,13,Turkey,EMEA,Turkey Hub,EMEA_CORE_EMAIL_T2,Email,Consumer,Support,Tier 2,Retail,175,200,175,25,25,318,55650,39.75,23,1,1,82,1,92,62
2021-08-11,Wednesday,32,August,2021,18,Spain,EMEA,Madrid,EMEA_CHAT_SUPPORT_T1,Email,Consumer,Support,Tier 2,Telecom,469,461,461,0,0,739,340679,0.0,18,11,13,94,12,92,81
2024-03-26,Tuesday,13,March,2024,16,Ukraine,EMEA,Ukraine Hub,OUTBOUND_SALES_T2,Chat,Enterprise,Outbound,Tier 3,E-commerce,118,115,105,10,10,631,66255,54.86956522,29,2,3,91,3,83,90
2023-03-29,Wednesday,13,March,2023,15,Turkey,EMEA,Turkey Hub,EMEA_EMAIL_SUPPORT_T3,Email,Enterprise,Support,Tier 1,E-commerce,307,291,275,16,16,274,75350,15.0652921,19,2,2,75,2,74,67
2025-08-16,Saturday,33,August,2025,15,France,EMEA,Paris,EMEA_CORE_EMAIL_T2,Email,Consumer,Support,Tier 1,Healthcare,137,166,149,17,17,841,125309,86.12650602,25,4,5,86,4,82,67
2022-02-10,Thursday,6,February,2022,5,Italy,EMEA,Rome,EMEA_CORE_EMAIL_T2,Email,Premium,Support,Tier 2,E-commerce,238,262,235,27,27,552,129720,56.88549618,15,4,5,89,4,87,62
2021-01-30,Saturday,4,January,2021,14,Czech Republic,EMEA,Czech Republic Hub,EMEA_CORE_EMAIL_T2,Voice,Premium,Support,Tier 2,Banking,204,222,195,27,27,612,119340,74.43243243,22,4,5,82,4,94,87
2024-04-26,Friday,17,April,2024,16,Spain,EMEA,Madrid,OUTBOUND_SALES_T2,Voice,Consumer,Outbound,Tier 2,E-commerce,442,454,451,3,3,856,386056,5.656387665,29,13,17,83,14,89,61
2023-02-10,Friday,6,February,2023,11,United Kingdom,EMEA,London,TECH_SUPPORT_EMAIL_T3,Voice,Consumer,Tech Support,Tier 1,Telecom,437,419,411,8,8,279,114669,5.326968974,21,3,4,71,3,91,80
2023-11-09,Thursday,45,November,2023,5,United Kingdom,EMEA,London,OUTBOUND_SALES_T2,Email,Enterprise,Outbound,Tier 3,Healthcare,297,279,249,30,30,451,112299,48.49462366,34,3,4,75,3,90,87
2025-07-02,Wednesday,27,July,2025,15,Germany,EMEA,Berlin,CUSTOMER_SUPPORT_CHAT_T1,Chat,Enterprise,Customer Support,Tier 1,Retail,148,136,109,27,27,715,77935,141.9485294,19,2,2,73,1,88,88
2025-03-11,Tuesday,11,March,2025,5,Czech Republic,EMEA,Czech Republic Hub,RETENTION_VOICE_T2,Voice,Enterprise,Retention,Tier 3,Banking,182,167,159,8,8,448,71232,21.46107784,31,2,3,90,3,81,77
2025-11-05,Wednesday,45,November,2025,7,Hungary,EMEA,Hungary Hub,OUTBOUND_SALES_T2,Email,Consumer,Outbound,Tier 2,Healthcare,405,426,400,26,26,602,240800,36.74178404,35,8,11,73,8,91,70
2024-11-19,Tuesday,47,November,2024,6,Ireland,EMEA,Dublin,RETENTION_VOICE_T2,Chat,Consumer,Retention,Tier 3,Retail,216,241,222,19,19,873,193806,68.82572614,25,6,8,73,6,93,73
2022-10-03,Monday,40,October,2022,21,Netherlands,EMEA,Amsterdam,CUSTOMER_SUPPORT_CHAT_T1,Chat,Consumer,Customer Support,Tier 3,Telecom,292,290,290,0,0,345,100050,0.0,35,3,4,85,3,84,89
2025-01-25,Saturday,4,January,2025,8,Luxembourg,EMEA,Luxembourg Hub,EMEA_CORE_EMAIL_T2,Voice,Enterprise,Support,Tier 2,Telecom,397,404,383,21,21,406,155498,21.1039604,30,5,7,93,7,92,81
2025-08-10,Sunday,32,August,2025,14,Italy,EMEA,Rome,INBOUND_VOICE_TIER1,Voice,Premium,Inbound,Tier 3,Healthcare,318,310,282,28,28,697,196554,62.95483871,26,6,8,84,7,82,69
2025-06-15,Sunday,24,June,2025,22,Germany,EMEA,Berlin,EMEA_RETAIL_VOICE_T2,Email,Consumer,Support,Tier 2,Retail,205,232,217,15,15,769,166873,49.71982759,34,5,7,92,6,93,65
2021-01-12,Tuesday,2,January,2021,7,Norway,EMEA,Norway Hub,EMEA_CORE_EMAIL_T2,Chat,Premium,Support,Tier 2,E-commerce,110,113,90,23,23,195,17550,39.69026549,32,0,0,92,0,90,80
2025-12-21,Sunday,51,December,2025,8,Czech Republic,EMEA,Czech Republic Hub,EMEA_RETAIL_VOICE_T2,Voice,Consumer,Support,Tier 3,Healthcare,173,157,150,7,7,469,70350,20.91082803,26,2,3,68,2,75,67
2021-05-27,Thursday,21,May,2021,11,Norway,EMEA,Norway Hub,INBOUND_VOICE_TIER1,Email,Premium,Inbound,Tier 2,Retail,176,183,172,11,11,813,139836,48.86885246,35,4,5,77,4,91,87
2025-03-26,Wednesday,13,March,2025,10,Finland,EMEA,Finland Hub,EMEA_EMAIL_SUPPORT_T3,Voice,Premium,Support,Tier 3,Telecom,243,272,250,22,22,724,181000,58.55882353,16,6,7,74,5,89,90
2025-02-03,Monday,6,February,2025,6,Slovenia,EMEA,Slovenia Hub,EMEA_EMAIL_SUPPORT_T3,Voice,Consumer,Support,Tier 3,Retail,89,73,70,3,3,579,40530,23.79452055,17,1,1,77,1,73,64
2023-02-10,Friday,6,February,2023,16,Norway,EMEA,Norway Hub,EMEA_EMAIL_SUPPORT_T3,Email,Premium,Support,Tier 1,Healthcare,310,330,317,13,13,205,64985,8.075757576,22,2,2,74,1,79,79
2022-02-20,Sunday,7,February,2022,0,Norway,EMEA,Norway Hub,EMEA_CORE_EMAIL_TIER2,Voice,Premium,Support,Tier 3,E-commerce,434,423,393,30,30,450,176850,31.91489362,18,6,7,92,6,95,82
2022-12-01,Thursday,48,December,2022,23,Poland,EMEA,Poland Hub,EMEA_CORE_EMAIL_TIER2,Chat,Consumer,Support,Tier 3,Banking,288,316,291,25,25,601,174891,47.54746835,19,6,7,89,6,95,72
2025-07-06,Sunday,27,July,2025,20,Sweden,EMEA,Sweden Hub,EMEA_CHAT_SUPPORT_T1,Voice,Consumer,Support,Tier 1,E-commerce,448,446,434,12,12,376,163184,10.11659193,24,5,6,65,4,85,86
2023-10-24,Tuesday,43,October,2023,20,Greece,EMEA,Greece Hub,RETENTION_VOICE_T2,Email,Consumer,Retention,Tier 3,Healthcare,178,194,185,9,9,774,143190,35.90721649,22,4,5,86,4,93,68
2024-07-13,Saturday,28,July,2024,15,Sweden,EMEA,Sweden Hub,EMEA_CORE_EMAIL_TIER2,Email,Premium,Support,Tier 2,Banking,73,69,42,27,27,340,14280,133.0434783,29,0,0,69,0,95,70
2024-10-26,Saturday,43,October,2024,16,Italy,EMEA,Rome,RETENTION_VOICE_T2,Email,Premium,Retention,Tier 2,Telecom,383,387,366,21,21,454,166164,24.63565891,22,5,6,68,4,90,72
2021-07-13,Tuesday,28,July,2021,8,Slovakia,EMEA,Slovakia Hub,EMEA_RETAIL_VOICE_T2,Chat,Premium,Support,Tier 3,E-commerce,393,412,382,30,30,628,239896,45.72815534,20,8,10,95,10,71,71
2023-10-05,Thursday,40,October,2023,23,Ukraine,EMEA,Ukraine Hub,EMEA_RETAIL_VOICE_T2,Voice,Consumer,Support,Tier 2,Healthcare,215,213,197,16,16,862,169814,64.75117371,19,5,6,74,4,94,72
2021-01-17,Sunday,2,January,2021,20,France,EMEA,Paris,EMEA_CORE_EMAIL_T2,Email,Enterprise,Support,Tier 3,Telecom,112,120,120,0,0,437,52440,0.0,23,1,1,73,1,93,68
2023-10-18,Wednesday,42,October,2023,7,Italy,EMEA,Rome,RETENTION_VOICE_T2,Voice,Premium,Retention,Tier 3,Healthcare,442,438,426,12,12,669,284994,18.32876712,16,9,10,84,8,81,89
2021-04-07,Wednesday,14,April,2021,16,Romania,EMEA,Romania Hub,RETENTION_VOICE_T2,Voice,Enterprise,Retention,Tier 2,Banking,124,136,107,29,29,351,37557,74.84558824,25,1,1,73,1,88,76
2023-03-08,Wednesday,10,March,2023,7,Morocco,EMEA,Morocco Hub,CUSTOMER_SUPPORT_CHAT_T1,Chat,Premium,Customer Support,Tier 2,Retail,275,280,267,13,13,846,225882,39.27857143,18,7,8,74,6,91,79
2023-02-02,Thursday,5,February,2023,15,Poland,EMEA,Poland Hub,OUTBOUND_SALES_T2,Voice,Enterprise,Outbound,Tier 1,Healthcare,199,226,226,0,0,813,183738,0.0,15,6,7,67,5,77,76
2025-03-04,Tuesday,10,March,2025,23,Denmark,EMEA,Denmark Hub,RETENTION_VOICE_T2,Voice,Enterprise,Retention,Tier 2,Banking,395,394,389,5,5,555,215895,7.043147208,26,7,9,67,6,87,90
2023-09-29,Friday,39,September,2023,9,Iceland,EMEA,Iceland Hub,CUSTOMER_SUPPORT_CHAT_T1,Chat,Enterprise,Customer Support,Tier 2,Telecom,389,409,407,2,2,220,89540,1.075794621,30,3,4,84,3,94,68
2025-04-17,Thursday,16,April,2025,17,France,EMEA,Paris,TECH_SUPPORT_EMAIL_T3,Chat,Consumer,Tech Support,Tier 2,Banking,456,454,432,22,22,411,177552,19.91629956,32,6,8,74,6,85,84
2024-01-03,Wednesday,1,January,2024,21,Ireland,EMEA,Dublin,EMEA_RETAIL_VOICE_T2,Email,Enterprise,Support,Tier 1,Banking,332,316,313,3,3,659,206267,6.256329114,22,7,9,88,8,94,72
2025-08-25,Monday,35,August,2025,0,Hungary,EMEA,Hungary Hub,INBOUND_VOICE_TIER1,Voice,Premium,Inbound,Tier 1,Banking,438,440,411,29,29,765,314415,50.42045455,25,10,13,74,10,80,89
2025-03-20,Thursday,12,March,2025,13,Hungary,EMEA,Hungary Hub,CUSTOMER_SUPPORT_CHAT_T1,Voice,Consumer,Customer Support,Tier 1,Banking,184,188,173,15,15,573,99129,45.71808511,19,3,4,94,4,74,79
2023-02-06,Monday,6,February,2023,21,Denmark,EMEA,Denmark Hub,EMEA_EMAIL_SUPPORT_T3,Voice,Consumer,Support,Tier 2,Retail,262,275,258,17,17,863,222654,53.34909091,16,7,8,94,8,83,88
2023-08-18,Friday,33,August,2023,23,United Kingdom,EMEA,London,EMEA_CORE_EMAIL_TIER2,Chat,Consumer,Support,Tier 2,Healthcare,461,456,437,19,19,687,300219,28.625,35,10,14,91,13,86,90
2023-11-21,Tuesday,47,November,2023,15,Ireland,EMEA,Dublin,OUTBOUND_SALES_T2,Email,Consumer,Outbound,Tier 1,Banking,493,520,503,17,17,765,384795,25.00961538,33,13,17,79,13,91,90
2023-07-21,Friday,29,July,2023,10,Netherlands,EMEA,Amsterdam,EMEA_EMAIL_SUPPORT_T3,Chat,Premium,Support,Tier 3,Telecom,297,281,281,0,0,898,252338,0.0,24,8,10,67,7,90,85
2023-06-03,Saturday,22,June,2023,8,Germany,EMEA,Berlin,RETENTION_VOICE_T2,Voice,Premium,Retention,Tier 3,Retail,364,387,361,26,26,780,281580,52.40310078,32,9,12,78,9,90,90
2021-08-12,Thursday,32,August,2021,12,Poland,EMEA,Poland Hub,CUSTOMER_SUPPORT_CHAT_T1,Voice,Consumer,Customer Support,Tier 2,E-commerce,144,166,165,1,1,660,108900,3.975903615,32,3,4,81,3,78,90
2024-11-30,Saturday,48,November,2024,12,Portugal,EMEA,Portugal Hub,EMEA_EMAIL_SUPPORT_T3,Email,Consumer,Support,Tier 2,Healthcare,384,376,361,15,15,430,155230,17.15425532,16,5,6,77,5,88,63
2023-04-24,Monday,17,April,2023,13,Morocco,EMEA,Morocco Hub,TECH_SUPPORT_EMAIL_T3,Chat,Premium,Tech Support,Tier 1,E-commerce,494,489,460,29,29,281,129260,16.66462168,24,4,5,87,4,87,83
2023-02-16,Thursday,7,February,2023,18,Belgium,EMEA,Belgium Hub,EMEA_CORE_EMAIL_T2,Chat,Consumer,Support,Tier 2,Retail,155,144,137,7,7,810,110970,39.375,19,3,4,85,3,86,72
2022-09-18,Sunday,37,September,2022,18,France,EMEA,Paris,INBOUND_VOICE_TIER1,Chat,Consumer,Inbound,Tier 3,Healthcare,497,507,489,18,18,479,234231,17.00591716,27,8,10,89,9,91,79
2024-12-12,Thursday,50,December,2024,4,Kenya,EMEA,Kenya Hub,TECH_SUPPORT_EMAIL_T3,Voice,Consumer,Tech Support,Tier 2,E-commerce,154,145,141,4,4,780,109980,21.51724138,30,3,4,80,3,84,71
2023-03-18,Saturday,11,March,2023,11,Israel,EMEA,Israel Hub,CUSTOMER_SUPPORT_CHAT_T1,Chat,Premium,Customer Support,Tier 1,Banking,246,235,230,5,5,883,203090,18.78723404,22,7,9,79,7,87,76
2021-09-11,Saturday,36,September,2021,21,South Africa,EMEA,Cape Town,CUSTOMER_SUPPORT_CHAT_T1,Email,Premium,Customer Support,Tier 1,Healthcare,59,80,56,24,24,377,21112,113.1,34,0,0,88,0,95,61
2025-02-23,Sunday,8,February,2025,19,Romania,EMEA,Romania Hub,EMEA_CORE_EMAIL_TIER2,Chat,Consumer,Support,Tier 3,Telecom,182,200,182,18,18,343,62426,30.87,34,2,3,87,3,70,64
2024-10-21,Monday,43,October,2024,2,Denmark,EMEA,Denmark Hub,TECH_SUPPORT_EMAIL_T3,Email,Enterprise,Tech Support,Tier 3,Banking,430,416,387,29,29,367,142029,25.58413462,32,4,5,72,4,77,74
2022-08-21,Sunday,33,August,2022,8,Romania,EMEA,Romania Hub,EMEA_CORE_EMAIL_TIER2,Chat,Premium,Support,Tier 3,E-commerce,458,457,457,0,0,687,313959,0.0,15,10,12,69,8,83,90
2023-07-18,Tuesday,29,July,2023,17,Norway,EMEA,Norway Hub,OUTBOUND_SALES_T2,Voice,Premium,Outbound,Tier 1,Healthcare,222,216,190,26,26,690,131100,83.05555556,18,4,5,81,4,72,66
2022-01-06,Thursday,1,January,2022,20,Morocco,EMEA,Morocco Hub,EMEA_CORE_EMAIL_TIER2,Chat,Enterprise,Support,Tier 1,Retail,328,317,313,4,4,532,166516,6.712933754,27,5,6,83,5,85,74
2022-10-23,Sunday,42,October,2022,6,Belgium,EMEA,Belgium Hub,EMEA_CHAT_SUPPORT_T1,Voice,Premium,Support,Tier 1,Banking,431,442,430,12,12,520,223600,14.11764706,31,7,9,74,7,80,67
2025-01-13,Monday,3,January,2025,14,Iceland,EMEA,Iceland Hub,RETENTION_VOICE_T2,Chat,Premium,Retention,Tier 1,Retail,325,339,322,17,17,376,121072,18.85545723,22,4,5,74,4,77,82
2022-10-07,Friday,40,October,2022,2,Denmark,EMEA,Denmark Hub,EMEA_CHAT_SUPPORT_T1,Voice,Consumer,Support,Tier 1,Retail,96,84,63,21,21,650,40950,162.5,23,1,1,68,1,94,62
2023-01-31,Tuesday,5,January,2023,12,Portugal,EMEA,Portugal Hub,RETENTION_VOICE_T2,Email,Consumer,Retention,Tier 3,E-commerce,425,418,390,28,28,785,306150,52.58373206,33,10,13,71,9,88,64
2022-02-27,Sunday,8,February,2022,3,Sweden,EMEA,Sweden Hub,EMEA_CORE_EMAIL_TIER2,Chat,Enterprise,Support,Tier 3,Healthcare,218,233,219,14,14,840,183960,50.472103,15,6,7,70,5,74,77
2021-06-11,Friday,23,June,2021,19,Israel,EMEA,Israel Hub,TECH_SUPPORT_EMAIL_T3,Chat,Premium,Tech Support,Tier 2,E-commerce,97,114,91,23,23,473,43043,95.42982456,22,1,1,72,1,88,88
2024-11-14,Thursday,46,November,2024,8,Bulgaria,EMEA,Bulgaria Hub,OUTBOUND_SALES_T2,Email,Consumer,Outbound,Tier 2,Telecom,317,315,299,16,16,703,210197,35.70793651,20,7,8,94,8,78,83
2022-03-31,Thursday,13,March,2022,14,Italy,EMEA,Rome,EMEA_CORE_EMAIL_TIER2,Voice,Enterprise,Support,Tier 3,Healthcare,360,365,364,1,1,417,151788,1.142465753,15,5,6,65,4,74,86
2022-01-11,Tuesday,2,January,2022,14,Norway,EMEA,Norway Hub,EMEA_RETAIL_VOICE_T2,Email,Consumer,Support,Tier 3,E-commerce,268,258,249,9,9,778,193722,27.13953488,35,6,8,93,7,88,66
2024-01-31,Wednesday,5,January,2024,1,Iceland,EMEA,Iceland Hub,EMEA_CORE_EMAIL_TIER2,Chat,Enterprise,Support,Tier 1,Banking,469,491,478,13,13,484,231352,12.81466395,17,8,9,93,8,70,61
2021-10-31,Sunday,43,October,2021,15,Denmark,EMEA,Denmark Hub,TECH_SUPPORT_EMAIL_T3,Email,Premium,Tech Support,Tier 2,Retail,357,345,329,16,16,387,127323,17.94782609,26,4,5,83,4,74,69
2024-05-01,Wednesday,18,May,2024,8,Romania,EMEA,Romania Hub,TECH_SUPPORT_EMAIL_T3,Chat,Premium,Tech Support,Tier 3,Banking,237,217,199,18,18,570,113430,47.28110599,29,3,4,71,3,74,71
2025-08-25,Monday,35,August,2025,6,Luxembourg,EMEA,Luxembourg Hub,RETENTION_VOICE_T2,Email,Enterprise,Retention,Tier 2,Healthcare,352,376,364,12,12,536,195104,17.10638298,33,6,8,68,5,79,67
2025-06-25,Wednesday,26,June,2025,14,Russia,EMEA,Russia Hub,INBOUND_VOICE_TIER1,Chat,Consumer,Inbound,Tier 1,E-commerce,456,449,448,1,1,553,247744,1.231625835,26,8,10,78,8,90,72
2025-12-22,Monday,52,December,2025,8,Netherlands,EMEA,Amsterdam,CUSTOMER_SUPPORT_CHAT_T1,Chat,Enterprise,Customer Support,Tier 1,Healthcare,269,251,235,16,16,803,188705,51.187251,17,6,7,74,5,89,75
2023-01-21,Saturday,3,January,2023,13,Iceland,EMEA,Iceland Hub,RETENTION_VOICE_T2,Chat,Enterprise,Retention,Tier 2,Banking,342,336,309,27,27,388,119892,31.17857143,20,4,5,82,4,81,74
2025-08-17,Sunday,33,August,2025,11,Iceland,EMEA,Iceland Hub,OUTBOUND_SALES_T2,Chat,Consumer,Outbound,Tier 1,Telecom,155,137,116,21,21,840,97440,128.7591241,19,3,4,67,3,71,83
2023-03-09,Thursday,10,March,2023,10,United Kingdom,EMEA,London,EMEA_CORE_EMAIL_TIER2,Chat,Consumer,Support,Tier 3,Retail,291,289,265,24,24,357,94605,29.64705882,23,3,4,77,3,86,70
2025-12-06,Saturday,49,December,2025,8,Denmark,EMEA,Denmark Hub,EMEA_CORE_EMAIL_T2,Email,Enterprise,Support,Tier 2,E-commerce,100,128,116,12,12,307,35612,28.78125,22,1,1,92,1,76,66
2021-09-22,Wednesday,38,September,2021,3,Morocco,EMEA,Morocco Hub,INBOUND_VOICE_TIER1,Chat,Consumer,Inbound,Tier 2,Banking,240,239,218,21,21,395,86110,34.70711297,21,2,2,68,1,95,80
2024-04-12,Friday,15,April,2024,1,Spain,EMEA,Madrid,EMEA_RETAIL_VOICE_T2,Voice,Premium,Support,Tier 3,E-commerce,233,254,246,8,8,872,214512,27.46456693,16,7,8,81,6,81,81
2023-02-06,Monday,6,February,2023,18,Hungary,EMEA,Hungary Hub,CUSTOMER_SUPPORT_CHAT_T1,Chat,Enterprise,Customer Support,Tier 3,Telecom,75,90,63,27,27,350,22050,105.0,34,0,0,74,0,78,70
2025-07-22,Tuesday,30,July,2025,1,Hungary,EMEA,Hungary Hub,RETENTION_VOICE_T2,Email,Enterprise,Retention,Tier 2,Healthcare,385,366,338,28,28,610,206180,46.66666667,18,7,8,72,6,90,69
2022-10-09,Sunday,40,October,2022,21,Israel,EMEA,Israel Hub,INBOUND_VOICE_TIER1,Chat,Consumer,Inbound,Tier 3,Healthcare,328,346,345,1,1,851,293595,2.459537572,30,10,13,68,9,79,74
2022-04-02,Saturday,13,April,2022,23,Greece,EMEA,Greece Hub,RETENTION_VOICE_T2,Chat,Consumer,Retention,Tier 1,Healthcare,112,129,115,14,14,838,96370,90.94573643,34,3,4,90,4,85,69
2022-12-06,Tuesday,49,December,2022,12,Germany,EMEA,Berlin,CUSTOMER_SUPPORT_CHAT_T1,Chat,Enterprise,Customer Support,Tier 3,Telecom,314,343,322,21,21,495,159390,30.30612245,20,5,6,88,5,81,75
2022-05-29,Sunday,21,May,2022,19,Luxembourg,EMEA,Luxembourg Hub,TECH_SUPPORT_EMAIL_T3,Chat,Consumer,Tech Support,Tier 3,Retail,72,85,67,18,18,535,35845,113.2941176,20,1,1,75,1,75,86
2025-02-05,Wednesday,6,February,2025,10,United Kingdom,EMEA,London,INBOUND_VOICE_TIER1,Voice,Consumer,Inbound,Tier 1,Retail,199,204,175,29,29,636,111300,90.41176471,32,3,4,95,4,70,87
2021-03-25,Thursday,12,March,2021,0,Germany,EMEA,Berlin,CUSTOMER_SUPPORT_CHAT_T1,Email,Premium,Customer Support,Tier 2,Telecom,449,472,467,5,5,512,239104,5.423728814,20,8,10,69,7,84,86
2025-12-31,Wednesday,1,December,2025,17,Iceland,EMEA,Iceland Hub,CUSTOMER_SUPPORT_CHAT_T1,Chat,Consumer,Customer Support,Tier 3,E-commerce,238,249,238,11,11,832,198016,36.75502008,23,6,7,68,5,85,75
2023-06-12,Monday,24,June,2023,23,Germany,EMEA,Berlin,INBOUND_VOICE_TIER1,Email,Consumer,Inbound,Tier 3,Banking,405,428,403,25,25,776,312728,45.3271028,17,10,12,91,11,72,72
2024-09-03,Tuesday,36,September,2024,10,Norway,EMEA,Norway Hub,OUTBOUND_SALES_T2,Chat,Consumer,Outbound,Tier 3,Telecom,431,448,429,19,19,811,347919,34.39508929,15,12,14,73,10,91,81
2025-08-17,Sunday,33,August,2025,19,Spain,EMEA,Madrid,RETENTION_VOICE_T2,Chat,Enterprise,Retention,Tier 1,Healthcare,368,348,337,11,11,427,143899,13.49712644,16,4,5,76,4,89,64
2025-10-13,Monday,42,October,2025,4,Greece,EMEA,Greece Hub,EMEA_RETAIL_VOICE_T2,Chat,Premium,Support,Tier 3,Telecom,79,72,71,1,1,529,37559,7.347222222,33,1,1,90,1,92,74
2021-06-23,Wednesday,25,June,2021,8,Bulgaria,EMEA,Bulgaria Hub,INBOUND_VOICE_TIER1,Email,Consumer,Inbound,Tier 3,Healthcare,421,428,403,25,25,379,152737,22.13785047,31,5,7,83,6,86,69
2023-10-07,Saturday,40,October,2023,19,Morocco,EMEA,Morocco Hub,OUTBOUND_SALES_T2,Voice,Consumer,Outbound,Tier 2,Retail,349,329,313,16,16,404,126452,19.64741641,32,4,5,70,4,85,78
2024-04-11,Thursday,15,April,2024,23,Italy,EMEA,Rome,OUTBOUND_SALES_T2,Email,Enterprise,Outbound,Tier 1,Retail,408,410,399,11,11,395,157605,10.59756098,24,5,6,69,4,83,69
2025-05-05,Monday,19,May,2025,8,Ireland,EMEA,Dublin,INBOUND_VOICE_TIER1,Email,Enterprise,Inbound,Tier 1,Healthcare,71,98,90,8,8,534,48060,43.59183673,19,1,1,77,1,73,84
2021-05-08,Saturday,18,May,2021,12,Finland,EMEA,Finland Hub,CUSTOMER_SUPPORT_CHAT_T1,Chat,Enterprise,Customer Support,Tier 3,Telecom,375,390,377,13,13,556,209612,18.53333333,26,7,9,68,6,82,83
2025-01-08,Wednesday,2,January,2025,7,Slovenia,EMEA,Slovenia Hub,CUSTOMER_SUPPORT_CHAT_T1,Voice,Consumer,Customer Support,Tier 1,Retail,79,101,98,3,3,784,76832,23.28712871,22,2,2,84,2,74,61
2021-12-03,Friday,48,December,2021,1,Finland,EMEA,Finland Hub,OUTBOUND_SALES_T2,Chat,Premium,Outbound,Tier 3,Healthcare,141,170,140,30,30,571,79940,100.7647059,26,2,3,95,3,77,69
2021-07-27,Tuesday,30,July,2021,19,Netherlands,EMEA,Amsterdam,OUTBOUND_SALES_T2,Voice,Premium,Outbound,Tier 2,Banking,498,510,481,29,29,482,231842,27.40784314,24,8,10,71,7,82,62
2022-08-11,Thursday,32,August,2022,5,Bulgaria,EMEA,Bulgaria Hub,INBOUND_VOICE_TIER1,Email,Premium,Inbound,Tier 2,Healthcare,357,343,343,0,0,549,188307,0.0,25,6,8,73,6,71,74
2023-03-20,Monday,12,March,2023,21,Iceland,EMEA,Iceland Hub,EMEA_CHAT_SUPPORT_T1,Email,Enterprise,Support,Tier 3,Retail,125,137,129,8,8,284,36636,16.58394161,24,1,1,70,1,84,73
2025-08-15,Friday,33,August,2025,13,Denmark,EMEA,Denmark Hub,TECH_SUPPORT_EMAIL_T3,Chat,Consumer,Tech Support,Tier 3,Banking,314,296,294,2,2,535,157290,3.614864865,19,5,6,71,4,84,64
2024-05-31,Friday,22,May,2024,10,Denmark,EMEA,Denmark Hub,INBOUND_VOICE_TIER1,Chat,Enterprise,Inbound,Tier 1,Healthcare,123,140,129,11,11,314,40506,24.67142857,29,1,1,86,1,77,80
2023-06-26,Monday,26,June,2023,14,Israel,EMEA,Israel Hub,EMEA_CHAT_SUPPORT_T1,Email,Enterprise,Support,Tier 3,E-commerce,72,88,88,0,0,873,76824,0.0,31,2,3,94,3,75,71
2022-05-31,Tuesday,22,May,2022,9,Slovenia,EMEA,Slovenia Hub,OUTBOUND_SALES_T2,Voice,Consumer,Outbound,Tier 2,Banking,299,312,283,29,29,253,71599,23.51602564,29,2,3,65,2,88,74
2025-09-18,Thursday,38,September,2025,17,Slovakia,EMEA,Slovakia Hub,INBOUND_VOICE_TIER1,Voice,Enterprise,Inbound,Tier 1,E-commerce,498,507,495,12,12,776,384120,18.36686391,26,13,16,83,13,94,73
2022-11-10,Thursday,45,November,2022,23,Denmark,EMEA,Denmark Hub,RETENTION_VOICE_T2,Voice,Premium,Retention,Tier 2,Telecom,419,437,427,10,10,183,78141,4.187643021,25,2,3,69,2,82,63
2021-02-18,Thursday,7,February,2021,23,Germany,EMEA,Berlin,EMEA_RETAIL_VOICE_T2,Voice,Consumer,Support,Tier 2,Banking,379,372,363,9,9,878,318714,21.24193548,23,11,14,70,10,86,77
2025-05-17,Saturday,20,May,2025,6,Ireland,EMEA,Dublin,EMEA_RETAIL_VOICE_T2,Email,Consumer,Support,Tier 1,Banking,54,43,20,23,23,460,9200,246.0465116,19,0,0,65,0,77,60
2024-06-23,Sunday,25,June,2024,0,Spain,EMEA,Madrid,EMEA_RETAIL_VOICE_T2,Voice,Enterprise,Support,Tier 2,Telecom,413,427,415,12,12,646,268090,18.15456674,30,9,12,94,11,70,90
2025-05-20,Tuesday,21,May,2025,0,Portugal,EMEA,Portugal Hub,EMEA_RETAIL_VOICE_T2,Email,Consumer,Support,Tier 3,Retail,303,294,273,21,21,715,195195,51.07142857,35,6,8,74,6,85,69
2023-05-29,Monday,22,May,2023,10,Bulgaria,EMEA,Bulgaria Hub,INBOUND_VOICE_TIER1,Chat,Enterprise,Inbound,Tier 3,Banking,384,367,353,14,14,607,214271,23.15531335,16,7,8,77,6,73,85
2025-11-23,Sunday,47,November,2025,12,South Africa,EMEA,Cape Town,EMEA_CORE_EMAIL_T2,Chat,Enterprise,Support,Tier 1,Telecom,196,191,174,17,17,880,153120,78.32460733,18,5,6,88,5,95,89
2022-12-16,Friday,50,December,2022,20,Greece,EMEA,Greece Hub,EMEA_CHAT_SUPPORT_T1,Chat,Enterprise,Support,Tier 2,Healthcare,436,426,414,12,12,197,81558,5.549295775,25,2,3,74,2,75,78
2023-08-13,Sunday,32,August,2023,7,Israel,EMEA,Israel Hub,RETENTION_VOICE_T2,Voice,Consumer,Retention,Tier 3,Banking,457,473,468,5,5,591,276588,6.247357294,24,9,11,94,10,84,90
2023-06-26,Monday,26,June,2023,21,Czech Republic,EMEA,Czech Republic Hub,EMEA_CORE_EMAIL_TIER2,Voice,Premium,Support,Tier 1,Retail,408,420,392,28,28,519,203448,34.6,29,7,9,71,6,91,83
2025-06-30,Monday,27,June,2025,14,Kenya,EMEA,Kenya Hub,EMEA_EMAIL_SUPPORT_T3,Email,Enterprise,Support,Tier 3,Banking,379,372,344,28,28,463,159272,34.84946237,24,5,6,87,5,88,74
2021-01-15,Friday,2,January,2021,3,Iceland,EMEA,Iceland Hub,INBOUND_VOICE_TIER1,Voice,Enterprise,Inbound,Tier 2,Healthcare,485,477,468,9,9,464,217152,8.754716981,18,7,8,88,7,71,74
2023-10-23,Monday,43,October,2023,16,South Africa,EMEA,Cape Town,INBOUND_VOICE_TIER1,Voice,Consumer,Inbound,Tier 3,Healthcare,233,242,236,6,6,554,130744,13.73553719,15,4,5,71,4,94,85
2022-09-27,Tuesday,39,September,2022,3,Sweden,EMEA,Sweden Hub,EMEA_CORE_EMAIL_T2,Email,Premium,Support,Tier 3,Telecom,341,349,337,12,12,401,135137,13.78796562,17,4,5,91,5,73,86
2023-12-16,Saturday,50,December,2023,8,Italy,EMEA,Rome,RETENTION_VOICE_T2,Email,Premium,Retention,Tier 1,E-commerce,77,85,66,19,19,826,54516,184.6352941,28,1,1,72,1,77,63
2021-03-29,Monday,13,March,2021,19,Germany,EMEA,Berlin,OUTBOUND_SALES_T2,Chat,Premium,Outbound,Tier 2,Healthcare,315,310,304,6,6,428,130112,8.283870968,30,4,5,67,3,79,76
2023-10-31,Tuesday,44,October,2023,1,Slovenia,EMEA,Slovenia Hub,EMEA_CORE_EMAIL_T2,Voice,Consumer,Support,Tier 2,Healthcare,361,377,363,14,14,253,91839,9.395225464,16,3,3,67,2,74,65
2022-07-21,Thursday,29,July,2022,11,Finland,EMEA,Finland Hub,EMEA_CORE_EMAIL_T2,Email,Consumer,Support,Tier 2,Retail,211,212,196,16,16,201,39396,15.16981132,31,1,1,70,1,79,67
2024-03-18,Monday,12,March,2024,8,Spain,EMEA,Madrid,CUSTOMER_SUPPORT_CHAT_T1,Email,Premium,Customer Support,Tier 3,Telecom,106,135,122,13,13,306,37332,29.46666667,20,1,1,94,1,90,65
2023-04-27,Thursday,17,April,2023,7,Germany,EMEA,Berlin,EMEA_CHAT_SUPPORT_T1,Voice,Enterprise,Support,Tier 2,Banking,206,216,202,14,14,219,44238,14.19444444,32,1,1,85,1,78,61
2024-01-04,Thursday,1,January,2024,14,Sweden,EMEA,Sweden Hub,EMEA_CORE_EMAIL_T2,Voice,Premium,Support,Tier 2,Banking,120,130,119,11,11,190,22610,16.07692308,22,0,0,90,0,74,74
2021-02-12,Friday,6,February,2021,23,France,EMEA,Paris,EMEA_RETAIL_VOICE_T2,Voice,Consumer,Support,Tier 1,Healthcare,94,103,84,19,19,397,33348,73.23300971,15,1,1,87,1,93,61
2025-06-01,Sunday,22,June,2025,17,Slovakia,EMEA,Slovakia Hub,EMEA_RETAIL_VOICE_T2,Chat,Enterprise,Support,Tier 1,E-commerce,171,156,132,24,24,685,90420,105.3846154,29,3,4,83,3,89,75
2022-10-21,Friday,42,October,2022,9,Denmark,EMEA,Denmark Hub,EMEA_RETAIL_VOICE_T2,Voice,Enterprise,Support,Tier 1,E-commerce,454,481,481,0,0,870,418470,0.0,23,14,17,84,14,70,74
2021-04-15,Thursday,15,April,2021,17,Hungary,EMEA,Hungary Hub,EMEA_CORE_EMAIL_T2,Email,Consumer,Support,Tier 3,Telecom,302,299,282,17,17,463,130566,26.32441472,15,4,5,84,4,79,83
2021-10-31,Sunday,43,October,2021,17,Turkey,EMEA,Turkey Hub,RETENTION_VOICE_T2,Email,Consumer,Retention,Tier 1,Healthcare,495,490,484,6,6,687,332508,8.412244898,17,11,13,89,12,73,62
2023-01-22,Sunday,3,January,2023,19,Poland,EMEA,Poland Hub,EMEA_CORE_EMAIL_T2,Voice,Enterprise,Support,Tier 3,Retail,166,154,150,4,4,630,94500,16.36363636,28,3,4,78,3,70,85
2021-12-26,Sunday,51,December,2021,23,Bulgaria,EMEA,Bulgaria Hub,INBOUND_VOICE_TIER1,Voice,Enterprise,Inbound,Tier 2,Retail,199,220,191,29,29,280,53480,36.90909091,29,1,1,80,1,76,89
2023-02-05,Sunday,5,February,2023,18,Spain,EMEA,Madrid,EMEA_RETAIL_VOICE_T2,Chat,Enterprise,Support,Tier 2,Telecom,424,429,404,25,25,351,141804,20.45454545,28,4,5,78,4,86,79
2022-03-08,Tuesday,10,March,2022,1,Ireland,EMEA,Dublin,EMEA_EMAIL_SUPPORT_T3,Chat,Premium,Support,Tier 1,Retail,224,236,211,25,25,517,109087,54.76694915,19,3,4,65,3,76,77
2024-08-16,Friday,33,August,2024,15,France,EMEA,Paris,EMEA_CORE_EMAIL_TIER2,Chat,Enterprise,Support,Tier 1,E-commerce,264,246,230,16,16,571,131330,37.13821138,21,4,5,84,4,78,69
2025-01-02,Thursday,1,January,2025,21,Ireland,EMEA,Dublin,EMEA_RETAIL_VOICE_T2,Voice,Enterprise,Support,Tier 1,Retail,467,488,461,27,27,425,195925,23.51434426,21,6,7,73,5,93,89
2021-08-21,Saturday,33,August,2021,3,Ireland,EMEA,Dublin,EMEA_CHAT_SUPPORT_T1,Chat,Consumer,Support,Tier 2,Telecom,500,484,460,24,24,550,253000,27.27272727,18,8,9,65,6,92,83
2021-06-16,Wednesday,24,June,2021,13,Belgium,EMEA,Belgium Hub,INBOUND_VOICE_TIER1,Voice,Enterprise,Inbound,Tier 1,Healthcare,440,431,417,14,14,352,146784,11.43387471,15,5,6,82,5,95,80
2023-06-28,Wednesday,26,June,2023,16,Norway,EMEA,Norway Hub,EMEA_EMAIL_SUPPORT_T3,Chat,Premium,Support,Tier 3,E-commerce,171,171,148,23,23,640,94720,86.08187135,18,3,4,82,3,70,88
2022-03-30,Wednesday,13,March,2022,18,Finland,EMEA,Finland Hub,INBOUND_VOICE_TIER1,Voice,Premium,Inbound,Tier 3,E-commerce,327,355,350,5,5,407,142450,5.732394366,20,4,5,77,4,70,70
2024-05-19,Sunday,20,May,2024,15,Spain,EMEA,Madrid,EMEA_CORE_EMAIL_T2,Chat,Enterprise,Support,Tier 3,Healthcare,81,79,67,12,12,760,50920,115.443038,22,1,1,95,1,90,76
2022-07-21,Thursday,29,July,2022,14,Poland,EMEA,Poland Hub,EMEA_CORE_EMAIL_TIER2,Chat,Enterprise,Support,Tier 2,Banking,195,223,213,10,10,567,120771,25.42600897,25,4,5,77,4,72,72
2021-07-09,Friday,27,July,2021,6,Russia,EMEA,Russia Hub,TECH_SUPPORT_EMAIL_T3,Voice,Premium,Tech Support,Tier 1,Telecom,181,210,182,28,28,286,52052,38.13333333,33,1,1,84,1,87,63
2024-11-24,Sunday,47,November,2024,11,France,EMEA,Paris,RETENTION_VOICE_T2,Voice,Enterprise,Retention,Tier 1,Healthcare,98,118,113,5,5,314,35482,13.30508475,26,1,1,76,1,93,64
2025-10-08,Wednesday,41,October,2025,3,Sweden,EMEA,Sweden Hub,EMEA_CHAT_SUPPORT_T1,Email,Enterprise,Support,Tier 2,Healthcare,130,134,129,5,5,607,78303,22.64925373,34,2,3,83,2,92,77
2021-06-02,Wednesday,22,June,2021,16,Sweden,EMEA,Sweden Hub,CUSTOMER_SUPPORT_CHAT_T1,Email,Enterprise,Customer Support,Tier 1,Telecom,308,290,288,2,2,339,97632,2.337931035,15,3,3,83,2,82,85
2024-08-20,Tuesday,34,August,2024,20,Morocco,EMEA,Morocco Hub,OUTBOUND_SALES_T2,Voice,Enterprise,Outbound,Tier 2,Healthcare,462,457,438,19,19,300,131400,12.4726477,16,4,5,95,5,94,81
2022-08-12,Friday,32,August,2022,9,Greece,EMEA,Greece Hub,EMEA_RETAIL_VOICE_T2,Chat,Consumer,Support,Tier 1,E-commerce,397,405,375,30,30,397,148875,29.40740741,33,5,7,73,5,70,75
2022-05-19,Thursday,20,May,2022,20,Denmark,EMEA,Denmark Hub,EMEA_CHAT_SUPPORT_T1,Email,Consumer,Support,Tier 3,Banking,466,463,453,10,10,855,387315,18.46652268,30,13,17,77,13,85,68
2025-02-23,Sunday,8,February,2025,6,Norway,EMEA,Norway Hub,EMEA_RETAIL_VOICE_T2,Voice,Enterprise,Support,Tier 3,Healthcare,453,468,449,19,19,244,109556,9.905982906,27,3,4,65,3,95,86
2025-05-03,Saturday,18,May,2025,5,Spain,EMEA,Madrid,EMEA_RETAIL_VOICE_T2,Chat,Premium,Support,Tier 1,E-commerce,363,388,368,20,20,634,233312,32.68041237,18,8,9,74,7,74,75
2022-02-22,Tuesday,8,February,2022,5,Italy,EMEA,Rome,TECH_SUPPORT_EMAIL_T3,Chat,Premium,Tech Support,Tier 3,Retail,472,478,464,14,14,340,157760,9.958158996,31,5,7,92,6,76,72
2023-03-16,Thursday,11,March,2023,5,Ireland,EMEA,Dublin,EMEA_CHAT_SUPPORT_T1,Chat,Premium,Support,Tier 2,Telecom,57,78,58,20,20,445,25810,114.1025641,29,0,0,76,0,71,74
2024-10-02,Wednesday,40,October,2024,18,Slovakia,EMEA,Slovakia Hub,EMEA_CHAT_SUPPORT_T1,Email,Enterprise,Support,Tier 2,Telecom,161,178,167,11,11,290,48430,17.92134831,30,1,1,86,1,74,84
2025-12-22,Monday,52,December,2025,3,Slovenia,EMEA,Slovenia Hub,EMEA_CORE_EMAIL_TIER2,Voice,Enterprise,Support,Tier 2,Telecom,145,147,131,16,16,722,94582,78.58503401,30,3,4,76,3,78,65
2023-06-25,Sunday,25,June,2023,14,United Kingdom,EMEA,London,EMEA_CORE_EMAIL_TIER2,Chat,Consumer,Support,Tier 1,E-commerce,117,138,134,4,4,402,53868,11.65217391,33,1,1,91,1,90,64
2025-11-28,Friday,48,November,2025,13,Finland,EMEA,Finland Hub,EMEA_EMAIL_SUPPORT_T3,Email,Enterprise,Support,Tier 3,Banking,182,197,175,22,22,281,49175,31.38071066,15,1,1,87,1,75,60
2025-10-22,Wednesday,43,October,2025,20,Poland,EMEA,Poland Hub,RETENTION_VOICE_T2,Voice,Enterprise,Retention,Tier 3,Retail,126,120,120,0,0,556,66720,0.0,19,2,2,85,2,83,88
2022-07-25,Monday,30,July,2022,21,Belgium,EMEA,Belgium Hub,EMEA_CHAT_SUPPORT_T1,Email,Enterprise,Support,Tier 2,Telecom,360,377,351,26,26,744,261144,51.31034483,29,9,12,92,11,91,73
2021-12-27,Monday,52,December,2021,7,France,EMEA,Paris,EMEA_CORE_EMAIL_T2,Voice,Premium,Support,Tier 3,E-commerce,131,134,134,0,0,805,107870,0.0,15,3,3,65,2,79,74
2022-04-14,Thursday,15,April,2022,1,Hungary,EMEA,Hungary Hub,RETENTION_VOICE_T2,Email,Enterprise,Retention,Tier 3,E-commerce,399,413,401,12,12,806,323206,23.4188862,23,11,14,75,11,94,85
2022-01-06,Thursday,1,January,2022,20,Finland,EMEA,Finland Hub,EMEA_EMAIL_SUPPORT_T3,Email,Premium,Support,Tier 1,Retail,127,143,130,13,13,310,40300,28.18181818,29,1,1,76,1,94,66
2024-12-20,Friday,51,December,2024,3,Finland,EMEA,Finland Hub,TECH_SUPPORT_EMAIL_T3,Chat,Premium,Tech Support,Tier 2,Telecom,226,249,239,10,10,541,129299,21.72690763,19,4,5,66,3,70,62
2021-12-09,Thursday,49,December,2021,16,Kenya,EMEA,Kenya Hub,OUTBOUND_SALES_T2,Email,Enterprise,Outbound,Tier 3,Healthcare,75,78,52,26,26,587,30524,195.6666667,17,1,1,88,1,70,65
2023-02-01,Wednesday,5,February,2023,0,Czech Republic,EMEA,Czech Republic Hub,CUSTOMER_SUPPORT_CHAT_T1,Chat,Enterprise,Customer Support,Tier 3,E-commerce,185,196,190,6,6,526,99940,16.10204082,17,3,4,74,3,95,89
2022-01-21,Friday,3,January,2022,0,Finland,EMEA,Finland Hub,TECH_SUPPORT_EMAIL_T3,Chat,Premium,Tech Support,Tier 2,Banking,305,288,279,9,9,889,248031,27.78125,26,8,10,92,9,94,67
2024-06-04,Tuesday,23,June,2024,8,Italy,EMEA,Rome,INBOUND_VOICE_TIER1,Email,Enterprise,Inbound,Tier 1,Banking,204,193,166,27,27,556,92296,77.78238342,32,3,4,77,3,74,77
2025-03-27,Thursday,13,March,2025,15,Finland,EMEA,Finland Hub,EMEA_CORE_EMAIL_T2,Chat,Premium,Support,Tier 2,Healthcare,420,413,404,9,9,530,214120,11.5496368,23,7,9,83,7,78,72
2025-07-14,Monday,29,July,2025,8,Poland,EMEA,Poland Hub,TECH_SUPPORT_EMAIL_T3,Voice,Consumer,Tech Support,Tier 3,E-commerce,350,361,357,4,4,297,106029,3.290858726,34,3,4,77,3,87,62
2021-03-05,Friday,9,March,2021,10,Ukraine,EMEA,Ukraine Hub,OUTBOUND_SALES_T2,Voice,Consumer,Outbound,Tier 3,Telecom,479,460,459,1,1,426,195534,0.926086957,33,6,8,95,8,95,63
2022-08-01,Monday,31,August,2022,2,Netherlands,EMEA,Amsterdam,CUSTOMER_SUPPORT_CHAT_T1,Voice,Premium,Customer Support,Tier 1,Banking,135,130,130,0,0,840,109200,0.0,22,3,4,74,3,72,61
2022-04-22,Friday,16,April,2022,3,Denmark,EMEA,Denmark Hub,EMEA_EMAIL_SUPPORT_T3,Voice,Premium,Support,Tier 1,Telecom,102,92,77,15,15,413,31801,67.33695652,23,1,1,72,1,88,71
2022-09-09,Friday,36,September,2022,12,Morocco,EMEA,Morocco Hub,EMEA_RETAIL_VOICE_T2,Voice,Premium,Support,Tier 2,Telecom,490,501,500,1,1,412,206000,0.822355289,23,7,9,87,8,87,87
2024-04-04,Thursday,14,April,2024,2,Hungary,EMEA,Hungary Hub,EMEA_CORE_EMAIL_T2,Voice,Premium,Support,Tier 3,Banking,117,129,128,1,1,229,29312,1.775193798,26,1,1,94,1,84,61
2021-08-22,Sunday,33,August,2021,7,Greece,EMEA,Greece Hub,EMEA_CORE_EMAIL_T2,Email,Enterprise,Support,Tier 1,Banking,209,193,189,4,4,498,94122,10.32124352,27,3,4,72,3,93,73
2025-01-26,Sunday,4,January,2025,19,France,EMEA,Paris,EMEA_CORE_EMAIL_T2,Email,Premium,Support,Tier 1,Retail,191,174,154,20,20,686,105644,78.85057471,26,3,4,90,4,89,76
2024-10-01,Tuesday,40,October,2024,11,Czech Republic,EMEA,Czech Republic Hub,INBOUND_VOICE_TIER1,Voice,Premium,Inbound,Tier 1,E-commerce,318,319,291,28,28,439,127749,38.53291536,22,4,5,91,5,79,64
2022-01-31,Monday,5,January,2022,23,Slovenia,EMEA,Slovenia Hub,CUSTOMER_SUPPORT_CHAT_T1,Chat,Consumer,Customer Support,Tier 2,Banking,238,263,240,23,23,800,192000,69.96197719,30,6,8,87,7,86,85
2023-03-30,Thursday,13,March,2023,1,Denmark,EMEA,Denmark Hub,EMEA_CORE_EMAIL_TIER2,Chat,Enterprise,Support,Tier 2,Retail,484,469,462,7,7,259,119658,3.865671642,16,4,5,80,4,86,65
2021-04-24,Saturday,16,April,2021,6,Sweden,EMEA,Sweden Hub,EMEA_EMAIL_SUPPORT_T3,Chat,Premium,Support,Tier 1,E-commerce,350,347,320,27,27,854,273280,66.44956772,24,9,11,95,10,83,66
2024-10-15,Tuesday,42,October,2024,20,Israel,EMEA,Israel Hub,CUSTOMER_SUPPORT_CHAT_T1,Email,Premium,Customer Support,Tier 1,Healthcare,454,448,428,20,20,244,104432,10.89285714,27,3,4,95,4,88,89
2021-03-25,Thursday,12,March,2021,10,Germany,EMEA,Berlin,EMEA_CHAT_SUPPORT_T1,Email,Consumer,Support,Tier 2,E-commerce,398,410,384,26,26,436,167424,27.64878049,35,5,7,79,6,92,86
2021-04-08,Thursday,14,April,2021,19,Finland,EMEA,Finland Hub,CUSTOMER_SUPPORT_CHAT_T1,Voice,Enterprise,Customer Support,Tier 3,E-commerce,296,285,285,0,0,641,182685,0.0,21,6,7,73,5,74,88
2023-05-08,Monday,19,May,2023,4,Portugal,EMEA,Portugal Hub,TECH_SUPPORT_EMAIL_T3,Email,Enterprise,Tech Support,Tier 1,Banking,233,214,197,17,17,822,161934,65.29906542,21,5,6,69,4,86,62
2025-05-13,Tuesday,20,May,2025,12,Denmark,EMEA,Denmark Hub,EMEA_RETAIL_VOICE_T2,Voice,Enterprise,Support,Tier 3,Retail,322,338,334,4,4,615,205410,7.278106509,31,7,9,81,7,70,62
2021-05-27,Thursday,21,May,2021,1,Denmark,EMEA,Denmark Hub,EMEA_CORE_EMAIL_T2,Voice,Consumer,Support,Tier 3,Telecom,405,433,411,22,22,281,115491,14.27713626,34,4,5,71,4,71,77
2024-02-28,Wednesday,9,February,2024,16,Kenya,EMEA,Kenya Hub,OUTBOUND_SALES_T2,Email,Consumer,Outbound,Tier 2,Healthcare,451,436,423,13,13,366,154818,10.91284404,26,5,6,86,5,75,80
2024-09-25,Wednesday,39,September,2024,17,Israel,EMEA,Israel Hub,EMEA_CHAT_SUPPORT_T1,Email,Enterprise,Support,Tier 1,Telecom,410,408,401,7,7,624,250224,10.70588235,21,8,10,72,7,74,65
2022-09-01,Thursday,35,September,2022,19,Slovenia,EMEA,Slovenia Hub,INBOUND_VOICE_TIER1,Email,Consumer,Inbound,Tier 3,E-commerce,344,337,309,28,28,415,128235,34.48071217,22,4,5,86,4,91,84
2024-06-03,Monday,23,June,2024,11,Romania,EMEA,Romania Hub,EMEA_CORE_EMAIL_T2,Voice,Enterprise,Support,Tier 3,Retail,266,272,246,26,26,192,47232,18.35294118,16,1,1,71,1,79,86
2025-07-07,Monday,28,July,2025,3,United Kingdom,EMEA,London,EMEA_CORE_EMAIL_TIER2,Voice,Consumer,Support,Tier 3,Retail,52,39,22,17,17,263,5786,114.6410256,33,0,0,90,0,81,68
2024-08-14,Wednesday,33,August,2024,16,Portugal,EMEA,Portugal Hub,CUSTOMER_SUPPORT_CHAT_T1,Email,Consumer,Customer Support,Tier 2,Healthcare,431,440,418,22,22,486,203148,24.3,16,7,8,77,6,77,82
2024-05-15,Wednesday,20,May,2024,16,Romania,EMEA,Romania Hub,OUTBOUND_SALES_T2,Chat,Enterprise,Outbound,Tier 1,Telecom,302,313,286,27,27,795,227370,68.57827476,32,7,9,83,7,95,61
2024-01-26,Friday,4,January,2024,2,United Kingdom,EMEA,London,EMEA_EMAIL_SUPPORT_T3,Voice,Premium,Support,Tier 2,Healthcare,465,447,441,6,6,331,145971,4.44295302,20,5,6,78,5,93,85
2021-12-09,Thursday,49,December,2021,12,Czech Republic,EMEA,Czech Republic Hub,EMEA_CORE_EMAIL_TIER2,Email,Enterprise,Support,Tier 3,Retail,495,509,506,3,3,583,294998,3.436149312,29,10,13,77,10,86,82
2022-02-13,Sunday,6,February,2022,16,Germany,EMEA,Berlin,CUSTOMER_SUPPORT_CHAT_T1,Chat,Premium,Customer Support,Tier 2,Healthcare,246,252,244,8,8,489,119316,15.52380952,16,4,5,68,3,79,61
2022-12-23,Friday,51,December,2022,18,Poland,EMEA,Poland Hub,EMEA_EMAIL_SUPPORT_T3,Voice,Enterprise,Support,Tier 2,E-commerce,51,73,63,10,10,839,52857,114.9315068,26,1,1,81,1,73,68
2025-10-17,Friday,42,October,2025,18,Poland,EMEA,Poland Hub,TECH_SUPPORT_EMAIL_T3,Voice,Consumer,Tech Support,Tier 2,E-commerce,361,359,352,7,7,446,156992,8.69637883,32,5,7,82,6,91,79
2023-02-07,Tuesday,6,February,2023,6,Norway,EMEA,Norway Hub,INBOUND_VOICE_TIER1,Email,Premium,Inbound,Tier 2,E-commerce,140,135,106,29,29,613,64978,131.6814815,28,2,3,67,2,79,77
2021-11-09,Tuesday,45,November,2021,7,Czech Republic,EMEA,Czech Republic Hub,OUTBOUND_SALES_T2,Email,Enterprise,Outbound,Tier 3,Healthcare,286,312,293,19,19,365,106945,22.2275641,24,3,4,74,3,88,68
2022-01-25,Tuesday,4,January,2022,3,Ireland,EMEA,Dublin,EMEA_EMAIL_SUPPORT_T3,Chat,Consumer,Support,Tier 2,Telecom,406,392,386,6,6,616,237776,9.428571429,27,8,10,76,8,83,72
2022-01-14,Friday,2,January,2022,9,Ireland,EMEA,Dublin,EMEA_EMAIL_SUPPORT_T3,Email,Consumer,Support,Tier 3,Healthcare,193,199,177,22,22,312,55224,34.49246231,33,1,1,90,1,92,75
2023-09-25,Monday,39,September,2023,20,Kenya,EMEA,Kenya Hub,EMEA_CORE_EMAIL_T2,Email,Premium,Support,Tier 2,Retail,428,414,401,13,13,483,193683,15.16666667,17,6,7,77,5,71,67
2024-04-01,Monday,14,April,2024,14,United Kingdom,EMEA,London,CUSTOMER_SUPPORT_CHAT_T1,Chat,Premium,Customer Support,Tier 3,Retail,471,467,465,2,2,460,213900,1.970021413,26,7,9,83,7,92,65
2023-04-11,Tuesday,15,April,2023,11,Poland,EMEA,Poland Hub,CUSTOMER_SUPPORT_CHAT_T1,Chat,Premium,Customer Support,Tier 3,Healthcare,107,101,87,14,14,230,20010,31.88118812,24,0,0,83,0,93,70
2022-10-19,Wednesday,42,October,2022,10,Norway,EMEA,Norway Hub,INBOUND_VOICE_TIER1,Chat,Enterprise,Inbound,Tier 3,E-commerce,236,261,247,14,14,706,174382,37.8697318,24,6,7,91,6,93,85
2022-06-09,Thursday,23,June,2022,13,Netherlands,EMEA,Amsterdam,EMEA_EMAIL_SUPPORT_T3,Chat,Premium,Support,Tier 2,Retail,411,425,425,0,0,623,264775,0.0,31,9,12,91,11,84,62
2023-12-27,Wednesday,52,December,2023,14,Netherlands,EMEA,Amsterdam,EMEA_EMAIL_SUPPORT_T3,Voice,Consumer,Support,Tier 2,Telecom,363,387,385,2,2,797,306845,4.118863049,26,10,13,83,11,83,77
2022-06-28,Tuesday,26,June,2022,1,Greece,EMEA,Greece Hub,EMEA_RETAIL_VOICE_T2,Chat,Consumer,Support,Tier 3,Retail,419,429,418,11,11,801,334818,20.53846154,16,11,13,95,12,77,69
2024-12-14,Saturday,50,December,2024,11,Czech Republic,EMEA,Czech Republic Hub,RETENTION_VOICE_T2,Voice,Consumer,Retention,Tier 1,E-commerce,244,230,214,16,16,542,115988,37.70434783,25,4,5,92,5,91,78
2024-11-28,Thursday,48,November,2024,19,Portugal,EMEA,Portugal Hub,CUSTOMER_SUPPORT_CHAT_T1,Email,Premium,Customer Support,Tier 2,Telecom,330,341,320,21,21,282,90240,17.36656892,26,3,4,92,4,92,86
2021-01-27,Wednesday,4,January,2021,18,Finland,EMEA,Finland Hub,EMEA_CORE_EMAIL_T2,Voice,Premium,Support,Tier 1,Banking,484,494,476,18,18,312,148512,11.36842105,31,5,7,73,5,86,65
2022-10-30,Sunday,43,October,2022,21,Italy,EMEA,Rome,OUTBOUND_SALES_T2,Voice,Consumer,Outbound,Tier 1,E-commerce,384,386,367,19,19,788,289196,38.78756477,28,10,13,66,9,71,72
2022-02-12,Saturday,6,February,2022,11,Morocco,EMEA,Morocco Hub,EMEA_EMAIL_SUPPORT_T3,Voice,Consumer,Support,Tier 1,Banking,348,345,341,4,4,721,245861,8.35942029,32,8,11,81,9,88,63
2022-02-20,Sunday,7,February,2022,6,Germany,EMEA,Berlin,EMEA_EMAIL_SUPPORT_T3,Chat,Enterprise,Support,Tier 3,Telecom,374,385,376,9,9,662,248912,15.47532468,32,8,11,72,8,87,82
2022-04-09,Saturday,14,April,2022,23,Sweden,EMEA,Sweden Hub,INBOUND_VOICE_TIER1,Email,Premium,Inbound,Tier 1,Retail,349,357,337,20,20,797,268589,44.64985994,29,9,12,80,10,77,66
2024-04-19,Friday,16,April,2024,13,Romania,EMEA,Romania Hub,OUTBOUND_SALES_T2,Email,Premium,Outbound,Tier 3,Telecom,219,213,206,7,7,336,69216,11.04225352,28,2,3,69,2,71,72
2021-04-05,Monday,14,April,2021,9,Greece,EMEA,Greece Hub,EMEA_CORE_EMAIL_TIER2,Email,Enterprise,Support,Tier 2,Retail,315,300,289,11,11,840,242760,30.8,24,8,10,85,9,71,82
2023-05-29,Monday,22,May,2023,8,Kenya,EMEA,Kenya Hub,EMEA_CORE_EMAIL_TIER2,Chat,Enterprise,Support,Tier 1,Banking,277,290,266,24,24,891,237006,73.73793103,16,8,9,68,6,90,67
2024-12-28,Saturday,52,December,2024,17,Israel,EMEA,Israel Hub,OUTBOUND_SALES_T2,Chat,Premium,Outbound,Tier 1,Healthcare,107,103,78,25,25,811,63258,196.8446602,33,2,3,79,2,70,84
2025-03-10,Monday,11,March,2025,22,Germany,EMEA,Berlin,EMEA_EMAIL_SUPPORT_T3,Chat,Enterprise,Support,Tier 1,Telecom,234,232,217,15,15,868,188356,56.12068966,34,6,8,90,7,84,84
2021-05-13,Thursday,19,May,2021,15,Israel,EMEA,Israel Hub,EMEA_CORE_EMAIL_T2,Chat,Consumer,Support,Tier 1,Banking,429,440,419,21,21,350,146650,16.70454545,32,5,7,86,6,73,70
2022-10-06,Thursday,40,October,2022,3,Netherlands,EMEA,Amsterdam,EMEA_EMAIL_SUPPORT_T3,Chat,Consumer,Support,Tier 3,Telecom,444,427,424,3,3,745,315880,5.234192038,16,10,12,88,11,76,79
2022-08-09,Tuesday,32,August,2022,8,Romania,EMEA,Romania Hub,EMEA_RETAIL_VOICE_T2,Voice,Enterprise,Support,Tier 2,Retail,343,326,301,25,25,230,69230,17.63803681,29,2,3,84,3,78,69
2024-09-11,Wednesday,37,September,2024,7,Morocco,EMEA,Morocco Hub,EMEA_CORE_EMAIL_T2,Voice,Enterprise,Support,Tier 3,Healthcare,91,116,110,6,6,212,23320,10.96551724,24,0,0,75,0,72,64
2022-02-06,Sunday,5,February,2022,17,Hungary,EMEA,Hungary Hub,CUSTOMER_SUPPORT_CHAT_T1,Email,Consumer,Customer Support,Tier 3,Banking,358,369,349,20,20,362,126338,19.62059621,28,4,5,73,4,72,61
2022-01-12,Wednesday,2,January,2022,18,Greece,EMEA,Greece Hub,EMEA_RETAIL_VOICE_T2,Chat,Enterprise,Support,Tier 3,E-commerce,230,234,208,26,26,458,95264,50.88888889,24,3,4,68,3,71,85
2024-06-23,Sunday,25,June,2024,14,Bulgaria,EMEA,Bulgaria Hub,TECH_SUPPORT_EMAIL_T3,Email,Consumer,Tech Support,Tier 1,Telecom,217,203,178,25,25,352,62656,43.34975369,29,2,3,86,3,85,72
2024-03-31,Sunday,13,March,2024,6,Sweden,EMEA,Sweden Hub,OUTBOUND_SALES_T2,Email,Enterprise,Outbound,Tier 1,Healthcare,73,79,50,29,29,273,13650,100.2151899,16,0,0,83,0,70,76
2025-11-25,Tuesday,48,November,2025,18,South Africa,EMEA,Cape Town,RETENTION_VOICE_T2,Voice,Premium,Retention,Tier 1,Telecom,415,439,426,13,13,753,320778,22.29840547,31,11,14,66,9,75,90
2025-07-14,Monday,29,July,2025,0,Turkey,EMEA,Turkey Hub,EMEA_CORE_EMAIL_T2,Voice,Consumer,Support,Tier 2,Retail,153,157,154,3,3,548,84392,10.47133758,22,2,2,84,2,94,90
2023-12-02,Saturday,48,December,2023,3,Czech Republic,EMEA,Czech Republic Hub,TECH_SUPPORT_EMAIL_T3,Voice,Enterprise,Tech Support,Tier 2,E-commerce,164,178,176,2,2,596,104896,6.696629214,23,3,4,75,3,81,89
2021-08-14,Saturday,32,August,2021,1,Bulgaria,EMEA,Bulgaria Hub,EMEA_CORE_EMAIL_TIER2,Voice,Enterprise,Support,Tier 2,Retail,100,91,66,25,25,472,31152,129.6703297,22,1,1,68,1,77,63
2023-02-19,Sunday,7,February,2023,15,Norway,EMEA,Norway Hub,EMEA_CHAT_SUPPORT_T1,Email,Premium,Support,Tier 3,Banking,294,302,280,22,22,578,161840,42.10596026,20,5,6,88,5,81,81
2022-06-11,Saturday,23,June,2022,7,Romania,EMEA,Romania Hub,EMEA_CORE_EMAIL_T2,Email,Enterprise,Support,Tier 3,Healthcare,451,435,433,2,2,491,212603,2.257471264,32,7,9,68,6,89,89
2024-02-05,Monday,6,February,2024,20,Belgium,EMEA,Belgium Hub,CUSTOMER_SUPPORT_CHAT_T1,Voice,Enterprise,Customer Support,Tier 3,Banking,229,209,206,3,3,236,48616,3.387559809,33,1,1,74,1,73,79
2021-03-09,Tuesday,10,March,2021,22,Norway,EMEA,Norway Hub,EMEA_CORE_EMAIL_T2,Email,Enterprise,Support,Tier 3,E-commerce,79,71,62,9,9,384,23808,48.67605634,35,0,0,71,0,73,65
2024-06-11,Tuesday,24,June,2024,13,Iceland,EMEA,Iceland Hub,EMEA_CORE_EMAIL_TIER2,Voice,Enterprise,Support,Tier 2,Telecom,476,470,470,0,0,199,93530,0.0,30,3,4,88,4,85,74
2025-06-25,Wednesday,26,June,2025,8,Belgium,EMEA,Belgium Hub,CUSTOMER_SUPPORT_CHAT_T1,Email,Consumer,Customer Support,Tier 1,Telecom,136,157,145,12,12,754,109330,57.63057325,24,3,4,76,3,85,64
2024-06-13,Thursday,24,June,2024,16,Poland,EMEA,Poland Hub,RETENTION_VOICE_T2,Voice,Enterprise,Retention,Tier 2,Healthcare,267,268,265,3,3,606,160590,6.78358209,20,5,6,80,5,78,82
2022-02-04,Friday,5,February,2022,0,Portugal,EMEA,Portugal Hub,CUSTOMER_SUPPORT_CHAT_T1,Email,Enterprise,Customer Support,Tier 2,Healthcare,229,256,226,30,30,428,96728,50.15625,27,3,4,74,3,70,61
2025-01-11,Saturday,2,January,2025,0,Belgium,EMEA,Belgium Hub,RETENTION_VOICE_T2,Voice,Consumer,Retention,Tier 2,Retail,444,440,425,15,15,386,164050,13.15909091,19,5,6,77,5,73,72
2021-12-08,Wednesday,49,December,2021,4,Poland,EMEA,Poland Hub,EMEA_CORE_EMAIL_T2,Voice,Premium,Support,Tier 1,Banking,176,177,166,11,11,782,129812,48.59887006,16,4,5,66,3,92,63
2022-06-05,Sunday,22,June,2022,8,Kenya,EMEA,Kenya Hub,EMEA_RETAIL_VOICE_T2,Voice,Premium,Support,Tier 2,Retail,432,454,431,23,23,571,246101,28.92731278,26,8,10,73,7,84,73
2021-08-03,Tuesday,31,August,2021,4,Russia,EMEA,Russia Hub,EMEA_CHAT_SUPPORT_T1,Voice,Enterprise,Support,Tier 1,Banking,233,259,240,19,19,565,135600,41.44787645,15,4,5,83,4,78,62
2021-09-14,Tuesday,37,September,2021,23,Slovenia,EMEA,Slovenia Hub,EMEA_CORE_EMAIL_TIER2,Chat,Consumer,Support,Tier 1,Telecom,450,444,437,7,7,518,226366,8.166666667,35,7,9,65,6,76,84
2024-12-13,Friday,50,December,2024,6,Norway,EMEA,Norway Hub,EMEA_CORE_EMAIL_T2,Chat,Consumer,Support,Tier 2,Banking,229,232,222,10,10,751,166722,32.37068966,19,5,6,95,6,88,84
2025-08-22,Friday,34,August,2025,0,Slovenia,EMEA,Slovenia Hub,EMEA_CORE_EMAIL_T2,Chat,Enterprise,Support,Tier 1,Banking,78,58,58,0,0,248,14384,0.0,27,0,0,72,0,89,90
2025-03-04,Tuesday,10,March,2025,19,Ukraine,EMEA,Ukraine Hub,CUSTOMER_SUPPORT_CHAT_T1,Voice,Premium,Customer Support,Tier 3,Telecom,196,210,196,14,14,299,58604,19.93333333,25,2,3,76,2,75,73
2021-02-06,Saturday,5,February,2021,11,Belgium,EMEA,Belgium Hub,TECH_SUPPORT_EMAIL_T3,Email,Enterprise,Tech Support,Tier 1,Telecom,315,300,288,12,12,600,172800,24.0,32,6,8,77,6,85,79
2021-08-06,Friday,31,August,2021,16,Turkey,EMEA,Turkey Hub,EMEA_RETAIL_VOICE_T2,Email,Premium,Support,Tier 2,Telecom,409,408,408,0,0,718,292944,0.0,24,10,12,93,11,88,77
2022-07-03,Sunday,26,July,2022,9,Finland,EMEA,Finland Hub,INBOUND_VOICE_TIER1,Voice,Premium,Inbound,Tier 2,Telecom,196,220,201,19,19,684,137484,59.07272727,21,4,5,90,5,88,74
2024-03-18,Monday,12,March,2024,23,Portugal,EMEA,Portugal Hub,EMEA_CORE_EMAIL_T2,Voice,Consumer,Support,Tier 3,Banking,332,330,317,13,13,257,81469,10.12424242,16,2,2,69,1,95,66
2022-02-23,Wednesday,8,February,2022,20,Portugal,EMEA,Portugal Hub,EMEA_CHAT_SUPPORT_T1,Chat,Consumer,Support,Tier 1,E-commerce,444,447,444,3,3,782,347208,5.248322148,24,12,15,83,12,86,78
2022-10-31,Monday,44,October,2022,23,Italy,EMEA,Rome,EMEA_CORE_EMAIL_T2,Voice,Consumer,Support,Tier 1,Telecom,448,477,474,3,3,727,344598,4.572327044,15,11,13,71,9,84,88
2023-11-03,Friday,44,November,2023,13,Ireland,EMEA,Dublin,RETENTION_VOICE_T2,Chat,Consumer,Retention,Tier 3,Telecom,283,298,271,27,27,848,229808,76.83221477,32,7,9,65,6,86,70
2025-06-23,Monday,26,June,2025,13,Slovakia,EMEA,Slovakia Hub,EMEA_CORE_EMAIL_T2,Chat,Premium,Support,Tier 2,Telecom,319,334,327,7,7,204,66708,4.275449102,27,2,3,85,3,81,80
2023-11-12,Sunday,45,November,2023,3,Denmark,EMEA,Denmark Hub,EMEA_EMAIL_SUPPORT_T3,Chat,Consumer,Support,Tier 3,E-commerce,299,294,272,22,22,873,237456,65.32653061,19,8,10,78,8,82,72
2023-01-03,Tuesday,1,January,2023,8,Israel,EMEA,Israel Hub,RETENTION_VOICE_T2,Chat,Premium,Retention,Tier 1,Retail,298,319,313,6,6,411,128643,7.730407524,22,4,5,95,5,90,85
2021-05-23,Sunday,20,May,2021,6,Ukraine,EMEA,Ukraine Hub,EMEA_RETAIL_VOICE_T2,Voice,Enterprise,Support,Tier 2,E-commerce,317,297,267,30,30,578,154326,58.38383838,30,5,7,78,5,94,71
2021-07-21,Wednesday,29,July,2021,16,Luxembourg,EMEA,Luxembourg Hub,EMEA_CORE_EMAIL_T2,Chat,Enterprise,Support,Tier 3,Banking,452,458,455,3,3,606,275730,3.969432314,21,9,11,79,9,75,90
2023-01-23,Monday,4,January,2023,11,Denmark,EMEA,Denmark Hub,TECH_SUPPORT_EMAIL_T3,Email,Consumer,Tech Support,Tier 3,E-commerce,66,89,66,23,23,267,17622,69.0,24,0,0,74,0,88,84
2024-12-24,Tuesday,52,December,2024,7,Israel,EMEA,Israel Hub,EMEA_CHAT_SUPPORT_T1,Email,Premium,Support,Tier 2,Telecom,408,396,366,30,30,791,289506,59.92424242,23,10,12,73,9,74,62
2024-04-09,Tuesday,15,April,2024,14,Sweden,EMEA,Sweden Hub,RETENTION_VOICE_T2,Email,Consumer,Retention,Tier 1,Banking,427,439,413,26,26,651,268863,38.55580866,16,9,10,73,7,80,65
2023-09-29,Friday,39,September,2023,12,Bulgaria,EMEA,Bulgaria Hub,CUSTOMER_SUPPORT_CHAT_T1,Voice,Premium,Customer Support,Tier 1,Healthcare,355,383,374,9,9,253,94622,5.945169713,29,3,4,91,4,93,78
2025-09-24,Wednesday,39,September,2025,6,Portugal,EMEA,Portugal Hub,TECH_SUPPORT_EMAIL_T3,Chat,Consumer,Tech Support,Tier 1,Banking,180,207,180,27,27,830,149400,108.2608696,16,5,6,90,5,84,62
2024-02-28,Wednesday,9,February,2024,23,Spain,EMEA,Madrid,EMEA_CHAT_SUPPORT_T1,Voice,Premium,Support,Tier 1,Telecom,176,195,169,26,26,740,125060,98.66666667,17,4,5,87,4,95,83
2025-01-28,Tuesday,5,January,2025,0,Italy,EMEA,Rome,EMEA_CORE_EMAIL_T2,Voice,Enterprise,Support,Tier 3,E-commerce,312,292,265,27,27,817,216505,75.54452055,35,7,9,95,9,74,74
2025-11-16,Sunday,46,November,2025,1,France,EMEA,Paris,OUTBOUND_SALES_T2,Voice,Consumer,Outbound,Tier 3,Banking,381,371,353,18,18,714,252042,34.64150943,19,8,10,90,9,86,67
2024-10-04,Friday,40,October,2024,19,Czech Republic,EMEA,Czech Republic Hub,EMEA_EMAIL_SUPPORT_T3,Email,Enterprise,Support,Tier 2,Healthcare,94,120,91,29,29,364,33124,87.96666667,19,1,1,67,1,92,62
2024-09-22,Sunday,38,September,2024,10,Finland,EMEA,Finland Hub,INBOUND_VOICE_TIER1,Email,Consumer,Inbound,Tier 1,Healthcare,479,503,499,4,4,732,365268,5.821073559,30,12,16,87,14,78,72
2023-10-18,Wednesday,42,October,2023,12,Turkey,EMEA,Turkey Hub,OUTBOUND_SALES_T2,Email,Enterprise,Outbound,Tier 2,Telecom,257,258,252,6,6,222,55944,5.162790698,29,1,1,94,1,91,61
2023-08-30,Wednesday,35,August,2023,15,Slovakia,EMEA,Slovakia Hub,EMEA_CORE_EMAIL_T2,Email,Consumer,Support,Tier 1,Healthcare,179,209,194,15,15,563,109222,40.40669856,30,3,4,72,3,92,67
2022-10-10,Monday,41,October,2022,15,Netherlands,EMEA,Amsterdam,INBOUND_VOICE_TIER1,Email,Premium,Inbound,Tier 1,Retail,94,74,54,20,20,844,45576,228.1081081,27,1,1,91,1,70,64
2021-01-16,Saturday,2,January,2021,7,Czech Republic,EMEA,Czech Republic Hub,OUTBOUND_SALES_T2,Email,Enterprise,Outbound,Tier 1,Banking,269,292,283,9,9,739,209137,22.77739726,15,7,8,66,5,73,75
2024-04-22,Monday,17,April,2024,15,France,EMEA,Paris,EMEA_CHAT_SUPPORT_T1,Chat,Enterprise,Support,Tier 3,Banking,169,190,178,12,12,649,115522,40.98947368,27,4,5,89,4,72,84
2024-08-06,Tuesday,32,August,2024,20,Bulgaria,EMEA,Bulgaria Hub,EMEA_EMAIL_SUPPORT_T3,Email,Enterprise,Support,Tier 3,Banking,218,233,206,27,27,234,48204,27.11587983,19,1,1,88,1,88,76
2023-07-01,Saturday,26,July,2023,14,Hungary,EMEA,Hungary Hub,INBOUND_VOICE_TIER1,Email,Consumer,Inbound,Tier 1,E-commerce,280,270,240,30,30,818,196320,90.88888889,25,6,8,67,5,72,83
2025-08-09,Saturday,32,August,2025,22,Morocco,EMEA,Morocco Hub,EMEA_CORE_EMAIL_T2,Voice,Premium,Support,Tier 1,E-commerce,385,407,388,19,19,653,253364,30.48402948,31,8,10,91,9,71,89
2023-07-07,Friday,27,July,2023,7,Netherlands,EMEA,Amsterdam,EMEA_CORE_EMAIL_T2,Email,Consumer,Support,Tier 2,Healthcare,321,315,307,8,8,891,273537,22.62857143,35,9,12,78,9,74,76
2021-04-13,Tuesday,15,April,2021,20,Portugal,EMEA,Portugal Hub,TECH_SUPPORT_EMAIL_T3,Email,Enterprise,Tech Support,Tier 3,Telecom,473,454,429,25,25,621,266409,34.19603524,16,9,10,86,9,91,66
2022-05-16,Monday,20,May,2022,15,Italy,EMEA,Rome,CUSTOMER_SUPPORT_CHAT_T1,Chat,Consumer,Customer Support,Tier 3,Telecom,167,160,159,1,1,854,135786,5.3375,33,4,5,90,5,84,63
2025-01-17,Friday,3,January,2025,1,Turkey,EMEA,Turkey Hub,EMEA_CORE_EMAIL_TIER2,Voice,Enterprise,Support,Tier 1,Healthcare,111,105,97,8,8,464,45008,35.35238095,34,1,1,71,1,92,76
2022-06-07,Tuesday,23,June,2022,9,Iceland,EMEA,Iceland Hub,EMEA_RETAIL_VOICE_T2,Email,Premium,Support,Tier 1,Retail,334,347,344,3,3,343,117992,2.965417867,23,4,5,80,4,91,89
2021-01-14,Thursday,2,January,2021,18,Greece,EMEA,Greece Hub,TECH_SUPPORT_EMAIL_T3,Email,Enterprise,Tech Support,Tier 1,Healthcare,480,489,486,3,3,488,237168,2.993865031,15,8,9,77,7,85,90
2022-01-15,Saturday,2,January,2022,3,Turkey,EMEA,Turkey Hub,RETENTION_VOICE_T2,Email,Consumer,Retention,Tier 2,Telecom,195,186,182,4,4,563,102466,12.10752688,22,3,4,65,3,85,90
2021-03-23,Tuesday,12,March,2021,18,Netherlands,EMEA,Amsterdam,INBOUND_VOICE_TIER1,Email,Enterprise,Inbound,Tier 2,Healthcare,128,116,93,23,23,585,54405,115.9913793,35,1,1,85,1,75,86
2024-05-13,Monday,20,May,2024,22,Turkey,EMEA,Turkey Hub,EMEA_RETAIL_VOICE_T2,Voice,Premium,Support,Tier 2,Telecom,247,239,219,20,20,400,87600,33.47280335,20,3,4,91,4,73,74
2023-01-20,Friday,3,January,2023,1,Italy,EMEA,Rome,EMEA_CHAT_SUPPORT_T1,Chat,Consumer,Support,Tier 2,Healthcare,354,379,378,1,1,559,211302,1.474934037,26,7,9,77,7,79,69
2022-03-25,Friday,12,March,2022,18,Norway,EMEA,Norway Hub,INBOUND_VOICE_TIER1,Voice,Enterprise,Inbound,Tier 3,Banking,439,466,439,27,27,584,256376,33.83690987,17,8,9,72,6,91,62
2022-08-01,Monday,31,August,2022,13,Poland,EMEA,Poland Hub,RETENTION_VOICE_T2,Chat,Enterprise,Retention,Tier 1,Retail,219,242,221,21,21,841,185861,72.97933884,24,6,7,72,5,86,65
2022-08-27,Saturday,34,August,2022,2,Norway,EMEA,Norway Hub,OUTBOUND_SALES_T2,Email,Consumer,Outbound,Tier 1,E-commerce,108,116,93,23,23,713,66309,141.3706897,17,2,2,82,2,82,83
2021-08-28,Saturday,34,August,2021,0,Norway,EMEA,Norway Hub,EMEA_CORE_EMAIL_T2,Voice,Consumer,Support,Tier 2,Telecom,364,385,367,18,18,514,188638,24.03116883,31,6,8,88,7,75,90
2022-11-26,Saturday,47,November,2022,7,Poland,EMEA,Poland Hub,OUTBOUND_SALES_T2,Chat,Enterprise,Outbound,Tier 3,Telecom,73,82,82,0,0,761,62402,0.0,25,2,3,89,3,70,77
2021-05-04,Tuesday,18,May,2021,11,Portugal,EMEA,Portugal Hub,OUTBOUND_SALES_T2,Voice,Enterprise,Outbound,Tier 2,E-commerce,359,366,344,22,22,655,225320,39.3715847,22,7,9,88,8,89,89
2025-07-31,Thursday,31,July,2025,6,Spain,EMEA,Madrid,TECH_SUPPORT_EMAIL_T3,Chat,Enterprise,Tech Support,Tier 1,Healthcare,215,233,231,2,2,622,143682,5.339055794,26,4,5,68,3,72,86
2021-12-19,Sunday,50,December,2021,11,Netherlands,EMEA,Amsterdam,OUTBOUND_SALES_T2,Voice,Enterprise,Outbound,Tier 3,Retail,207,224,201,23,23,618,124218,63.45535714,35,4,5,75,4,90,76
2024-07-30,Tuesday,31,July,2024,19,Belgium,EMEA,Belgium Hub,EMEA_CORE_EMAIL_T2,Voice,Consumer,Support,Tier 1,Healthcare,442,459,443,16,16,277,122711,9.655773421,19,4,5,81,4,92,79
2023-12-23,Saturday,51,December,2023,10,Ireland,EMEA,Dublin,EMEA_CORE_EMAIL_T2,Email,Premium,Support,Tier 1,E-commerce,360,374,371,3,3,571,211841,4.580213904,15,7,8,69,6,85,81
2023-01-03,Tuesday,1,January,2023,21,South Africa,EMEA,Cape Town,EMEA_EMAIL_SUPPORT_T3,Chat,Enterprise,Support,Tier 1,Healthcare,341,355,352,3,3,866,304832,7.318309859,28,10,13,91,12,91,83
2022-10-03,Monday,40,October,2022,5,United Kingdom,EMEA,London,EMEA_CORE_EMAIL_TIER2,Chat,Consumer,Support,Tier 3,Retail,241,235,206,29,29,871,179426,107.4851064,16,6,7,89,6,86,90
2022-11-02,Wednesday,44,November,2022,20,Morocco,EMEA,Morocco Hub,EMEA_RETAIL_VOICE_T2,Chat,Consumer,Support,Tier 2,E-commerce,65,55,55,0,0,608,33440,0.0,21,1,1,78,1,83,81
2024-11-04,Monday,45,November,2024,18,Portugal,EMEA,Portugal Hub,EMEA_CHAT_SUPPORT_T1,Voice,Consumer,Support,Tier 2,Healthcare,261,281,261,20,20,499,130239,35.51601423,31,4,5,90,5,73,62
2021-07-03,Saturday,26,July,2021,11,Denmark,EMEA,Denmark Hub,EMEA_CHAT_SUPPORT_T1,Chat,Enterprise,Support,Tier 2,Retail,50,32,11,21,21,793,8723,520.40625,28,0,0,77,0,90,76
2021-02-08,Monday,6,February,2021,21,Greece,EMEA,Greece Hub,CUSTOMER_SUPPORT_CHAT_T1,Chat,Premium,Customer Support,Tier 2,Healthcare,267,292,277,15,15,193,53461,9.914383562,26,1,1,73,1,90,87
2024-12-11,Wednesday,50,December,2024,8,Slovakia,EMEA,Slovakia Hub,EMEA_RETAIL_VOICE_T2,Chat,Consumer,Support,Tier 3,E-commerce,337,349,334,15,15,324,108216,13.92550143,23,3,4,66,3,90,84
2024-10-29,Tuesday,44,October,2024,0,Denmark,EMEA,Denmark Hub,OUTBOUND_SALES_T2,Chat,Enterprise,Outbound,Tier 3,Telecom,160,187,181,6,6,800,144800,25.6684492,16,5,6,88,5,88,77
2021-11-05,Friday,44,November,2021,0,Czech Republic,EMEA,Czech Republic Hub,EMEA_RETAIL_VOICE_T2,Email,Premium,Support,Tier 1,Banking,181,169,159,10,10,869,138171,51.42011834,27,4,5,81,4,81,72
2025-10-26,Sunday,43,October,2025,4,Russia,EMEA,Russia Hub,EMEA_EMAIL_SUPPORT_T3,Chat,Consumer,Support,Tier 1,Banking,55,60,59,1,1,343,20237,5.716666667,17,0,0,82,0,88,75
2025-06-17,Tuesday,25,June,2025,6,Sweden,EMEA,Sweden Hub,EMEA_CORE_EMAIL_TIER2,Email,Consumer,Support,Tier 3,Retail,154,157,152,5,5,709,107768,22.57961783,26,3,4,70,3,71,77
2025-12-11,Thursday,50,December,2025,5,Spain,EMEA,Madrid,OUTBOUND_SALES_T2,Email,Consumer,Outbound,Tier 3,Telecom,104,98,72,26,26,488,35136,129.4693878,29,1,1,67,1,72,63
2022-10-29,Saturday,43,October,2022,4,Spain,EMEA,Madrid,RETENTION_VOICE_T2,Voice,Enterprise,Retention,Tier 2,Healthcare,106,131,129,2,2,239,30831,3.648854962,34,1,1,71,1,73,64
2024-12-23,Monday,52,December,2024,5,Slovenia,EMEA,Slovenia Hub,TECH_SUPPORT_EMAIL_T3,Chat,Premium,Tech Support,Tier 3,Telecom,440,447,421,26,26,261,109881,15.18120805,22,3,4,69,3,71,80
2022-01-06,Thursday,1,January,2022,9,Portugal,EMEA,Portugal Hub,EMEA_RETAIL_VOICE_T2,Chat,Enterprise,Support,Tier 3,Telecom,227,216,202,14,14,185,37370,11.99074074,32,1,1,65,1,78,82
2022-04-15,Friday,15,April,2022,15,Bulgaria,EMEA,Bulgaria Hub,EMEA_RETAIL_VOICE_T2,Chat,Premium,Support,Tier 3,Retail,387,413,399,14,14,245,97755,8.305084746,16,3,3,92,3,95,77
2021-02-11,Thursday,6,February,2021,19,Iceland,EMEA,Iceland Hub,EMEA_CORE_EMAIL_T2,Chat,Premium,Support,Tier 3,E-commerce,499,482,467,15,15,439,205013,13.66182573,21,7,8,67,5,80,79
2021-02-11,Thursday,6,February,2021,10,Portugal,EMEA,Portugal Hub,TECH_SUPPORT_EMAIL_T3,Chat,Enterprise,Tech Support,Tier 3,Retail,114,95,95,0,0,822,78090,0.0,19,2,2,67,1,80,74
2022-04-27,Wednesday,17,April,2022,8,Slovakia,EMEA,Slovakia Hub,RETENTION_VOICE_T2,Voice,Consumer,Retention,Tier 3,Banking,342,338,328,10,10,761,249608,22.5147929,32,8,11,94,10,78,86
2023-10-28,Saturday,43,October,2023,14,Romania,EMEA,Romania Hub,EMEA_CHAT_SUPPORT_T1,Voice,Enterprise,Support,Tier 2,Retail,263,281,258,23,23,221,57018,18.08896797,20,1,1,68,1,93,68
2024-07-21,Sunday,29,July,2024,3,Kenya,EMEA,Kenya Hub,EMEA_EMAIL_SUPPORT_T3,Voice,Premium,Support,Tier 1,Telecom,361,384,376,8,8,780,293280,16.25,31,10,13,66,9,70,85
2021-06-27,Sunday,25,June,2021,12,Slovenia,EMEA,Slovenia Hub,EMEA_CORE_EMAIL_T2,Voice,Premium,Support,Tier 3,E-commerce,367,381,368,13,13,402,147936,13.71653543,26,5,6,78,5,92,71
2024-11-03,Sunday,44,November,2024,8,Portugal,EMEA,Portugal Hub,RETENTION_VOICE_T2,Email,Premium,Retention,Tier 1,Retail,200,186,160,26,26,252,40320,35.22580645,25,1,1,74,1,95,78
2023-05-03,Wednesday,18,May,2023,19,Poland,EMEA,Poland Hub,INBOUND_VOICE_TIER1,Chat,Enterprise,Inbound,Tier 1,Healthcare,246,243,222,21,21,335,74370,28.95061728,28,2,3,72,2,92,77
2024-03-26,Tuesday,13,March,2024,7,Norway,EMEA,Norway Hub,RETENTION_VOICE_T2,Voice,Enterprise,Retention,Tier 3,Healthcare,172,199,186,13,13,267,49662,17.44221106,15,1,1,79,1,95,64
2022-04-15,Friday,15,April,2022,21,Sweden,EMEA,Sweden Hub,EMEA_CHAT_SUPPORT_T1,Chat,Premium,Support,Tier 2,E-commerce,113,139,127,12,12,192,24384,16.57553957,18,0,0,85,0,85,71
2025-11-06,Thursday,45,November,2025,22,Slovakia,EMEA,Slovakia Hub,EMEA_CHAT_SUPPORT_T1,Voice,Premium,Support,Tier 1,Telecom,147,144,130,14,14,335,43550,32.56944444,24,1,1,72,1,83,80
2021-04-02,Friday,13,April,2021,10,Poland,EMEA,Poland Hub,TECH_SUPPORT_EMAIL_T3,Voice,Consumer,Tech Support,Tier 3,Telecom,98,123,109,14,14,385,41965,43.82113821,29,1,1,84,1,73,71
2023-05-30,Tuesday,22,May,2023,12,Czech Republic,EMEA,Czech Republic Hub,OUTBOUND_SALES_T2,Voice,Premium,Outbound,Tier 2,E-commerce,122,151,124,27,27,666,82584,119.0860927,19,2,2,73,1,72,84
2022-04-24,Sunday,16,April,2022,8,Luxembourg,EMEA,Luxembourg Hub,EMEA_EMAIL_SUPPORT_T3,Email,Consumer,Support,Tier 2,Telecom,466,464,446,18,18,889,396494,34.48706897,18,13,15,72,11,88,78
2024-03-07,Thursday,10,March,2024,14,Hungary,EMEA,Hungary Hub,RETENTION_VOICE_T2,Chat,Premium,Retention,Tier 1,Telecom,432,420,390,30,30,295,115050,21.07142857,33,3,4,72,3,77,89
2021-11-05,Friday,44,November,2021,5,Morocco,EMEA,Morocco Hub,EMEA_CORE_EMAIL_T2,Chat,Enterprise,Support,Tier 3,Banking,61,42,25,17,17,492,12300,199.1428571,15,0,0,70,0,78,77
2024-02-05,Monday,6,February,2024,7,United Kingdom,EMEA,London,TECH_SUPPORT_EMAIL_T3,Email,Consumer,Tech Support,Tier 3,Retail,351,380,360,20,20,217,78120,11.42105263,33,2,3,94,3,76,80
2025-05-30,Friday,22,May,2025,2,Slovenia,EMEA,Slovenia Hub,EMEA_CHAT_SUPPORT_T1,Chat,Enterprise,Support,Tier 1,Healthcare,82,72,57,15,15,499,28443,103.9583333,22,0,0,71,0,84,70
2024-11-25,Monday,48,November,2024,7,United Kingdom,EMEA,London,EMEA_CORE_EMAIL_TIER2,Voice,Consumer,Support,Tier 1,Banking,144,141,140,1,1,750,105000,5.319148936,22,3,4,67,3,70,66
2022-07-26,Tuesday,30,July,2022,4,Slovenia,EMEA,Slovenia Hub,EMEA_CORE_EMAIL_T2,Voice,Premium,Support,Tier 2,Retail,475,494,475,19,19,749,355775,28.80769231,25,12,15,80,12,85,78
2022-06-19,Sunday,24,June,2022,8,Belgium,EMEA,Belgium Hub,EMEA_CHAT_SUPPORT_T1,Chat,Premium,Support,Tier 2,Telecom,347,352,342,10,10,550,188100,15.625,17,6,7,80,6,76,89
2021-12-15,Wednesday,50,December,2021,5,Poland,EMEA,Poland Hub,EMEA_EMAIL_SUPPORT_T3,Voice,Premium,Support,Tier 3,Retail,336,331,303,28,28,392,118776,33.16012085,20,4,5,89,4,86,77
2024-12-18,Wednesday,51,December,2024,11,Kenya,EMEA,Kenya Hub,EMEA_CORE_EMAIL_T2,Chat,Consumer,Support,Tier 3,Telecom,453,456,428,28,28,620,265360,38.07017544,24,9,11,87,10,94,86
2025-01-10,Friday,2,January,2025,16,Poland,EMEA,Poland Hub,OUTBOUND_SALES_T2,Voice,Consumer,Outbound,Tier 1,Banking,262,267,259,8,8,214,55426,6.411985019,25,1,1,92,1,84,88
2023-06-13,Tuesday,24,June,2023,18,Kenya,EMEA,Kenya Hub,CUSTOMER_SUPPORT_CHAT_T1,Voice,Enterprise,Customer Support,Tier 3,Retail,293,321,295,26,26,517,152515,41.87538941,20,5,6,79,5,84,89
2021-10-15,Friday,41,October,2021,13,United Kingdom,EMEA,London,OUTBOUND_SALES_T2,Chat,Premium,Outbound,Tier 1,Telecom,297,321,292,29,29,505,147460,45.62305296,16,5,6,74,4,72,75
2023-02-04,Saturday,5,February,2023,21,Belgium,EMEA,Belgium Hub,EMEA_RETAIL_VOICE_T2,Chat,Consumer,Support,Tier 3,Retail,409,429,412,17,17,719,296228,28.49184149,33,10,13,76,10,79,62
2023-03-16,Thursday,11,March,2023,14,Germany,EMEA,Berlin,RETENTION_VOICE_T2,Voice,Consumer,Retention,Tier 3,Retail,322,351,347,4,4,781,271007,8.9002849,28,9,12,79,9,75,71
2023-09-22,Friday,38,September,2023,10,Kenya,EMEA,Kenya Hub,RETENTION_VOICE_T2,Email,Enterprise,Retention,Tier 2,Banking,207,232,202,30,30,758,153116,98.01724138,22,5,6,83,5,71,89
2025-11-16,Sunday,46,November,2025,12,Italy,EMEA,Rome,TECH_SUPPORT_EMAIL_T3,Chat,Consumer,Tech Support,Tier 3,Retail,446,458,458,0,0,825,377850,0.0,16,13,15,87,13,89,69
2021-12-26,Sunday,51,December,2021,7,Greece,EMEA,Greece Hub,RETENTION_VOICE_T2,Voice,Premium,Retention,Tier 3,Telecom,494,520,505,15,15,720,363600,20.76923077,31,12,16,67,11,74,81
2023-11-11,Saturday,45,November,2023,5,Russia,EMEA,Russia Hub,EMEA_EMAIL_SUPPORT_T3,Email,Premium,Support,Tier 2,Banking,456,440,431,9,9,581,250411,11.88409091,30,8,10,88,9,83,87
2024-04-26,Friday,17,April,2024,16,Iceland,EMEA,Iceland Hub,EMEA_CORE_EMAIL_TIER2,Voice,Premium,Support,Tier 2,Banking,165,187,170,17,17,538,91460,48.90909091,15,3,3,66,2,90,78
2022-08-03,Wednesday,31,August,2022,2,France,EMEA,Paris,RETENTION_VOICE_T2,Chat,Premium,Retention,Tier 2,Telecom,167,150,124,26,26,348,43152,60.32,23,1,1,91,1,87,64
2021-06-17,Thursday,24,June,2021,0,Finland,EMEA,Finland Hub,TECH_SUPPORT_EMAIL_T3,Email,Consumer,Tech Support,Tier 2,Banking,341,361,355,6,6,464,164720,7.711911357,24,5,6,83,5,83,88
2025-05-14,Wednesday,20,May,2025,7,Poland,EMEA,Poland Hub,EMEA_CORE_EMAIL_TIER2,Email,Premium,Support,Tier 1,Telecom,437,448,437,11,11,258,112746,6.334821429,31,3,4,78,3,82,80
2025-03-11,Tuesday,11,March,2025,0,South Africa,EMEA,Cape Town,EMEA_CHAT_SUPPORT_T1,Email,Consumer,Support,Tier 2,Retail,376,383,378,5,5,797,301266,10.40469974,26,10,13,87,11,94,67
2021-04-03,Saturday,13,April,2021,3,United Kingdom,EMEA,London,EMEA_RETAIL_VOICE_T2,Voice,Consumer,Support,Tier 2,Telecom,194,211,208,3,3,883,183664,12.55450237,20,6,7,78,5,90,67
2022-03-27,Sunday,12,March,2022,23,France,EMEA,Paris,RETENTION_VOICE_T2,Chat,Enterprise,Retention,Tier 1,E-commerce,489,516,505,11,11,866,437330,18.46124031,35,15,20,78,16,76,87
2025-11-05,Wednesday,45,November,2025,14,Slovenia,EMEA,Slovenia Hub,EMEA_RETAIL_VOICE_T2,Chat,Premium,Support,Tier 2,E-commerce,103,110,110,0,0,367,40370,0.0,22,1,1,92,1,77,63
2024-12-11,Wednesday,50,December,2024,8,Netherlands,EMEA,Amsterdam,EMEA_CHAT_SUPPORT_T1,Voice,Premium,Support,Tier 1,Retail,243,264,240,24,24,263,63120,23.90909091,27,2,3,65,2,91,86
2021-04-10,Saturday,14,April,2021,0,Germany,EMEA,Berlin,EMEA_CHAT_SUPPORT_T1,Voice,Premium,Support,Tier 1,Telecom,256,277,276,1,1,254,70104,0.916967509,19,2,2,81,2,91,66
2021-03-15,Monday,11,March,2021,14,Finland,EMEA,Finland Hub,EMEA_EMAIL_SUPPORT_T3,Chat,Consumer,Support,Tier 1,Banking,124,142,116,26,26,701,81316,128.3521127,35,2,3,93,3,78,71
2021-04-11,Sunday,14,April,2021,18,Ukraine,EMEA,Ukraine Hub,EMEA_CORE_EMAIL_T2,Voice,Premium,Support,Tier 1,Banking,463,480,454,26,26,624,283296,33.8,17,9,11,91,10,70,77
2022-11-17,Thursday,46,November,2022,12,Belgium,EMEA,Belgium Hub,TECH_SUPPORT_EMAIL_T3,Voice,Consumer,Tech Support,Tier 1,Telecom,374,389,364,25,25,775,282100,49.80719794,24,9,11,65,7,78,78
2023-09-12,Tuesday,37,September,2023,10,Israel,EMEA,Israel Hub,EMEA_CHAT_SUPPORT_T1,Voice,Premium,Support,Tier 3,Retail,397,409,388,21,21,603,233964,30.9608802,21,8,10,91,9,88,85
2022-09-30,Friday,39,September,2022,16,Spain,EMEA,Madrid,TECH_SUPPORT_EMAIL_T3,Chat,Consumer,Tech Support,Tier 1,Banking,53,76,46,30,30,825,37950,325.6578947,25,1,1,81,1,85,68
2024-08-04,Sunday,31,August,2024,5,Italy,EMEA,Rome,EMEA_RETAIL_VOICE_T2,Email,Consumer,Support,Tier 2,Telecom,215,236,221,15,15,847,187187,53.83474576,22,6,7,72,5,72,67
2022-04-07,Thursday,14,April,2022,16,Ireland,EMEA,Dublin,CUSTOMER_SUPPORT_CHAT_T1,Email,Consumer,Customer Support,Tier 3,Healthcare,296,303,288,15,15,295,84960,14.6039604,35,2,3,74,2,89,66
2023-11-19,Sunday,46,November,2023,16,Germany,EMEA,Berlin,EMEA_CORE_EMAIL_T2,Email,Consumer,Support,Tier 3,Retail,474,488,478,10,10,607,290146,12.43852459,16,10,12,75,9,78,66
2022-01-05,Wednesday,1,January,2022,19,Luxembourg,EMEA,Luxembourg Hub,CUSTOMER_SUPPORT_CHAT_T1,Chat,Consumer,Customer Support,Tier 3,Retail,325,310,287,23,23,632,181384,46.89032258,28,6,8,89,7,93,66
2024-01-21,Sunday,3,January,2024,17,Kenya,EMEA,Kenya Hub,EMEA_CORE_EMAIL_TIER2,Email,Enterprise,Support,Tier 3,E-commerce,353,365,365,0,0,838,305870,0.0,17,10,12,72,9,83,74
2022-04-23,Saturday,16,April,2022,9,France,EMEA,Paris,EMEA_RETAIL_VOICE_T2,Voice,Premium,Support,Tier 2,Banking,205,235,212,23,23,227,48124,22.21702128,27,1,1,83,1,81,90
2022-10-22,Saturday,42,October,2022,21,Denmark,EMEA,Denmark Hub,RETENTION_VOICE_T2,Email,Premium,Retention,Tier 1,E-commerce,101,97,67,30,30,459,30753,141.9587629,30,1,1,80,1,76,81
2022-08-30,Tuesday,35,August,2022,4,Germany,EMEA,Berlin,RETENTION_VOICE_T2,Voice,Consumer,Retention,Tier 1,Telecom,55,45,35,10,10,532,18620,118.2222222,20,0,0,79,0,73,87
2024-08-02,Friday,31,August,2024,5,Slovakia,EMEA,Slovakia Hub,EMEA_RETAIL_VOICE_T2,Chat,Consumer,Support,Tier 3,Healthcare,325,334,322,12,12,815,262430,29.28143713,20,9,11,65,7,92,73
2024-04-08,Monday,15,April,2024,18,Morocco,EMEA,Morocco Hub,EMEA_CORE_EMAIL_TIER2,Voice,Premium,Support,Tier 2,Healthcare,94,107,91,16,16,723,65793,108.1121495,29,2,3,90,3,93,69
2023-06-03,Saturday,22,June,2023,15,Slovakia,EMEA,Slovakia Hub,TECH_SUPPORT_EMAIL_T3,Voice,Enterprise,Tech Support,Tier 1,Banking,115,138,116,22,22,182,21112,29.01449275,29,0,0,87,0,90,80
2024-12-20,Friday,51,December,2024,15,Hungary,EMEA,Hungary Hub,INBOUND_VOICE_TIER1,Chat,Premium,Inbound,Tier 1,Retail,150,172,165,7,7,653,107745,26.5755814,23,3,4,73,3,88,85
2023-02-10,Friday,6,February,2023,11,Slovakia,EMEA,Slovakia Hub,TECH_SUPPORT_EMAIL_T3,Chat,Consumer,Tech Support,Tier 2,Healthcare,224,241,213,28,28,496,105648,57.62655602,32,3,4,80,3,80,74
2023-09-22,Friday,38,September,2023,13,Kenya,EMEA,Kenya Hub,EMEA_CORE_EMAIL_T2,Email,Consumer,Support,Tier 3,E-commerce,170,173,172,1,1,658,113176,3.803468208,21,3,4,81,3,83,79
2023-07-13,Thursday,28,July,2023,4,Hungary,EMEA,Hungary Hub,EMEA_CORE_EMAIL_T2,Email,Premium,Support,Tier 3,Telecom,415,419,417,2,2,611,254787,2.91646778,18,8,9,65,6,92,63
2023-10-04,Wednesday,40,October,2023,18,Russia,EMEA,Russia Hub,EMEA_CORE_EMAIL_T2,Voice,Enterprise,Support,Tier 1,E-commerce,191,211,187,24,24,528,98736,60.05687204,19,3,4,77,3,83,69
2023-06-01,Thursday,22,June,2023,9,Portugal,EMEA,Portugal Hub,EMEA_CORE_EMAIL_T2,Chat,Premium,Support,Tier 2,Retail,340,323,312,11,11,435,135720,14.81424149,34,4,5,95,5,86,74
2025-07-06,Sunday,27,July,2025,14,Kenya,EMEA,Kenya Hub,RETENTION_VOICE_T2,Chat,Premium,Retention,Tier 2,Retail,224,214,206,8,8,868,178808,32.44859813,25,6,8,87,7,72,86
2023-03-06,Monday,10,March,2023,21,South Africa,EMEA,Cape Town,EMEA_EMAIL_SUPPORT_T3,Chat,Enterprise,Support,Tier 2,Banking,420,420,394,26,26,703,276982,43.51904762,32,9,12,93,11,84,64
2021-06-08,Tuesday,23,June,2021,12,Turkey,EMEA,Turkey Hub,EMEA_EMAIL_SUPPORT_T3,Email,Enterprise,Support,Tier 3,E-commerce,442,428,407,21,21,682,277574,33.46261682,20,9,11,86,9,93,89
2023-01-07,Saturday,1,January,2023,1,Belgium,EMEA,Belgium Hub,EMEA_CORE_EMAIL_T2,Email,Enterprise,Support,Tier 1,E-commerce,225,210,206,4,4,414,85284,7.885714286,24,2,2,80,2,74,90
2022-09-08,Thursday,36,September,2022,4,Belgium,EMEA,Belgium Hub,EMEA_CORE_EMAIL_T2,Chat,Enterprise,Support,Tier 1,Banking,121,148,131,17,17,644,84364,73.97297297,18,2,2,70,1,74,87
2023-05-31,Wednesday,22,May,2023,2,Czech Republic,EMEA,Czech Republic Hub,EMEA_CORE_EMAIL_T2,Email,Consumer,Support,Tier 1,Banking,300,326,308,18,18,353,108724,19.49079755,25,3,4,66,3,94,79
2021-03-19,Friday,11,March,2021,20,Finland,EMEA,Finland Hub,EMEA_RETAIL_VOICE_T2,Chat,Consumer,Support,Tier 2,Healthcare,326,327,298,29,29,305,90890,27.04892966,30,3,4,89,4,83,71
2022-01-24,Monday,4,January,2022,23,Belgium,EMEA,Belgium Hub,INBOUND_VOICE_TIER1,Voice,Consumer,Inbound,Tier 3,Retail,221,236,216,20,20,576,124416,48.81355932,24,4,5,94,5,70,60
2023-02-03,Friday,5,February,2023,0,Kenya,EMEA,Kenya Hub,EMEA_EMAIL_SUPPORT_T3,Email,Enterprise,Support,Tier 2,Banking,62,65,61,4,4,687,41907,42.27692308,19,1,1,86,1,77,67
2021-01-10,Sunday,1,January,2021,10,France,EMEA,Paris,EMEA_CHAT_SUPPORT_T1,Chat,Premium,Support,Tier 2,Banking,237,228,203,25,25,341,69223,37.39035088,17,2,2,81,2,92,67
2023-04-14,Friday,15,April,2023,17,Greece,EMEA,Greece Hub,TECH_SUPPORT_EMAIL_T3,Voice,Consumer,Tech Support,Tier 1,Healthcare,343,335,310,25,25,875,271250,65.29850746,15,9,10,69,7,88,76
2025-12-19,Friday,51,December,2025,9,France,EMEA,Paris,EMEA_CORE_EMAIL_TIER2,Email,Enterprise,Support,Tier 3,Retail,345,351,346,5,5,557,192722,7.934472935,19,6,7,67,5,76,65
2023-08-17,Thursday,33,August,2023,9,Bulgaria,EMEA,Bulgaria Hub,CUSTOMER_SUPPORT_CHAT_T1,Chat,Premium,Customer Support,Tier 3,Healthcare,62,78,72,6,6,706,50832,54.30769231,32,1,1,68,1,82,66
2021-05-30,Sunday,21,May,2021,23,Kenya,EMEA,Kenya Hub,OUTBOUND_SALES_T2,Voice,Premium,Outbound,Tier 1,Telecom,116,111,106,5,5,713,75578,32.11711712,31,2,3,85,3,79,64
2025-02-19,Wednesday,8,February,2025,2,Netherlands,EMEA,Amsterdam,EMEA_EMAIL_SUPPORT_T3,Voice,Consumer,Support,Tier 3,Healthcare,397,385,355,30,30,690,244950,53.76623377,32,8,11,92,10,89,70
2023-01-01,Sunday,52,January,2023,11,Hungary,EMEA,Hungary Hub,TECH_SUPPORT_EMAIL_T3,Voice,Premium,Tech Support,Tier 2,E-commerce,151,179,165,14,14,548,90420,42.8603352,21,3,4,69,3,81,66
2021-10-20,Wednesday,42,October,2021,15,Ukraine,EMEA,Ukraine Hub,INBOUND_VOICE_TIER1,Voice,Consumer,Inbound,Tier 3,Retail,158,175,150,25,25,294,44100,42.0,18,1,1,68,1,81,62
2025-08-19,Tuesday,34,August,2025,2,Czech Republic,EMEA,Czech Republic Hub,EMEA_CORE_EMAIL_T2,Voice,Consumer,Support,Tier 3,E-commerce,142,159,151,8,8,651,98301,32.75471698,22,3,4,88,4,92,72
2023-10-22,Sunday,42,October,2023,8,Israel,EMEA,Israel Hub,EMEA_CORE_EMAIL_T2,Email,Consumer,Support,Tier 2,Telecom,243,243,224,19,19,406,90944,31.74485597,32,3,4,91,4,80,87
2024-09-29,Sunday,39,September,2024,23,Belgium,EMEA,Belgium Hub,TECH_SUPPORT_EMAIL_T3,Voice,Enterprise,Tech Support,Tier 3,Healthcare,112,106,100,6,6,802,80200,45.39622642,15,2,2,83,2,80,85
2023-02-09,Thursday,6,February,2023,9,Portugal,EMEA,Portugal Hub,TECH_SUPPORT_EMAIL_T3,Voice,Premium,Tech Support,Tier 2,E-commerce,199,219,211,8,8,726,153186,26.52054795,35,5,7,67,5,86,78
2022-06-19,Sunday,24,June,2022,4,Morocco,EMEA,Morocco Hub,EMEA_RETAIL_VOICE_T2,Email,Consumer,Support,Tier 2,Retail,242,224,208,16,16,815,169520,58.21428571,22,5,6,80,5,73,89
2021-01-24,Sunday,3,January,2021,2,Iceland,EMEA,Iceland Hub,OUTBOUND_SALES_T2,Voice,Consumer,Outbound,Tier 3,Healthcare,398,382,364,18,18,259,94276,12.20418848,28,3,4,83,3,82,90
2025-01-23,Thursday,4,January,2025,6,Turkey,EMEA,Turkey Hub,OUTBOUND_SALES_T2,Email,Premium,Outbound,Tier 1,Telecom,337,354,333,21,21,229,76257,13.58474576,33,2,3,91,3,78,75
2023-08-13,Sunday,32,August,2023,13,South Africa,EMEA,Cape Town,CUSTOMER_SUPPORT_CHAT_T1,Voice,Enterprise,Customer Support,Tier 2,Telecom,489,497,479,18,18,610,292190,22.09255533,30,10,13,86,11,87,69
2021-04-21,Wednesday,16,April,2021,19,Ukraine,EMEA,Ukraine Hub,EMEA_EMAIL_SUPPORT_T3,Email,Premium,Support,Tier 2,Telecom,400,407,387,20,20,359,138933,17.64127764,28,4,5,80,4,80,78
2022-12-14,Wednesday,50,December,2022,10,Iceland,EMEA,Iceland Hub,TECH_SUPPORT_EMAIL_T3,Chat,Consumer,Tech Support,Tier 2,E-commerce,289,301,276,25,25,431,118956,35.79734219,35,4,5,78,4,95,75
2023-07-26,Wednesday,30,July,2023,21,Finland,EMEA,Finland Hub,RETENTION_VOICE_T2,Voice,Premium,Retention,Tier 1,Retail,333,347,320,27,27,233,74560,18.129683,27,2,3,95,3,76,60
2023-02-01,Wednesday,5,February,2023,0,Luxembourg,EMEA,Luxembourg Hub,EMEA_CORE_EMAIL_T2,Email,Premium,Support,Tier 1,E-commerce,124,135,126,9,9,652,82152,43.46666667,28,2,3,77,2,75,78
2021-02-02,Tuesday,5,February,2021,20,Luxembourg,EMEA,Luxembourg Hub,EMEA_CORE_EMAIL_TIER2,Chat,Consumer,Support,Tier 2,Retail,232,247,229,18,18,617,141293,44.96356275,35,4,5,79,4,82,86
2023-04-25,Tuesday,17,April,2023,23,Morocco,EMEA,Morocco Hub,CUSTOMER_SUPPORT_CHAT_T1,Voice,Premium,Customer Support,Tier 2,E-commerce,383,387,376,11,11,799,300424,22.71059432,22,10,12,81,10,93,60
2022-12-30,Friday,52,December,2022,14,Denmark,EMEA,Denmark Hub,EMEA_EMAIL_SUPPORT_T3,Email,Premium,Support,Tier 3,Banking,351,345,324,21,21,842,272808,51.25217391,21,9,11,75,8,88,71
2022-03-12,Saturday,10,March,2022,3,Germany,EMEA,Berlin,INBOUND_VOICE_TIER1,Email,Enterprise,Inbound,Tier 2,Telecom,156,181,152,29,29,631,95912,101.0994475,16,3,3,88,3,82,61
2024-07-14,Sunday,28,July,2024,2,Belgium,EMEA,Belgium Hub,EMEA_RETAIL_VOICE_T2,Chat,Enterprise,Support,Tier 2,Retail,329,338,308,30,30,622,191576,55.20710059,27,6,8,88,7,81,60
2024-10-14,Monday,42,October,2024,9,Russia,EMEA,Russia Hub,EMEA_RETAIL_VOICE_T2,Chat,Enterprise,Support,Tier 1,Retail,281,294,280,14,14,322,90160,15.33333333,35,3,4,95,4,84,77
2024-12-10,Tuesday,50,December,2024,1,Ireland,EMEA,Dublin,OUTBOUND_SALES_T2,Voice,Premium,Outbound,Tier 1,Telecom,369,368,367,1,1,502,184234,1.364130435,19,6,7,75,5,86,67
2025-12-20,Saturday,51,December,2025,14,Ukraine,EMEA,Ukraine Hub,EMEA_EMAIL_SUPPORT_T3,Voice,Consumer,Support,Tier 3,Retail,238,231,229,2,2,891,204039,7.714285714,22,7,9,71,6,93,77
2022-06-25,Saturday,25,June,2022,15,Greece,EMEA,Greece Hub,RETENTION_VOICE_T2,Voice,Premium,Retention,Tier 2,Banking,200,221,212,9,9,552,117024,22.47963801,27,4,5,91,5,91,88
2022-06-30,Thursday,26,June,2022,21,Ukraine,EMEA,Ukraine Hub,EMEA_EMAIL_SUPPORT_T3,Email,Enterprise,Support,Tier 3,Healthcare,428,422,418,4,4,555,231990,5.260663507,20,8,10,68,7,91,63
2021-12-11,Saturday,49,December,2021,6,Czech Republic,EMEA,Czech Republic Hub,OUTBOUND_SALES_T2,Chat,Enterprise,Outbound,Tier 3,E-commerce,254,260,260,0,0,514,133640,0.0,22,4,5,74,4,85,80
2025-08-17,Sunday,33,August,2025,13,Poland,EMEA,Poland Hub,OUTBOUND_SALES_T2,Voice,Enterprise,Outbound,Tier 2,Banking,308,321,309,12,12,617,190653,23.06542056,23,6,7,80,6,92,89
2022-02-06,Sunday,5,February,2022,16,Russia,EMEA,Russia Hub,RETENTION_VOICE_T2,Email,Enterprise,Retention,Tier 3,E-commerce,269,253,224,29,29,780,174720,89.40711462,22,6,7,81,6,92,90
2021-05-15,Saturday,19,May,2021,5,Czech Republic,EMEA,Czech Republic Hub,EMEA_EMAIL_SUPPORT_T3,Email,Premium,Support,Tier 1,Banking,157,182,166,16,16,399,66234,35.07692308,21,2,2,75,2,88,85
2023-05-18,Thursday,20,May,2023,20,Israel,EMEA,Israel Hub,EMEA_RETAIL_VOICE_T2,Voice,Premium,Support,Tier 1,Healthcare,187,180,167,13,13,533,89011,38.49444444,25,3,4,69,3,94,86
2021-10-11,Monday,41,October,2021,7,Spain,EMEA,Madrid,EMEA_RETAIL_VOICE_T2,Voice,Consumer,Support,Tier 3,Banking,331,337,326,11,11,717,233742,23.40356083,15,8,9,81,7,75,66
2024-11-26,Tuesday,48,November,2024,13,Greece,EMEA,Greece Hub,EMEA_CHAT_SUPPORT_T1,Email,Consumer,Support,Tier 2,Retail,209,236,218,18,18,516,112488,39.3559322,33,3,4,84,3,80,79
2024-12-02,Monday,49,December,2024,14,Romania,EMEA,Romania Hub,EMEA_CHAT_SUPPORT_T1,Voice,Enterprise,Support,Tier 3,Telecom,195,198,173,25,25,368,63664,46.46464646,33,2,3,93,3,91,81
2025-12-06,Saturday,49,December,2025,18,Kenya,EMEA,Kenya Hub,TECH_SUPPORT_EMAIL_T3,Voice,Consumer,Tech Support,Tier 3,Telecom,420,431,414,17,17,398,164772,15.69837587,23,5,6,68,4,73,69
2024-04-25,Thursday,17,April,2024,20,Belgium,EMEA,Belgium Hub,OUTBOUND_SALES_T2,Voice,Consumer,Outbound,Tier 2,Telecom,497,524,510,14,14,299,152490,7.988549618,26,5,6,77,5,87,90
2023-06-29,Thursday,26,June,2023,7,Finland,EMEA,Finland Hub,EMEA_RETAIL_VOICE_T2,Chat,Enterprise,Support,Tier 1,Healthcare,239,252,246,6,6,829,203934,19.73809524,32,7,9,76,7,72,69
2023-12-13,Wednesday,50,December,2023,19,Israel,EMEA,Israel Hub,EMEA_RETAIL_VOICE_T2,Voice,Consumer,Support,Tier 3,Banking,396,387,380,7,7,587,223060,10.61757106,18,7,8,86,7,70,76
2023-05-18,Thursday,20,May,2023,11,Greece,EMEA,Greece Hub,EMEA_CORE_EMAIL_TIER2,Email,Enterprise,Support,Tier 1,Healthcare,250,233,203,30,30,381,77343,49.05579399,18,2,2,80,2,90,67
2024-02-22,Thursday,8,February,2024,12,Denmark,EMEA,Denmark Hub,TECH_SUPPORT_EMAIL_T3,Chat,Enterprise,Tech Support,Tier 2,E-commerce,340,331,326,5,5,687,223962,10.3776435,32,7,9,75,7,73,65
2025-09-01,Monday,36,September,2025,3,Poland,EMEA,Poland Hub,INBOUND_VOICE_TIER1,Email,Premium,Inbound,Tier 2,Banking,124,141,119,22,22,629,74851,98.14184397,16,2,2,84,2,86,78
2023-04-03,Monday,14,April,2023,7,Poland,EMEA,Poland Hub,EMEA_RETAIL_VOICE_T2,Voice,Consumer,Support,Tier 3,Banking,171,168,141,27,27,838,118158,134.6785714,26,4,5,83,4,92,69
2022-10-15,Saturday,41,October,2022,21,Finland,EMEA,Finland Hub,OUTBOUND_SALES_T2,Voice,Enterprise,Outbound,Tier 1,E-commerce,238,224,224,0,0,637,142688,0.0,15,4,5,95,5,93,63
2023-02-27,Monday,9,February,2023,10,Romania,EMEA,Romania Hub,INBOUND_VOICE_TIER1,Voice,Premium,Inbound,Tier 3,Telecom,300,323,322,1,1,774,249228,2.39628483,21,8,10,92,9,93,77
2024-01-24,Wednesday,4,January,2024,2,United Kingdom,EMEA,London,OUTBOUND_SALES_T2,Chat,Enterprise,Outbound,Tier 2,Healthcare,103,94,90,4,4,547,49230,23.27659574,24,1,1,75,1,90,67
2025-07-30,Wednesday,31,July,2025,7,Morocco,EMEA,Morocco Hub,EMEA_CHAT_SUPPORT_T1,Email,Premium,Support,Tier 2,Telecom,405,387,376,11,11,544,204544,15.4625323,27,7,9,92,8,95,66
2025-08-20,Wednesday,34,August,2025,11,Italy,EMEA,Rome,EMEA_EMAIL_SUPPORT_T3,Chat,Premium,Support,Tier 3,Retail,159,181,161,20,20,895,144095,98.89502762,19,5,6,83,5,95,87
2021-11-12,Friday,45,November,2021,6,Finland,EMEA,Finland Hub,OUTBOUND_SALES_T2,Voice,Enterprise,Outbound,Tier 3,Banking,314,331,327,4,4,764,249828,9.232628399,22,8,10,87,9,95,78
2023-12-30,Saturday,52,December,2023,12,Poland,EMEA,Poland Hub,RETENTION_VOICE_T2,Chat,Consumer,Retention,Tier 1,E-commerce,305,313,306,7,7,887,271422,19.8370607,35,9,12,78,9,72,89
2025-03-25,Tuesday,13,March,2025,13,Netherlands,EMEA,Amsterdam,OUTBOUND_SALES_T2,Chat,Premium,Outbound,Tier 1,Retail,102,121,105,16,16,623,65415,82.38016529,28,2,3,88,3,89,69
2023-03-22,Wednesday,12,March,2023,21,Greece,EMEA,Greece Hub,OUTBOUND_SALES_T2,Voice,Premium,Outbound,Tier 2,Healthcare,358,373,372,1,1,584,217248,1.565683646,31,7,9,84,8,78,64
2022-01-17,Monday,3,January,2022,6,Poland,EMEA,Poland Hub,EMEA_EMAIL_SUPPORT_T3,Chat,Consumer,Support,Tier 3,Retail,75,95,83,12,12,394,32702,49.76842105,34,1,1,89,1,77,77
2024-05-15,Wednesday,20,May,2024,13,United Kingdom,EMEA,London,EMEA_CORE_EMAIL_TIER2,Voice,Consumer,Support,Tier 1,Banking,92,118,105,13,13,591,62055,65.11016949,25,2,3,93,3,89,60
2025-07-11,Friday,28,July,2025,23,Luxembourg,EMEA,Luxembourg Hub,TECH_SUPPORT_EMAIL_T3,Voice,Enterprise,Tech Support,Tier 3,Banking,408,391,385,6,6,367,141295,5.631713555,16,4,5,86,4,92,89
2025-09-16,Tuesday,38,September,2025,17,Netherlands,EMEA,Amsterdam,EMEA_CORE_EMAIL_T2,Chat,Consumer,Support,Tier 1,Retail,458,443,438,5,5,552,241776,6.230248307,27,8,10,94,9,81,80
2024-11-29,Friday,48,November,2024,19,South Africa,EMEA,Cape Town,EMEA_CHAT_SUPPORT_T1,Chat,Consumer,Support,Tier 3,Telecom,381,395,377,18,18,472,177944,21.50886076,23,6,7,89,6,90,74
2023-08-25,Friday,34,August,2023,0,Belgium,EMEA,Belgium Hub,EMEA_RETAIL_VOICE_T2,Email,Consumer,Support,Tier 1,Banking,168,195,190,5,5,451,85690,11.56410256,35,2,3,74,2,89,66
2022-12-14,Wednesday,50,December,2022,8,Norway,EMEA,Norway Hub,INBOUND_VOICE_TIER1,Voice,Consumer,Inbound,Tier 3,E-commerce,162,177,176,1,1,673,118448,3.802259887,22,4,5,66,3,94,62
2023-10-24,Tuesday,43,October,2023,22,Finland,EMEA,Finland Hub,EMEA_CORE_EMAIL_TIER2,Chat,Enterprise,Support,Tier 2,E-commerce,383,383,377,6,6,478,180206,7.488250653,18,6,7,90,6,88,73
2025-06-14,Saturday,24,June,2025,5,Sweden,EMEA,Sweden Hub,INBOUND_VOICE_TIER1,Email,Enterprise,Inbound,Tier 1,Healthcare,484,513,513,0,0,472,242136,0.0,27,8,10,90,9,75,68
2023-11-14,Tuesday,46,November,2023,19,United Kingdom,EMEA,London,EMEA_RETAIL_VOICE_T2,Email,Consumer,Support,Tier 3,E-commerce,252,277,252,25,25,211,53172,19.0433213,25,1,1,82,1,90,77
2022-05-06,Friday,18,May,2022,7,South Africa,EMEA,Cape Town,EMEA_CHAT_SUPPORT_T1,Voice,Consumer,Support,Tier 3,Retail,284,300,295,5,5,593,174935,9.883333333,31,6,8,76,6,70,82
2025-10-18,Saturday,42,October,2025,0,Finland,EMEA,Finland Hub,EMEA_RETAIL_VOICE_T2,Email,Premium,Support,Tier 2,Telecom,110,120,105,15,15,735,77175,91.875,34,2,3,84,3,70,66
2022-08-01,Monday,31,August,2022,9,Finland,EMEA,Finland Hub,EMEA_CORE_EMAIL_T2,Voice,Enterprise,Support,Tier 2,Banking,406,402,379,23,23,423,160317,24.20149254,31,5,7,91,6,82,90
2024-01-14,Sunday,2,January,2024,15,Hungary,EMEA,Hungary Hub,EMEA_CORE_EMAIL_TIER2,Chat,Enterprise,Support,Tier 2,Telecom,103,115,91,24,24,883,80353,184.2782609,18,2,2,70,1,95,75
2024-06-07,Friday,23,June,2024,5,Ireland,EMEA,Dublin,EMEA_CORE_EMAIL_T2,Email,Enterprise,Support,Tier 1,E-commerce,269,266,263,3,3,322,84686,3.631578947,23,2,2,78,2,92,60
2025-10-21,Tuesday,43,October,2025,13,South Africa,EMEA,Cape Town,EMEA_RETAIL_VOICE_T2,Chat,Premium,Support,Tier 1,Retail,372,377,375,2,2,572,214500,3.034482759,25,7,9,75,7,94,77
2021-04-08,Thursday,14,April,2021,10,Hungary,EMEA,Hungary Hub,EMEA_CORE_EMAIL_TIER2,Voice,Enterprise,Support,Tier 3,E-commerce,161,156,137,19,19,679,93023,82.69871795,33,3,4,75,3,79,65
2024-03-23,Saturday,12,March,2024,3,Poland,EMEA,Poland Hub,EMEA_CHAT_SUPPORT_T1,Chat,Enterprise,Support,Tier 2,Banking,228,249,221,28,28,439,97019,49.36546185,17,3,4,72,3,83,80
2022-06-03,Friday,22,June,2022,18,Morocco,EMEA,Morocco Hub,TECH_SUPPORT_EMAIL_T3,Chat,Premium,Tech Support,Tier 2,Healthcare,102,100,95,5,5,548,52060,27.4,34,1,1,67,1,78,76
2023-07-19,Wednesday,29,July,2023,15,Slovakia,EMEA,Slovakia Hub,OUTBOUND_SALES_T2,Voice,Premium,Outbound,Tier 2,Healthcare,181,211,196,15,15,705,138180,50.11848341,17,4,5,73,4,93,64
2025-06-29,Sunday,26,June,2025,10,Iceland,EMEA,Iceland Hub,RETENTION_VOICE_T2,Email,Premium,Retention,Tier 3,Telecom,470,454,432,22,22,428,184896,20.74008811,27,6,8,71,6,78,89
2025-08-17,Sunday,33,August,2025,1,Romania,EMEA,Romania Hub,EMEA_CORE_EMAIL_T2,Voice,Consumer,Support,Tier 2,Healthcare,154,159,148,11,11,750,111000,51.88679245,15,3,3,74,2,74,82
2021-05-18,Tuesday,20,May,2021,7,Poland,EMEA,Poland Hub,OUTBOUND_SALES_T2,Voice,Enterprise,Outbound,Tier 1,Healthcare,304,298,295,3,3,589,173755,5.929530201,32,6,8,80,6,87,78
2025-01-13,Monday,3,January,2025,11,Slovakia,EMEA,Slovakia Hub,EMEA_EMAIL_SUPPORT_T3,Voice,Premium,Support,Tier 1,Banking,87,69,59,10,10,419,24721,60.72463768,29,0,0,87,0,87,66
2022-05-04,Wednesday,18,May,2022,1,Norway,EMEA,Norway Hub,EMEA_CORE_EMAIL_TIER2,Voice,Enterprise,Support,Tier 3,Banking,212,213,201,12,12,834,167634,46.98591549,17,5,6,83,5,88,64
2022-08-19,Friday,33,August,2022,13,Luxembourg,EMEA,Luxembourg Hub,EMEA_CHAT_SUPPORT_T1,Email,Enterprise,Support,Tier 3,Healthcare,485,490,475,15,15,635,301625,19.43877551,31,10,13,94,12,73,85
2022-08-20,Saturday,33,August,2022,23,Luxembourg,EMEA,Luxembourg Hub,RETENTION_VOICE_T2,Email,Premium,Retention,Tier 2,Telecom,309,326,315,11,11,824,259560,27.80368098,24,9,11,93,10,86,83
2025-07-09,Wednesday,28,July,2025,19,Norway,EMEA,Norway Hub,OUTBOUND_SALES_T2,Email,Consumer,Outbound,Tier 3,Telecom,379,395,381,14,14,731,278511,25.90886076,33,9,12,71,9,73,74
2023-10-08,Sunday,40,October,2023,17,Norway,EMEA,Norway Hub,RETENTION_VOICE_T2,Voice,Enterprise,Retention,Tier 1,E-commerce,276,289,263,26,26,282,74166,25.37024221,30,2,3,85,3,85,65
2024-07-04,Thursday,27,July,2024,23,Luxembourg,EMEA,Luxembourg Hub,EMEA_EMAIL_SUPPORT_T3,Email,Consumer,Support,Tier 1,Telecom,418,436,433,3,3,348,150684,2.394495413,34,5,7,78,5,82,75
2022-02-02,Wednesday,5,February,2022,5,Turkey,EMEA,Turkey Hub,EMEA_CORE_EMAIL_TIER2,Chat,Premium,Support,Tier 2,Retail,92,117,109,8,8,786,85674,53.74358974,31,2,3,83,2,74,73
2024-05-21,Tuesday,21,May,2024,17,Russia,EMEA,Russia Hub,OUTBOUND_SALES_T2,Email,Enterprise,Outbound,Tier 2,Healthcare,195,199,180,19,19,292,52560,27.87939698,35,1,1,72,1,86,73
2021-11-04,Thursday,44,November,2021,18,Iceland,EMEA,Iceland Hub,INBOUND_VOICE_TIER1,Email,Consumer,Inbound,Tier 2,E-commerce,191,188,176,12,12,550,96800,35.10638298,29,3,4,69,3,84,80
2025-06-10,Tuesday,24,June,2025,16,Finland,EMEA,Finland Hub,RETENTION_VOICE_T2,Email,Enterprise,Retention,Tier 2,Telecom,370,374,365,9,9,489,178485,11.76737968,21,6,7,81,6,92,84
2023-05-24,Wednesday,21,May,2023,0,Kenya,EMEA,Kenya Hub,RETENTION_VOICE_T2,Voice,Consumer,Retention,Tier 1,E-commerce,220,200,193,7,7,502,96886,17.57,18,3,4,93,4,95,79
2024-09-19,Thursday,38,September,2024,11,France,EMEA,Paris,EMEA_CHAT_SUPPORT_T1,Chat,Premium,Support,Tier 2,E-commerce,350,368,360,8,8,229,82440,4.97826087,34,2,3,80,2,76,66
2022-10-26,Wednesday,43,October,2022,2,Portugal,EMEA,Portugal Hub,EMEA_CORE_EMAIL_TIER2,Email,Consumer,Support,Tier 3,E-commerce,481,483,467,16,16,473,220891,15.66873706,33,7,9,84,8,93,75
2022-07-18,Monday,29,July,2022,22,Finland,EMEA,Finland Hub,EMEA_EMAIL_SUPPORT_T3,Email,Consumer,Support,Tier 3,E-commerce,386,398,391,7,7,289,112999,5.082914573,22,3,4,89,4,78,75
2023-02-16,Thursday,7,February,2023,2,Spain,EMEA,Madrid,INBOUND_VOICE_TIER1,Email,Enterprise,Inbound,Tier 3,Banking,247,248,225,23,23,480,108000,44.51612903,35,3,4,94,4,81,70
2024-11-29,Friday,48,November,2024,13,Portugal,EMEA,Portugal Hub,INBOUND_VOICE_TIER1,Email,Premium,Inbound,Tier 2,Retail,278,289,262,27,27,204,53448,19.05882353,33,1,1,83,1,93,67
2021-08-04,Wednesday,31,August,2021,8,Hungary,EMEA,Hungary Hub,RETENTION_VOICE_T2,Chat,Premium,Retention,Tier 1,Retail,188,184,157,27,27,679,106603,99.63586957,22,3,4,65,3,94,82
2025-09-28,Sunday,39,September,2025,8,Ireland,EMEA,Dublin,EMEA_CHAT_SUPPORT_T1,Chat,Consumer,Support,Tier 1,Retail,321,331,329,2,2,652,214508,3.939577039,30,7,9,72,6,83,82
2023-06-25,Sunday,25,June,2023,9,Netherlands,EMEA,Amsterdam,OUTBOUND_SALES_T2,Chat,Consumer,Outbound,Tier 3,E-commerce,488,506,483,23,23,751,362733,34.13636364,20,12,14,69,10,71,79
2023-11-17,Friday,46,November,2023,12,Slovenia,EMEA,Slovenia Hub,OUTBOUND_SALES_T2,Chat,Consumer,Outbound,Tier 2,Telecom,447,428,403,25,25,220,88660,12.85046729,25,3,4,93,4,94,69
2025-06-04,Wednesday,23,June,2025,3,Slovakia,EMEA,Slovakia Hub,RETENTION_VOICE_T2,Chat,Enterprise,Retention,Tier 1,Telecom,420,437,431,6,6,604,260324,8.292906179,32,9,12,65,8,87,84
2021-06-04,Friday,22,June,2021,15,Luxembourg,EMEA,Luxembourg Hub,INBOUND_VOICE_TIER1,Chat,Consumer,Inbound,Tier 3,Banking,308,333,316,17,17,573,181068,29.25225225,25,6,8,94,8,86,64
2023-10-24,Tuesday,43,October,2023,9,Poland,EMEA,Poland Hub,CUSTOMER_SUPPORT_CHAT_T1,Email,Consumer,Customer Support,Tier 2,Healthcare,408,424,424,0,0,441,186984,0.0,26,6,8,74,6,86,83
2023-05-29,Monday,22,May,2023,23,Ukraine,EMEA,Ukraine Hub,RETENTION_VOICE_T2,Voice,Consumer,Retention,Tier 1,Banking,314,315,311,4,4,571,177581,7.250793651,31,6,8,90,7,86,78
2021-08-31,Tuesday,35,August,2021,4,Turkey,EMEA,Turkey Hub,CUSTOMER_SUPPORT_CHAT_T1,Chat,Consumer,Customer Support,Tier 3,Healthcare,397,392,373,19,19,299,111527,14.49234694,15,3,3,80,2,71,61
2021-11-02,Tuesday,44,November,2021,7,Romania,EMEA,Romania Hub,EMEA_CORE_EMAIL_T2,Email,Enterprise,Support,Tier 3,Banking,71,88,76,12,12,397,30172,54.13636364,23,1,1,73,1,72,87
2025-04-11,Friday,15,April,2025,0,Netherlands,EMEA,Amsterdam,INBOUND_VOICE_TIER1,Email,Premium,Inbound,Tier 2,Telecom,101,131,103,28,28,198,20394,42.32061069,35,0,0,88,0,94,70
2021-11-02,Tuesday,44,November,2021,8,United Kingdom,EMEA,London,CUSTOMER_SUPPORT_CHAT_T1,Email,Premium,Customer Support,Tier 2,Telecom,368,351,323,28,28,285,92055,22.73504274,23,3,4,93,4,75,79
2024-09-17,Tuesday,38,September,2024,5,United Kingdom,EMEA,London,CUSTOMER_SUPPORT_CHAT_T1,Email,Enterprise,Customer Support,Tier 1,E-commerce,275,299,292,7,7,802,234184,18.77591973,35,8,11,84,9,70,85
2025-10-23,Thursday,43,October,2025,15,Luxembourg,EMEA,Luxembourg Hub,TECH_SUPPORT_EMAIL_T3,Voice,Premium,Tech Support,Tier 1,Telecom,133,114,85,29,29,249,21165,63.34210526,18,0,0,65,0,78,81
2021-12-26,Sunday,51,December,2021,22,Iceland,EMEA,Iceland Hub,RETENTION_VOICE_T2,Email,Premium,Retention,Tier 3,Retail,449,444,423,21,21,201,85023,9.506756757,33,2,3,95,3,74,65
2021-01-02,Saturday,53,January,2021,19,Iceland,EMEA,Iceland Hub,EMEA_CORE_EMAIL_TIER2,Chat,Enterprise,Support,Tier 2,Banking,351,346,346,0,0,295,102070,0.0,15,3,3,88,3,77,78
2025-05-13,Tuesday,20,May,2025,0,Portugal,EMEA,Portugal Hub,RETENTION_VOICE_T2,Email,Consumer,Retention,Tier 2,Healthcare,105,131,119,12,12,243,28917,22.25954198,17,1,1,71,1,85,71
2022-08-16,Tuesday,33,August,2022,5,Kenya,EMEA,Kenya Hub,OUTBOUND_SALES_T2,Email,Enterprise,Outbound,Tier 3,Banking,176,191,174,17,17,491,85434,43.70157068,31,2,3,84,3,93,78
2025-06-22,Sunday,25,June,2025,6,South Africa,EMEA,Cape Town,OUTBOUND_SALES_T2,Email,Consumer,Outbound,Tier 1,Healthcare,397,395,365,30,30,606,221190,46.02531646,19,7,8,77,6,71,64
2023-08-24,Thursday,34,August,2023,2,Netherlands,EMEA,Amsterdam,RETENTION_VOICE_T2,Chat,Premium,Retention,Tier 1,E-commerce,326,316,287,29,29,517,148379,47.44620253,31,5,7,84,6,87,61
2024-08-06,Tuesday,32,August,2024,19,Sweden,EMEA,Sweden Hub,INBOUND_VOICE_TIER1,Voice,Premium,Inbound,Tier 2,Healthcare,365,378,349,29,29,332,115868,25.47089947,34,4,5,91,5,73,87
2021-09-06,Monday,36,September,2021,19,France,EMEA,Paris,EMEA_CORE_EMAIL_TIER2,Chat,Enterprise,Support,Tier 3,Retail,94,91,87,4,4,436,37932,19.16483516,31,1,1,76,1,73,72
2025-05-06,Tuesday,19,May,2025,2,Czech Republic,EMEA,Czech Republic Hub,EMEA_CORE_EMAIL_TIER2,Email,Enterprise,Support,Tier 1,Telecom,297,282,261,21,21,515,134415,38.35106383,23,4,5,69,3,78,87
2022-08-31,Wednesday,35,August,2022,10,Norway,EMEA,Norway Hub,EMEA_CORE_EMAIL_T2,Email,Enterprise,Support,Tier 2,E-commerce,414,418,392,26,26,256,100352,15.92344498,24,3,4,78,3,94,79
2023-08-08,Tuesday,32,August,2023,16,Sweden,EMEA,Sweden Hub,EMEA_CORE_EMAIL_TIER2,Chat,Consumer,Support,Tier 3,E-commerce,136,154,152,2,2,478,72656,6.207792208,30,2,3,93,3,83,81
2022-04-08,Friday,14,April,2022,16,Czech Republic,EMEA,Czech Republic Hub,EMEA_CORE_EMAIL_T2,Voice,Premium,Support,Tier 3,Banking,439,458,445,13,13,722,321290,20.49344978,26,11,14,91,13,82,64
2024-03-25,Monday,13,March,2024,9,Denmark,EMEA,Denmark Hub,EMEA_CORE_EMAIL_TIER2,Chat,Premium,Support,Tier 1,Healthcare,341,362,332,30,30,313,103916,25.93922652,35,3,4,94,4,90,87
2023-05-15,Monday,20,May,2023,12,Czech Republic,EMEA,Czech Republic Hub,EMEA_EMAIL_SUPPORT_T3,Email,Premium,Support,Tier 2,Healthcare,332,313,303,10,10,517,156651,16.51757189,30,5,7,73,5,92,86
2024-01-08,Monday,2,January,2024,23,Denmark,EMEA,Denmark Hub,EMEA_RETAIL_VOICE_T2,Chat,Premium,Support,Tier 2,Telecom,394,396,376,20,20,197,74072,9.94949495,34,2,3,86,3,88,61
2023-04-23,Sunday,16,April,2023,14,Germany,EMEA,Berlin,EMEA_CORE_EMAIL_TIER2,Email,Enterprise,Support,Tier 3,E-commerce,219,208,194,14,14,606,117564,40.78846154,24,4,5,78,4,90,84
2023-01-18,Wednesday,3,January,2023,16,Finland,EMEA,Finland Hub,EMEA_CORE_EMAIL_TIER2,Chat,Consumer,Support,Tier 2,Healthcare,108,131,127,4,4,629,79883,19.20610687,22,2,2,66,1,86,83
2024-02-08,Thursday,6,February,2024,6,Denmark,EMEA,Denmark Hub,OUTBOUND_SALES_T2,Chat,Enterprise,Outbound,Tier 2,E-commerce,356,386,371,15,15,577,214067,22.42227979,28,7,9,68,6,88,69
2022-03-10,Thursday,10,March,2022,14,Morocco,EMEA,Morocco Hub,EMEA_CORE_EMAIL_TIER2,Chat,Consumer,Support,Tier 2,Retail,158,178,160,18,18,525,84000,53.08988764,27,2,3,81,2,70,86
2023-04-25,Tuesday,17,April,2023,10,Russia,EMEA,Russia Hub,EMEA_CORE_EMAIL_T2,Voice,Premium,Support,Tier 3,Retail,290,303,279,24,24,468,130572,37.06930693,20,4,5,81,4,72,83
2022-06-04,Saturday,22,June,2022,20,Greece,EMEA,Greece Hub,CUSTOMER_SUPPORT_CHAT_T1,Chat,Consumer,Customer Support,Tier 3,Telecom,77,91,88,3,3,645,56760,21.26373626,15,1,1,72,1,84,73
2025-10-13,Monday,42,October,2025,3,Russia,EMEA,Russia Hub,EMEA_CORE_EMAIL_T2,Voice,Consumer,Support,Tier 3,Retail,322,319,311,8,8,355,110405,8.902821317,33,3,4,89,4,71,87
2024-05-01,Wednesday,18,May,2024,5,Bulgaria,EMEA,Bulgaria Hub,EMEA_CORE_EMAIL_TIER2,Email,Premium,Support,Tier 2,Retail,242,249,235,14,14,781,183535,43.91164659,29,6,8,75,6,85,89
2024-03-04,Monday,10,March,2024,15,Germany,EMEA,Berlin,EMEA_CHAT_SUPPORT_T1,Email,Premium,Support,Tier 3,Healthcare,81,93,79,14,14,466,36814,70.15053763,27,1,1,68,1,93,61
2024-08-11,Sunday,32,August,2024,12,Spain,EMEA,Madrid,OUTBOUND_SALES_T2,Chat,Premium,Outbound,Tier 2,Healthcare,72,86,60,26,26,813,48780,245.7906977,33,1,1,89,1,80,74
2021-07-17,Saturday,28,July,2021,16,Ukraine,EMEA,Ukraine Hub,CUSTOMER_SUPPORT_CHAT_T1,Email,Premium,Customer Support,Tier 1,Banking,377,399,372,27,27,681,253332,46.08270677,21,8,10,68,7,83,67
2025-02-14,Friday,7,February,2025,19,Czech Republic,EMEA,Czech Republic Hub,EMEA_EMAIL_SUPPORT_T3,Chat,Premium,Support,Tier 3,Retail,398,396,373,23,23,295,110035,17.13383838,21,3,4,93,4,95,78
2023-06-05,Monday,23,June,2023,17,Finland,EMEA,Finland Hub,RETENTION_VOICE_T2,Voice,Enterprise,Retention,Tier 1,Telecom,144,137,124,13,13,233,28892,22.10948905,16,1,1,85,1,80,61
2022-09-17,Saturday,37,September,2022,15,Romania,EMEA,Romania Hub,EMEA_CHAT_SUPPORT_T1,Voice,Enterprise,Support,Tier 2,Banking,464,465,450,15,15,247,111150,7.967741936,31,3,4,90,4,87,74
2024-02-17,Saturday,7,February,2024,3,Romania,EMEA,Romania Hub,TECH_SUPPORT_EMAIL_T3,Chat,Enterprise,Tech Support,Tier 2,Retail,307,312,309,3,3,495,152955,4.759615385,20,5,6,71,4,86,71
2021-11-25,Thursday,47,November,2021,23,Kenya,EMEA,Kenya Hub,CUSTOMER_SUPPORT_CHAT_T1,Email,Enterprise,Customer Support,Tier 1,E-commerce,348,335,311,24,24,549,170739,39.33134328,30,5,7,76,5,75,69
2022-05-29,Sunday,21,May,2022,18,France,EMEA,Paris,TECH_SUPPORT_EMAIL_T3,Email,Consumer,Tech Support,Tier 3,Telecom,430,414,387,27,27,804,311148,52.43478261,19,10,12,92,11,82,90
2024-08-06,Tuesday,32,August,2024,9,Czech Republic,EMEA,Czech Republic Hub,EMEA_CORE_EMAIL_TIER2,Chat,Consumer,Support,Tier 1,Retail,477,467,466,1,1,797,371402,1.706638116,17,12,14,67,9,85,89
2023-12-17,Sunday,50,December,2023,11,Spain,EMEA,Madrid,OUTBOUND_SALES_T2,Voice,Consumer,Outbound,Tier 3,Telecom,476,506,500,6,6,492,246000,5.833992095,24,8,10,80,8,81,67
2024-03-02,Saturday,9,March,2024,10,Portugal,EMEA,Portugal Hub,EMEA_CHAT_SUPPORT_T1,Email,Enterprise,Support,Tier 3,E-commerce,325,319,315,4,4,596,187740,7.473354232,18,6,7,69,5,75,67
2024-05-29,Wednesday,22,May,2024,17,Czech Republic,EMEA,Czech Republic Hub,RETENTION_VOICE_T2,Voice,Enterprise,Retention,Tier 2,E-commerce,369,386,377,9,9,620,233740,14.45595855,22,8,10,82,8,70,90
2021-03-05,Friday,9,March,2021,3,Israel,EMEA,Israel Hub,EMEA_EMAIL_SUPPORT_T3,Chat,Enterprise,Support,Tier 3,Retail,332,356,342,14,14,620,212040,24.38202247,16,7,8,79,6,74,65
2021-02-08,Monday,6,February,2021,7,Italy,EMEA,Rome,CUSTOMER_SUPPORT_CHAT_T1,Chat,Enterprise,Customer Support,Tier 1,E-commerce,468,484,458,26,26,213,97554,11.44214876,16,3,3,66,2,81,62
2023-03-25,Saturday,12,March,2023,23,Iceland,EMEA,Iceland Hub,EMEA_CHAT_SUPPORT_T1,Voice,Premium,Support,Tier 3,Retail,471,478,478,0,0,619,295882,0.0,30,10,13,72,9,86,67
2024-05-29,Wednesday,22,May,2024,4,Belgium,EMEA,Belgium Hub,EMEA_CORE_EMAIL_TIER2,Chat,Consumer,Support,Tier 2,Telecom,179,176,169,7,7,219,37011,8.710227273,22,1,1,70,1,86,68
2021-05-07,Friday,18,May,2021,11,Slovakia,EMEA,Slovakia Hub,EMEA_CORE_EMAIL_T2,Email,Consumer,Support,Tier 1,Healthcare,134,121,107,14,14,712,76184,82.38016529,30,2,3,88,3,81,60
2025-10-24,Friday,43,October,2025,8,Bulgaria,EMEA,Bulgaria Hub,EMEA_CORE_EMAIL_T2,Email,Consumer,Support,Tier 3,E-commerce,292,310,310,0,0,688,213280,0.0,35,7,9,95,9,95,66
2022-05-30,Monday,22,May,2022,19,Ireland,EMEA,Dublin,EMEA_RETAIL_VOICE_T2,Email,Enterprise,Support,Tier 2,Telecom,191,175,173,2,2,753,130269,8.605714286,35,4,5,66,3,74,66
2021-11-16,Tuesday,46,November,2021,1,Denmark,EMEA,Denmark Hub,EMEA_CORE_EMAIL_T2,Chat,Consumer,Support,Tier 2,Retail,444,471,441,30,30,833,367353,53.05732484,23,12,15,71,11,71,64
2023-07-02,Sunday,26,July,2023,1,Bulgaria,EMEA,Bulgaria Hub,RETENTION_VOICE_T2,Chat,Premium,Retention,Tier 1,Banking,442,426,397,29,29,589,233833,40.09624413,30,8,10,69,7,93,79
2022-02-05,Saturday,5,February,2022,13,Slovakia,EMEA,Slovakia Hub,INBOUND_VOICE_TIER1,Voice,Premium,Inbound,Tier 2,Banking,194,185,180,5,5,727,130860,19.64864865,35,4,5,74,4,70,60
2025-03-16,Sunday,11,March,2025,23,Turkey,EMEA,Turkey Hub,EMEA_EMAIL_SUPPORT_T3,Chat,Consumer,Support,Tier 2,Telecom,439,438,422,16,16,257,108454,9.388127854,17,3,4,81,3,89,89
2021-07-03,Saturday,26,July,2021,16,Portugal,EMEA,Portugal Hub,OUTBOUND_SALES_T2,Chat,Premium,Outbound,Tier 3,Healthcare,87,83,54,29,29,487,26298,170.1566265,17,0,0,90,0,75,85
2021-08-17,Tuesday,33,August,2021,3,Sweden,EMEA,Sweden Hub,EMEA_CHAT_SUPPORT_T1,Chat,Enterprise,Support,Tier 2,E-commerce,302,324,304,20,20,370,112480,22.83950617,25,3,4,92,4,86,72
2024-01-22,Monday,4,January,2024,21,Iceland,EMEA,Iceland Hub,EMEA_EMAIL_SUPPORT_T3,Email,Consumer,Support,Tier 2,Telecom,467,474,471,3,3,366,172386,2.316455696,33,5,7,65,5,91,79
2024-09-08,Sunday,36,September,2024,5,Germany,EMEA,Berlin,EMEA_CORE_EMAIL_TIER2,Email,Enterprise,Support,Tier 1,Telecom,80,103,77,26,26,844,64988,213.0485437,30,2,3,78,2,84,74
2023-09-23,Saturday,38,September,2023,21,Norway,EMEA,Norway Hub,EMEA_CORE_EMAIL_T2,Chat,Enterprise,Support,Tier 3,E-commerce,319,331,314,17,17,855,268470,43.91238671,29,9,12,77,9,70,90
2024-08-09,Friday,32,August,2024,5,Morocco,EMEA,Morocco Hub,EMEA_CORE_EMAIL_TIER2,Chat,Consumer,Support,Tier 3,Telecom,147,151,127,24,24,225,28575,35.7615894,24,0,0,93,0,81,63
2021-05-04,Tuesday,18,May,2021,3,Iceland,EMEA,Iceland Hub,OUTBOUND_SALES_T2,Chat,Consumer,Outbound,Tier 1,E-commerce,179,177,155,22,22,343,53165,42.63276836,23,1,1,71,1,91,75
2024-03-04,Monday,10,March,2024,6,Portugal,EMEA,Portugal Hub,CUSTOMER_SUPPORT_CHAT_T1,Chat,Consumer,Customer Support,Tier 1,Banking,226,220,212,8,8,446,94552,16.21818182,18,3,4,93,4,88,67
2023-06-16,Friday,24,June,2023,20,Morocco,EMEA,Morocco Hub,EMEA_CORE_EMAIL_T2,Chat,Consumer,Support,Tier 3,E-commerce,223,248,233,15,15,372,86676,22.5,35,3,4,68,3,73,66
2023-07-25,Tuesday,30,July,2023,21,Israel,EMEA,Israel Hub,CUSTOMER_SUPPORT_CHAT_T1,Chat,Premium,Customer Support,Tier 3,Healthcare,334,319,307,12,12,250,76750,9.404388715,33,2,3,65,2,77,76
2024-02-13,Tuesday,7,February,2024,17,United Kingdom,EMEA,London,EMEA_CORE_EMAIL_T2,Voice,Consumer,Support,Tier 3,Telecom,481,509,487,22,22,347,168989,14.99803536,27,5,6,67,4,89,74
2022-08-18,Thursday,33,August,2022,23,Belgium,EMEA,Belgium Hub,OUTBOUND_SALES_T2,Chat,Enterprise,Outbound,Tier 3,Telecom,446,476,446,30,30,825,367950,51.99579832,16,12,14,83,12,94,80
2021-04-13,Tuesday,15,April,2021,9,Finland,EMEA,Finland Hub,EMEA_CORE_EMAIL_T2,Email,Premium,Support,Tier 2,Telecom,105,88,78,10,10,207,16146,23.52272727,32,0,0,70,0,93,85
2022-05-09,Monday,19,May,2022,4,Belgium,EMEA,Belgium Hub,EMEA_EMAIL_SUPPORT_T3,Email,Enterprise,Support,Tier 1,E-commerce,315,315,305,10,10,688,209840,21.84126984,30,7,9,76,7,71,80
2024-02-19,Monday,8,February,2024,11,Morocco,EMEA,Morocco Hub,EMEA_EMAIL_SUPPORT_T3,Voice,Enterprise,Support,Tier 1,E-commerce,278,260,254,6,6,278,70612,6.415384615,29,2,3,90,3,78,70
2021-11-25,Thursday,47,November,2021,1,Morocco,EMEA,Morocco Hub,TECH_SUPPORT_EMAIL_T3,Chat,Premium,Tech Support,Tier 2,Retail,340,320,319,1,1,824,262856,2.575,19,9,11,71,8,89,73
2023-10-21,Saturday,42,October,2023,7,Kenya,EMEA,Kenya Hub,RETENTION_VOICE_T2,Voice,Consumer,Retention,Tier 1,E-commerce,382,386,370,16,16,457,169090,18.94300518,27,5,6,80,5,91,62
2024-09-28,Saturday,39,September,2024,16,Ukraine,EMEA,Ukraine Hub,EMEA_CORE_EMAIL_TIER2,Chat,Premium,Support,Tier 3,Retail,318,328,311,17,17,799,248489,41.41158537,24,8,10,84,8,78,61
2023-10-01,Sunday,39,October,2023,9,Portugal,EMEA,Portugal Hub,EMEA_RETAIL_VOICE_T2,Chat,Consumer,Support,Tier 2,Telecom,274,275,248,27,27,442,109616,43.39636364,22,3,4,73,3,95,63
2025-01-26,Sunday,4,January,2025,4,Bulgaria,EMEA,Bulgaria Hub,INBOUND_VOICE_TIER1,Voice,Consumer,Inbound,Tier 1,Telecom,168,180,165,15,15,466,76890,38.83333333,28,2,3,74,2,89,72
2025-10-23,Thursday,43,October,2025,23,United Kingdom,EMEA,London,EMEA_CHAT_SUPPORT_T1,Email,Consumer,Support,Tier 2,Banking,72,71,65,6,6,514,33410,43.43661972,26,1,1,82,1,82,71
2023-11-27,Monday,48,November,2023,13,Sweden,EMEA,Sweden Hub,RETENTION_VOICE_T2,Email,Enterprise,Retention,Tier 2,Telecom,378,365,352,13,13,642,225984,22.86575342,25,7,9,95,9,89,67
2023-09-09,Saturday,36,September,2023,18,Luxembourg,EMEA,Luxembourg Hub,EMEA_CORE_EMAIL_TIER2,Voice,Enterprise,Support,Tier 3,E-commerce,201,206,201,5,5,467,93867,11.33495146,29,3,4,86,3,75,62
2022-09-10,Saturday,36,September,2022,23,Greece,EMEA,Greece Hub,EMEA_EMAIL_SUPPORT_T3,Email,Premium,Support,Tier 1,Retail,449,476,449,27,27,555,249195,31.48109244,31,8,10,87,9,89,68
2022-09-26,Monday,39,September,2022,21,Finland,EMEA,Finland Hub,OUTBOUND_SALES_T2,Email,Enterprise,Outbound,Tier 3,Telecom,200,221,191,30,30,605,115555,82.12669683,26,4,5,70,4,95,82
2023-01-07,Saturday,1,January,2023,5,Ireland,EMEA,Dublin,EMEA_RETAIL_VOICE_T2,Voice,Premium,Support,Tier 3,Banking,75,68,46,22,22,826,37996,267.2352941,17,1,1,68,1,75,70
2023-05-27,Saturday,21,May,2023,2,Norway,EMEA,Norway Hub,EMEA_CORE_EMAIL_T2,Email,Enterprise,Support,Tier 1,Banking,238,250,230,20,20,412,94760,32.96,32,3,4,83,3,83,68
2024-07-06,Saturday,27,July,2024,4,Turkey,EMEA,Turkey Hub,CUSTOMER_SUPPORT_CHAT_T1,Chat,Consumer,Customer Support,Tier 3,E-commerce,417,407,396,11,11,824,326304,22.27027027,33,11,15,69,10,70,63
2025-01-24,Friday,4,January,2025,8,Morocco,EMEA,Morocco Hub,EMEA_EMAIL_SUPPORT_T3,Voice,Enterprise,Support,Tier 2,E-commerce,489,515,485,30,30,523,253655,30.46601942,29,8,10,80,8,80,60
2025-04-03,Thursday,14,April,2025,17,Kenya,EMEA,Kenya Hub,INBOUND_VOICE_TIER1,Voice,Consumer,Inbound,Tier 3,Telecom,70,71,55,16,16,417,22935,93.97183099,32,0,0,73,0,77,66
2021-04-03,Saturday,13,April,2021,2,Kenya,EMEA,Kenya Hub,EMEA_CORE_EMAIL_TIER2,Chat,Consumer,Support,Tier 1,Retail,455,476,470,6,6,540,253800,6.806722689,15,8,9,92,8,76,82
2022-12-18,Sunday,50,December,2022,5,Russia,EMEA,Russia Hub,EMEA_CORE_EMAIL_TIER2,Email,Premium,Support,Tier 1,Banking,308,333,317,16,16,269,85273,12.92492492,28,2,3,72,2,90,79
2022-09-09,Friday,36,September,2022,6,Norway,EMEA,Norway Hub,EMEA_CORE_EMAIL_T2,Email,Enterprise,Support,Tier 2,Healthcare,170,195,186,9,9,603,112158,27.83076923,18,3,4,88,4,80,79
2021-04-26,Monday,17,April,2021,13,Portugal,EMEA,Portugal Hub,EMEA_EMAIL_SUPPORT_T3,Email,Premium,Support,Tier 2,Telecom,268,263,251,12,12,219,54969,9.992395437,23,1,1,77,1,87,72
2025-07-08,Tuesday,28,July,2025,11,Norway,EMEA,Norway Hub,RETENTION_VOICE_T2,Voice,Enterprise,Retention,Tier 3,Telecom,441,443,415,28,28,264,109560,16.68623025,17,3,4,71,3,78,75
2021-01-03,Sunday,53,January,2021,3,Iceland,EMEA,Iceland Hub,INBOUND_VOICE_TIER1,Voice,Premium,Inbound,Tier 3,Healthcare,390,379,377,2,2,886,334022,4.675461741,17,11,13,79,10,77,81
2022-10-06,Thursday,40,October,2022,12,Luxembourg,EMEA,Luxembourg Hub,EMEA_RETAIL_VOICE_T2,Email,Enterprise,Support,Tier 1,Telecom,180,162,161,1,1,580,93380,3.580246914,32,3,4,91,4,79,75
2024-06-09,Sunday,23,June,2024,4,Slovenia,EMEA,Slovenia Hub,EMEA_RETAIL_VOICE_T2,Email,Premium,Support,Tier 2,Healthcare,388,401,381,20,20,186,70866,9.27680798,17,2,2,77,2,77,69
2021-03-04,Thursday,9,March,2021,9,Morocco,EMEA,Morocco Hub,TECH_SUPPORT_EMAIL_T3,Email,Premium,Tech Support,Tier 1,Banking,253,261,250,11,11,269,67250,11.33716475,17,2,2,73,1,77,88
2022-05-05,Thursday,18,May,2022,4,Luxembourg,EMEA,Luxembourg Hub,OUTBOUND_SALES_T2,Email,Premium,Outbound,Tier 1,E-commerce,223,216,206,10,10,705,145230,32.63888889,21,5,6,83,5,77,86
2025-06-23,Monday,26,June,2025,10,Sweden,EMEA,Sweden Hub,EMEA_CORE_EMAIL_TIER2,Chat,Consumer,Support,Tier 1,Retail,253,266,237,29,29,808,191496,88.09022556,26,6,8,82,7,76,73
2025-08-21,Thursday,34,August,2025,8,Portugal,EMEA,Portugal Hub,RETENTION_VOICE_T2,Chat,Consumer,Retention,Tier 3,E-commerce,313,326,297,29,29,623,185031,55.4202454,25,6,8,94,8,94,72
2024-10-12,Saturday,41,October,2024,17,Ireland,EMEA,Dublin,TECH_SUPPORT_EMAIL_T3,Email,Consumer,Tech Support,Tier 1,Telecom,108,113,91,22,22,634,57694,123.4336283,23,2,2,91,2,70,85
2021-01-27,Wednesday,4,January,2021,3,France,EMEA,Paris,EMEA_CHAT_SUPPORT_T1,Chat,Enterprise,Support,Tier 2,Banking,487,473,443,30,30,775,343325,49.15433404,21,11,13,88,11,84,61
2024-03-02,Saturday,9,March,2024,14,Kenya,EMEA,Kenya Hub,EMEA_EMAIL_SUPPORT_T3,Chat,Enterprise,Support,Tier 3,Banking,181,184,178,6,6,296,52688,9.652173913,28,1,1,65,1,87,88
2024-09-29,Sunday,39,September,2024,5,Morocco,EMEA,Morocco Hub,RETENTION_VOICE_T2,Chat,Consumer,Retention,Tier 1,Banking,166,165,154,11,11,698,107492,46.53333333,26,3,4,85,3,89,79
2024-06-21,Friday,25,June,2024,1,Russia,EMEA,Russia Hub,RETENTION_VOICE_T2,Email,Consumer,Retention,Tier 1,Banking,260,270,269,1,1,522,140418,1.933333333,21,4,5,91,5,84,60
2024-09-06,Friday,36,September,2024,13,Denmark,EMEA,Denmark Hub,OUTBOUND_SALES_T2,Chat,Premium,Outbound,Tier 1,Retail,94,101,76,25,25,543,41268,134.4059406,25,1,1,74,1,87,87
2025-04-25,Friday,17,April,2025,10,South Africa,EMEA,Cape Town,EMEA_RETAIL_VOICE_T2,Voice,Enterprise,Support,Tier 2,Retail,118,106,105,1,1,750,78750,7.075471698,24,2,2,95,2,88,67
2023-06-28,Wednesday,26,June,2023,11,Turkey,EMEA,Turkey Hub,EMEA_EMAIL_SUPPORT_T3,Chat,Enterprise,Support,Tier 3,Healthcare,118,121,103,18,18,328,33784,48.79338843,28,1,1,87,1,87,87
2025-04-14,Monday,16,April,2025,18,Slovenia,EMEA,Slovenia Hub,EMEA_CHAT_SUPPORT_T1,Chat,Enterprise,Support,Tier 1,E-commerce,410,432,419,13,13,717,300423,21.57638889,30,10,13,70,9,91,73
2023-01-19,Thursday,3,January,2023,19,Finland,EMEA,Finland Hub,EMEA_CHAT_SUPPORT_T1,Voice,Premium,Support,Tier 2,E-commerce,467,491,491,0,0,192,94272,0.0,18,3,4,95,4,80,62
2025-06-22,Sunday,25,June,2025,19,Slovenia,EMEA,Slovenia Hub,EMEA_CORE_EMAIL_TIER2,Chat,Enterprise,Support,Tier 3,Telecom,81,92,85,7,7,217,18445,16.51086957,19,0,0,65,0,72,65
2021-06-11,Friday,23,June,2021,0,Netherlands,EMEA,Amsterdam,EMEA_CORE_EMAIL_T2,Chat,Consumer,Support,Tier 2,Healthcare,454,463,441,22,22,684,301644,32.50107991,28,10,13,95,12,72,60
2021-11-04,Thursday,44,November,2021,18,Ukraine,EMEA,Ukraine Hub,EMEA_RETAIL_VOICE_T2,Chat,Premium,Support,Tier 2,Banking,371,351,350,1,1,363,127050,1.034188034,31,4,5,72,4,89,85
2021-05-22,Saturday,20,May,2021,16,Hungary,EMEA,Hungary Hub,RETENTION_VOICE_T2,Email,Enterprise,Retention,Tier 1,E-commerce,59,53,35,18,18,521,18235,176.9433962,30,0,0,65,0,72,81
2022-12-13,Tuesday,50,December,2022,15,France,EMEA,Paris,EMEA_EMAIL_SUPPORT_T3,Voice,Enterprise,Support,Tier 3,Retail,311,295,287,8,8,550,157850,14.91525424,21,5,6,82,5,92,62
2021-12-16,Thursday,50,December,2021,3,Ireland,EMEA,Dublin,INBOUND_VOICE_TIER1,Voice,Premium,Inbound,Tier 1,Retail,229,227,220,7,7,836,183920,25.77973568,34,6,8,87,7,78,81
2022-06-04,Saturday,22,June,2022,2,Morocco,EMEA,Morocco Hub,OUTBOUND_SALES_T2,Chat,Consumer,Outbound,Tier 1,Retail,200,205,182,23,23,805,146510,90.31707317,20,5,6,90,5,72,67
2025-11-10,Monday,46,November,2025,12,Spain,EMEA,Madrid,TECH_SUPPORT_EMAIL_T3,Chat,Consumer,Tech Support,Tier 2,Retail,52,40,29,11,11,404,11716,111.1,16,0,0,81,0,80,80
2023-03-20,Monday,12,March,2023,10,Russia,EMEA,Russia Hub,TECH_SUPPORT_EMAIL_T3,Chat,Enterprise,Tech Support,Tier 3,Healthcare,469,496,493,3,3,224,110432,1.35483871,18,3,4,76,3,79,89
2022-08-22,Monday,34,August,2022,10,Italy,EMEA,Rome,TECH_SUPPORT_EMAIL_T3,Email,Consumer,Tech Support,Tier 3,Healthcare,84,94,65,29,29,229,14885,70.64893617,16,0,0,90,0,75,78
2023-03-12,Sunday,10,March,2023,5,Norway,EMEA,Norway Hub,EMEA_CHAT_SUPPORT_T1,Voice,Enterprise,Support,Tier 3,Telecom,374,371,343,28,28,334,114562,25.20754717,20,3,4,77,3,93,88
2022-12-29,Thursday,52,December,2022,12,Romania,EMEA,Romania Hub,CUSTOMER_SUPPORT_CHAT_T1,Voice,Consumer,Customer Support,Tier 1,E-commerce,397,403,390,13,13,777,303030,25.06451613,24,10,12,75,9,89,86
2022-04-12,Tuesday,15,April,2022,4,Norway,EMEA,Norway Hub,EMEA_RETAIL_VOICE_T2,Voice,Premium,Support,Tier 3,Banking,376,357,357,0,0,293,104601,0.0,27,3,4,70,3,73,69
2023-02-08,Wednesday,6,February,2023,13,Luxembourg,EMEA,Luxembourg Hub,EMEA_RETAIL_VOICE_T2,Chat,Consumer,Support,Tier 2,Healthcare,111,132,111,21,21,540,59940,85.90909091,33,2,3,86,3,71,64
2021-12-08,Wednesday,49,December,2021,21,Czech Republic,EMEA,Czech Republic Hub,CUSTOMER_SUPPORT_CHAT_T1,Voice,Consumer,Customer Support,Tier 3,Telecom,411,417,391,26,26,607,237337,37.84652278,15,8,9,72,6,92,71
2024-06-01,Saturday,22,June,2024,1,Slovenia,EMEA,Slovenia Hub,EMEA_CHAT_SUPPORT_T1,Chat,Consumer,Support,Tier 3,Telecom,424,442,436,6,6,393,171348,5.334841629,27,5,6,67,4,92,83
2021-12-17,Friday,50,December,2021,18,Denmark,EMEA,Denmark Hub,EMEA_EMAIL_SUPPORT_T3,Chat,Enterprise,Support,Tier 3,Retail,161,158,153,5,5,399,61047,12.62658228,19,2,2,85,2,91,71
2022-02-22,Tuesday,8,February,2022,17,Belgium,EMEA,Belgium Hub,EMEA_CORE_EMAIL_T2,Voice,Enterprise,Support,Tier 2,Telecom,421,407,385,22,22,240,92400,12.97297297,23,3,4,68,3,89,87
2023-06-20,Tuesday,25,June,2023,17,Spain,EMEA,Madrid,INBOUND_VOICE_TIER1,Chat,Consumer,Inbound,Tier 2,Retail,467,468,452,16,16,848,383296,28.99145299,27,13,17,80,14,77,81
2025-11-03,Monday,45,November,2025,5,Iceland,EMEA,Iceland Hub,EMEA_CORE_EMAIL_T2,Voice,Enterprise,Support,Tier 1,Healthcare,236,261,235,26,26,297,69795,29.5862069,29,2,3,79,2,81,75
2023-01-04,Wednesday,1,January,2023,14,Morocco,EMEA,Morocco Hub,TECH_SUPPORT_EMAIL_T3,Voice,Consumer,Tech Support,Tier 1,Healthcare,206,228,203,25,25,292,59276,32.01754386,19,2,2,88,2,82,73
2024-07-01,Monday,27,July,2024,6,Finland,EMEA,Finland Hub,CUSTOMER_SUPPORT_CHAT_T1,Email,Enterprise,Customer Support,Tier 2,E-commerce,359,385,369,16,16,631,232839,26.22337662,26,8,10,89,9,92,77
2023-12-22,Friday,51,December,2023,0,Israel,EMEA,Israel Hub,EMEA_CORE_EMAIL_T2,Voice,Enterprise,Support,Tier 3,Banking,168,192,171,21,21,849,145179,92.859375,35,5,7,86,6,83,75
2021-01-17,Sunday,2,January,2021,6,South Africa,EMEA,Cape Town,EMEA_CORE_EMAIL_TIER2,Email,Enterprise,Support,Tier 2,Banking,201,191,190,1,1,253,48070,1.32460733,34,1,1,82,1,91,74
2022-09-02,Friday,35,September,2022,4,Morocco,EMEA,Morocco Hub,EMEA_CHAT_SUPPORT_T1,Chat,Consumer,Support,Tier 3,Retail,392,387,368,19,19,892,328256,43.79328165,33,11,15,84,13,91,82
2023-02-18,Saturday,7,February,2023,21,United Kingdom,EMEA,London,TECH_SUPPORT_EMAIL_T3,Chat,Premium,Tech Support,Tier 1,E-commerce,342,324,301,23,23,256,77056,18.17283951,25,2,3,81,2,78,90
2024-09-21,Saturday,38,September,2024,4,Luxembourg,EMEA,Luxembourg Hub,EMEA_RETAIL_VOICE_T2,Chat,Consumer,Support,Tier 1,Telecom,364,348,328,20,20,582,190896,33.44827586,34,6,8,87,7,94,74
2022-06-26,Sunday,25,June,2022,9,Greece,EMEA,Greece Hub,EMEA_CHAT_SUPPORT_T1,Chat,Premium,Support,Tier 2,Retail,483,508,485,23,23,581,281785,26.30511811,26,9,11,80,9,87,68
2023-09-23,Saturday,38,September,2023,2,Czech Republic,EMEA,Czech Republic Hub,EMEA_RETAIL_VOICE_T2,Voice,Enterprise,Support,Tier 1,Retail,76,71,51,20,20,741,37791,208.7323944,18,1,1,89,1,88,64
2022-04-08,Friday,14,April,2022,16,Luxembourg,EMEA,Luxembourg Hub,CUSTOMER_SUPPORT_CHAT_T1,Chat,Enterprise,Customer Support,Tier 3,Retail,84,109,79,30,30,665,52535,183.0275229,24,1,1,90,1,77,84
2021-07-17,Saturday,28,July,2021,6,Italy,EMEA,Rome,EMEA_CORE_EMAIL_T2,Chat,Consumer,Support,Tier 3,Retail,291,282,273,9,9,712,194376,22.72340426,18,6,7,93,7,89,83
2023-06-15,Thursday,24,June,2023,5,Luxembourg,EMEA,Luxembourg Hub,EMEA_CHAT_SUPPORT_T1,Chat,Consumer,Support,Tier 1,Telecom,92,110,92,18,18,547,50324,89.50909091,19,1,1,81,1,85,81
2023-05-23,Tuesday,21,May,2023,22,Denmark,EMEA,Denmark Hub,EMEA_EMAIL_SUPPORT_T3,Voice,Enterprise,Support,Tier 1,Retail,241,227,226,1,1,536,121136,2.36123348,29,4,5,78,4,75,76
2021-10-03,Sunday,39,October,2021,6,Sweden,EMEA,Sweden Hub,EMEA_RETAIL_VOICE_T2,Voice,Enterprise,Support,Tier 2,E-commerce,412,406,396,10,10,617,244332,15.19704434,25,8,10,94,9,83,70
2025-12-15,Monday,51,December,2025,13,Italy,EMEA,Rome,EMEA_RETAIL_VOICE_T2,Email,Enterprise,Support,Tier 3,Telecom,140,130,109,21,21,254,27686,41.03076923,24,0,0,67,0,74,71
2022-08-04,Thursday,31,August,2022,12,Denmark,EMEA,Denmark Hub,EMEA_CORE_EMAIL_T2,Email,Enterprise,Support,Tier 1,Healthcare,452,443,429,14,14,876,375804,27.68397291,33,13,17,77,13,87,64
2025-03-13,Thursday,11,March,2025,14,Denmark,EMEA,Denmark Hub,EMEA_CORE_EMAIL_TIER2,Chat,Consumer,Support,Tier 2,Telecom,216,212,188,24,24,289,54332,32.71698113,17,1,1,77,1,95,83
2024-06-22,Saturday,25,June,2024,13,Portugal,EMEA,Portugal Hub,EMEA_EMAIL_SUPPORT_T3,Chat,Enterprise,Support,Tier 1,Healthcare,413,404,393,11,11,414,162702,11.27227723,34,5,7,66,5,76,60
2022-10-31,Monday,44,October,2022,12,Romania,EMEA,Romania Hub,EMEA_CHAT_SUPPORT_T1,Chat,Premium,Support,Tier 1,Healthcare,247,231,215,16,16,454,97610,31.44588745,27,3,4,69,3,84,64
2024-08-29,Thursday,35,August,2024,19,Denmark,EMEA,Denmark Hub,EMEA_CHAT_SUPPORT_T1,Email,Enterprise,Support,Tier 1,Retail,452,442,415,27,27,196,81340,11.97285068,22,2,2,67,1,78,60
2025-04-28,Monday,18,April,2025,4,Ireland,EMEA,Dublin,TECH_SUPPORT_EMAIL_T3,Voice,Enterprise,Tech Support,Tier 2,Retail,201,189,180,9,9,326,58680,15.52380952,34,2,3,67,2,77,65
2022-02-20,Sunday,7,February,2022,4,Slovenia,EMEA,Slovenia Hub,EMEA_EMAIL_SUPPORT_T3,Email,Premium,Support,Tier 2,E-commerce,72,53,49,4,4,722,35378,54.49056604,35,1,1,81,1,92,83
2025-04-23,Wednesday,17,April,2025,1,Hungary,EMEA,Hungary Hub,EMEA_RETAIL_VOICE_T2,Email,Consumer,Support,Tier 2,E-commerce,410,425,421,4,4,203,85463,1.910588235,33,2,3,80,2,78,80
2023-05-02,Tuesday,18,May,2023,17,Greece,EMEA,Greece Hub,OUTBOUND_SALES_T2,Email,Consumer,Outbound,Tier 1,Retail,455,438,431,7,7,505,217655,8.070776256,30,7,9,94,8,88,68
2022-05-16,Monday,20,May,2022,6,Germany,EMEA,Berlin,INBOUND_VOICE_TIER1,Email,Enterprise,Inbound,Tier 1,Banking,93,90,70,20,20,650,45500,144.4444444,32,1,1,86,1,79,70
2022-08-24,Wednesday,34,August,2022,5,Ukraine,EMEA,Ukraine Hub,CUSTOMER_SUPPORT_CHAT_T1,Voice,Consumer,Customer Support,Tier 2,Banking,89,103,95,8,8,493,46835,38.29126214,16,1,1,86,1,81,72
2024-07-25,Thursday,30,July,2024,3,Romania,EMEA,Romania Hub,EMEA_CORE_EMAIL_TIER2,Chat,Enterprise,Support,Tier 2,Retail,238,242,212,30,30,343,72716,42.52066116,24,2,2,78,2,92,81
2025-02-27,Thursday,9,February,2025,5,Turkey,EMEA,Turkey Hub,OUTBOUND_SALES_T2,Chat,Premium,Outbound,Tier 2,Healthcare,135,127,108,19,19,262,28296,39.19685039,35,0,0,68,0,86,81
2022-11-17,Thursday,46,November,2022,13,Russia,EMEA,Russia Hub,EMEA_CHAT_SUPPORT_T1,Chat,Premium,Support,Tier 2,Banking,185,172,145,27,27,485,70325,76.13372093,23,2,2,71,1,81,65
2024-09-29,Sunday,39,September,2024,14,Bulgaria,EMEA,Bulgaria Hub,RETENTION_VOICE_T2,Chat,Consumer,Retention,Tier 3,E-commerce,212,215,191,24,24,328,62648,36.61395349,22,2,2,88,2,92,68
2024-11-21,Thursday,47,November,2024,6,Spain,EMEA,Madrid,RETENTION_VOICE_T2,Chat,Enterprise,Retention,Tier 1,E-commerce,152,144,137,7,7,750,102750,36.45833333,26,3,4,68,3,73,64
2023-02-22,Wednesday,8,February,2023,16,Turkey,EMEA,Turkey Hub,EMEA_CORE_EMAIL_T2,Voice,Consumer,Support,Tier 2,Telecom,122,106,98,8,8,288,28224,21.73584906,26,0,0,85,0,91,81
2025-11-26,Wednesday,48,November,2025,9,Poland,EMEA,Poland Hub,EMEA_RETAIL_VOICE_T2,Voice,Premium,Support,Tier 3,Banking,217,244,226,18,18,841,190066,62.04098361,16,6,7,86,6,90,66
2022-08-09,Tuesday,32,August,2022,20,Romania,EMEA,Romania Hub,RETENTION_VOICE_T2,Email,Consumer,Retention,Tier 1,Banking,360,353,328,25,25,732,240096,51.84135977,35,8,11,82,9,79,83
2023-11-22,Wednesday,47,November,2023,5,Greece,EMEA,Greece Hub,INBOUND_VOICE_TIER1,Email,Consumer,Inbound,Tier 2,Telecom,274,258,240,18,18,202,48480,14.09302326,34,1,1,83,1,72,66
2021-06-09,Wednesday,23,June,2021,21,Spain,EMEA,Madrid,EMEA_CHAT_SUPPORT_T1,Voice,Consumer,Support,Tier 3,Banking,307,325,308,17,17,802,247016,41.95076923,25,8,10,75,8,93,77
2025-10-20,Monday,43,October,2025,11,Iceland,EMEA,Iceland Hub,CUSTOMER_SUPPORT_CHAT_T1,Voice,Enterprise,Customer Support,Tier 2,E-commerce,458,485,471,14,14,600,282600,17.31958763,18,9,11,91,10,74,61
2023-04-03,Monday,14,April,2023,8,South Africa,EMEA,Cape Town,INBOUND_VOICE_TIER1,Email,Premium,Inbound,Tier 3,Retail,226,242,218,24,24,389,84802,38.5785124,29,2,3,93,3,93,62
2022-03-09,Wednesday,10,March,2022,11,Italy,EMEA,Rome,OUTBOUND_SALES_T2,Email,Consumer,Outbound,Tier 2,Retail,282,295,293,2,2,243,71199,1.647457627,29,2,3,72,2,88,83
2025-02-06,Thursday,6,February,2025,12,Ireland,EMEA,Dublin,INBOUND_VOICE_TIER1,Email,Premium,Inbound,Tier 1,Telecom,198,225,197,28,28,847,166859,105.4044444,15,5,6,77,5,87,86
2021-08-23,Monday,34,August,2021,23,Slovenia,EMEA,Slovenia Hub,EMEA_CHAT_SUPPORT_T1,Email,Enterprise,Support,Tier 2,Banking,496,492,488,4,4,650,317200,5.284552846,22,11,13,66,9,70,72
2025-09-29,Monday,40,September,2025,4,Netherlands,EMEA,Amsterdam,EMEA_EMAIL_SUPPORT_T3,Email,Premium,Support,Tier 1,Healthcare,105,104,102,2,2,209,21318,4.019230769,16,0,0,83,0,87,81
2022-08-15,Monday,33,August,2022,11,Romania,EMEA,Romania Hub,EMEA_CORE_EMAIL_TIER2,Voice,Premium,Support,Tier 2,Telecom,291,287,257,30,30,637,163709,66.58536585,19,5,6,84,5,93,87
2025-05-23,Friday,21,May,2025,11,Bulgaria,EMEA,Bulgaria Hub,CUSTOMER_SUPPORT_CHAT_T1,Email,Enterprise,Customer Support,Tier 1,Banking,348,368,355,13,13,756,268380,26.70652174,30,9,12,95,11,77,63
2022-12-08,Thursday,49,December,2022,7,Belgium,EMEA,Belgium Hub,EMEA_RETAIL_VOICE_T2,Voice,Premium,Support,Tier 3,Telecom,356,374,369,5,5,677,249813,9.050802139,26,8,10,65,7,91,63
2021-01-06,Wednesday,1,January,2021,8,Ireland,EMEA,Dublin,EMEA_CORE_EMAIL_T2,Voice,Premium,Support,Tier 2,Healthcare,153,158,152,6,6,491,74632,18.64556962,26,2,3,77,2,85,83
2025-10-21,Tuesday,43,October,2025,9,Czech Republic,EMEA,Czech Republic Hub,EMEA_CHAT_SUPPORT_T1,Chat,Consumer,Support,Tier 3,Banking,80,87,80,7,7,493,39440,39.66666667,35,1,1,70,1,89,75
2021-03-19,Friday,11,March,2021,9,Czech Republic,EMEA,Czech Republic Hub,EMEA_RETAIL_VOICE_T2,Voice,Premium,Support,Tier 3,Retail,231,243,225,18,18,277,62325,20.51851852,30,2,3,83,2,92,68
2024-09-06,Friday,36,September,2024,12,Greece,EMEA,Greece Hub,EMEA_CORE_EMAIL_TIER2,Email,Enterprise,Support,Tier 3,Telecom,281,278,248,30,30,600,148800,64.74820144,19,5,6,95,6,77,67
2025-09-19,Friday,38,September,2025,5,Denmark,EMEA,Denmark Hub,TECH_SUPPORT_EMAIL_T3,Email,Premium,Tech Support,Tier 1,E-commerce,163,191,161,30,30,309,49749,48.53403141,23,1,1,86,1,91,80
2025-10-29,Wednesday,44,October,2025,5,Spain,EMEA,Madrid,EMEA_CHAT_SUPPORT_T1,Voice,Enterprise,Support,Tier 3,Retail,490,506,497,9,9,253,125741,4.5,26,4,5,73,4,80,78
2025-12-03,Wednesday,49,December,2025,22,Sweden,EMEA,Sweden Hub,CUSTOMER_SUPPORT_CHAT_T1,Voice,Enterprise,Customer Support,Tier 2,Banking,240,232,226,6,6,799,180574,20.6637931,18,6,7,89,6,81,79
2025-05-29,Thursday,22,May,2025,11,Netherlands,EMEA,Amsterdam,INBOUND_VOICE_TIER1,Voice,Premium,Inbound,Tier 1,Healthcare,244,250,230,20,20,518,119140,41.44,27,4,5,95,5,78,79
2022-08-25,Thursday,34,August,2022,23,Italy,EMEA,Rome,RETENTION_VOICE_T2,Chat,Consumer,Retention,Tier 1,Healthcare,120,132,107,25,25,355,37985,67.23484848,16,1,1,71,1,91,83
2024-09-22,Sunday,38,September,2024,23,Netherlands,EMEA,Amsterdam,EMEA_CHAT_SUPPORT_T1,Email,Consumer,Support,Tier 2,Retail,357,363,341,22,22,295,100595,17.87878788,17,3,4,90,4,77,90
2024-03-15,Friday,11,March,2024,2,Hungary,EMEA,Hungary Hub,CUSTOMER_SUPPORT_CHAT_T1,Email,Premium,Customer Support,Tier 2,Healthcare,131,121,119,2,2,738,87822,12.19834711,24,3,4,70,3,91,82
2025-03-01,Saturday,9,March,2025,17,Norway,EMEA,Norway Hub,EMEA_EMAIL_SUPPORT_T3,Voice,Consumer,Support,Tier 2,Telecom,53,43,24,19,19,540,12960,238.6046512,24,0,0,91,0,90,75
2023-03-18,Saturday,11,March,2023,2,Ireland,EMEA,Dublin,EMEA_CORE_EMAIL_TIER2,Voice,Enterprise,Support,Tier 1,Banking,73,86,62,24,24,593,36766,165.4883721,19,1,1,82,1,85,62
2022-02-25,Friday,8,February,2022,9,Sweden,EMEA,Sweden Hub,EMEA_CORE_EMAIL_T2,Email,Enterprise,Support,Tier 3,Banking,339,352,337,15,15,897,302289,38.22443182,26,10,13,72,9,87,75
2022-05-16,Monday,20,May,2022,5,Norway,EMEA,Norway Hub,CUSTOMER_SUPPORT_CHAT_T1,Chat,Enterprise,Customer Support,Tier 2,Retail,400,384,359,25,25,191,68569,12.43489583,21,2,2,75,2,93,65
2024-08-29,Thursday,35,August,2024,9,Hungary,EMEA,Hungary Hub,TECH_SUPPORT_EMAIL_T3,Chat,Consumer,Tech Support,Tier 3,Banking,148,129,115,14,14,766,88090,83.13178295,25,3,4,91,4,76,88
2022-09-18,Sunday,37,September,2022,17,Ireland,EMEA,Dublin,EMEA_CORE_EMAIL_T2,Chat,Consumer,Support,Tier 1,Banking,466,451,436,15,15,474,206664,15.76496674,21,7,8,86,7,81,60
2021-01-05,Tuesday,1,January,2021,12,Belgium,EMEA,Belgium Hub,CUSTOMER_SUPPORT_CHAT_T1,Voice,Enterprise,Customer Support,Tier 1,Healthcare,458,445,421,24,24,206,86726,11.11011236,32,3,4,77,3,78,76
2021-04-07,Wednesday,14,April,2021,17,South Africa,EMEA,Cape Town,TECH_SUPPORT_EMAIL_T3,Email,Consumer,Tech Support,Tier 3,Telecom,240,226,215,11,11,875,188125,42.58849558,18,6,7,68,5,78,70
2025-06-06,Friday,23,June,2025,2,Spain,EMEA,Madrid,EMEA_CORE_EMAIL_T2,Voice,Premium,Support,Tier 1,E-commerce,142,145,119,26,26,828,98532,148.4689655,16,3,3,93,3,73,60
2025-02-02,Sunday,5,February,2025,2,Bulgaria,EMEA,Bulgaria Hub,OUTBOUND_SALES_T2,Chat,Enterprise,Outbound,Tier 3,Telecom,315,306,299,7,7,856,255944,19.58169935,19,8,10,77,8,89,69
2023-07-06,Thursday,27,July,2023,3,United Kingdom,EMEA,London,EMEA_CORE_EMAIL_T2,Voice,Consumer,Support,Tier 2,E-commerce,267,277,274,3,3,245,67130,2.653429603,29,2,3,71,2,72,60
2023-10-27,Friday,43,October,2023,18,Ireland,EMEA,Dublin,TECH_SUPPORT_EMAIL_T3,Voice,Premium,Tech Support,Tier 3,Telecom,254,284,279,5,5,344,95976,6.056338028,35,3,4,89,4,90,64
2024-12-08,Sunday,49,December,2024,17,Israel,EMEA,Israel Hub,EMEA_CORE_EMAIL_T2,Voice,Enterprise,Support,Tier 1,Retail,287,310,292,18,18,877,256084,50.92258065,24,8,10,79,8,84,90
2021-04-07,Wednesday,14,April,2021,16,Ireland,EMEA,Dublin,TECH_SUPPORT_EMAIL_T3,Voice,Enterprise,Tech Support,Tier 3,Healthcare,285,271,262,9,9,324,84888,10.7601476,27,2,3,74,2,79,80
2025-10-26,Sunday,43,October,2025,18,Hungary,EMEA,Hungary Hub,OUTBOUND_SALES_T2,Email,Consumer,Outbound,Tier 1,E-commerce,222,204,198,6,6,868,171864,25.52941176,28,5,6,86,5,76,78
2025-01-28,Tuesday,5,January,2025,15,South Africa,EMEA,Cape Town,EMEA_RETAIL_VOICE_T2,Email,Premium,Support,Tier 2,E-commerce,318,344,328,16,16,551,180728,25.62790698,24,6,7,78,5,73,69
2022-10-24,Monday,43,October,2022,18,Bulgaria,EMEA,Bulgaria Hub,INBOUND_VOICE_TIER1,Voice,Consumer,Inbound,Tier 1,E-commerce,151,142,118,24,24,500,59000,84.50704225,26,2,3,83,2,86,63
2024-04-13,Saturday,15,April,2024,0,Portugal,EMEA,Portugal Hub,EMEA_CORE_EMAIL_T2,Voice,Enterprise,Support,Tier 3,Healthcare,186,171,154,17,17,540,83160,53.68421053,21,2,2,71,1,95,88
2022-09-01,Thursday,35,September,2022,17,Israel,EMEA,Israel Hub,EMEA_CORE_EMAIL_T2,Email,Premium,Support,Tier 3,E-commerce,286,295,267,28,28,274,73158,26.00677966,25,2,3,80,2,91,82
2023-07-28,Friday,30,July,2023,16,Ireland,EMEA,Dublin,OUTBOUND_SALES_T2,Voice,Premium,Outbound,Tier 2,Banking,398,391,382,9,9,694,265108,15.97442455,31,9,12,69,8,77,64
2024-04-20,Saturday,16,April,2024,4,Germany,EMEA,Berlin,OUTBOUND_SALES_T2,Voice,Premium,Outbound,Tier 3,Retail,58,87,69,18,18,362,24978,74.89655172,28,0,0,90,0,92,90
2021-02-22,Monday,8,February,2021,1,Hungary,EMEA,Hungary Hub,EMEA_CORE_EMAIL_TIER2,Email,Enterprise,Support,Tier 2,Healthcare,406,432,415,17,17,473,196295,18.61342593,25,6,8,91,7,79,89
2022-05-09,Monday,19,May,2022,17,France,EMEA,Paris,RETENTION_VOICE_T2,Email,Enterprise,Retention,Tier 1,Healthcare,336,352,333,19,19,274,91242,14.78977273,16,3,3,78,2,85,69
2022-02-13,Sunday,6,February,2022,13,Denmark,EMEA,Denmark Hub,EMEA_RETAIL_VOICE_T2,Email,Premium,Support,Tier 3,E-commerce,311,293,267,26,26,371,99057,32.92150171,32,3,4,94,4,72,60
2023-02-20,Monday,8,February,2023,19,Italy,EMEA,Rome,RETENTION_VOICE_T2,Voice,Premium,Retention,Tier 3,Healthcare,325,312,308,4,4,234,72072,3.0,28,2,3,72,2,73,62
2022-09-24,Saturday,38,September,2022,12,Belgium,EMEA,Belgium Hub,CUSTOMER_SUPPORT_CHAT_T1,Chat,Consumer,Customer Support,Tier 3,E-commerce,289,318,315,3,3,804,253260,7.58490566,26,8,10,95,10,83,65
2025-08-18,Monday,34,August,2025,10,Greece,EMEA,Greece Hub,EMEA_RETAIL_VOICE_T2,Email,Enterprise,Support,Tier 1,Banking,120,147,129,18,18,800,103200,97.95918367,25,3,4,73,3,81,84
2022-12-29,Thursday,52,December,2022,21,Romania,EMEA,Romania Hub,EMEA_CORE_EMAIL_TIER2,Chat,Enterprise,Support,Tier 3,E-commerce,148,148,134,14,14,366,49044,34.62162162,16,1,1,70,1,76,84
2021-01-23,Saturday,3,January,2021,17,Bulgaria,EMEA,Bulgaria Hub,TECH_SUPPORT_EMAIL_T3,Chat,Premium,Tech Support,Tier 2,E-commerce,267,296,285,11,11,730,208050,27.12837838,29,7,9,71,6,84,70
2024-10-25,Friday,43,October,2024,1,Turkey,EMEA,Turkey Hub,EMEA_CORE_EMAIL_TIER2,Email,Consumer,Support,Tier 3,Healthcare,164,172,159,13,13,321,51039,24.26162791,15,1,1,77,1,78,74
2021-04-27,Tuesday,17,April,2021,8,Ukraine,EMEA,Ukraine Hub,RETENTION_VOICE_T2,Chat,Enterprise,Retention,Tier 1,Retail,395,409,385,24,24,813,313005,47.70660147,33,10,13,71,9,84,69
2022-11-26,Saturday,47,November,2022,4,Turkey,EMEA,Turkey Hub,OUTBOUND_SALES_T2,Voice,Enterprise,Outbound,Tier 3,Healthcare,317,322,301,21,21,263,79163,17.15217391,21,2,2,77,2,94,90
2025-04-10,Thursday,15,April,2025,4,Kenya,EMEA,Kenya Hub,INBOUND_VOICE_TIER1,Email,Premium,Inbound,Tier 2,Banking,465,482,453,29,29,541,245073,32.54979253,16,8,9,65,6,71,64
2021-08-15,Sunday,32,August,2021,6,Italy,EMEA,Rome,EMEA_RETAIL_VOICE_T2,Voice,Premium,Support,Tier 1,Healthcare,165,166,160,6,6,633,101280,22.87951807,31,3,4,65,3,82,69
2022-11-08,Tuesday,45,November,2022,10,Luxembourg,EMEA,Luxembourg Hub,CUSTOMER_SUPPORT_CHAT_T1,Email,Premium,Customer Support,Tier 3,Banking,290,285,259,26,26,493,127687,44.9754386,20,4,5,94,5,94,60
2024-03-28,Thursday,13,March,2024,17,Sweden,EMEA,Sweden Hub,OUTBOUND_SALES_T2,Chat,Enterprise,Outbound,Tier 2,Healthcare,283,308,306,2,2,243,74358,1.577922078,17,2,2,74,1,89,86
2025-04-03,Thursday,14,April,2025,12,Sweden,EMEA,Sweden Hub,EMEA_CORE_EMAIL_TIER2,Email,Premium,Support,Tier 2,E-commerce,490,508,496,12,12,760,376960,17.95275591,29,13,17,89,15,71,74
2024-01-18,Thursday,3,January,2024,2,Germany,EMEA,Berlin,EMEA_CORE_EMAIL_TIER2,Chat,Premium,Support,Tier 3,Retail,392,374,348,26,26,749,260652,52.06951872,30,9,12,66,8,87,90
2023-06-04,Sunday,22,June,2023,6,Iceland,EMEA,Iceland Hub,INBOUND_VOICE_TIER1,Chat,Enterprise,Inbound,Tier 3,Retail,111,137,124,13,13,320,39680,30.3649635,16,1,1,73,1,74,86
2022-01-11,Tuesday,2,January,2022,2,Sweden,EMEA,Sweden Hub,OUTBOUND_SALES_T2,Email,Premium,Outbound,Tier 1,Healthcare,273,280,271,9,9,844,228724,27.12857143,26,7,9,68,6,85,69
2023-10-28,Saturday,43,October,2023,20,Romania,EMEA,Romania Hub,TECH_SUPPORT_EMAIL_T3,Email,Enterprise,Tech Support,Tier 2,Banking,404,392,367,25,25,696,255432,44.3877551,26,8,10,66,7,84,60
2025-04-21,Monday,17,April,2025,20,United Kingdom,EMEA,London,EMEA_CHAT_SUPPORT_T1,Voice,Enterprise,Support,Tier 1,Telecom,190,171,166,5,5,786,130476,22.98245614,19,4,5,95,5,88,62
2022-08-16,Tuesday,33,August,2022,22,Poland,EMEA,Poland Hub,EMEA_CHAT_SUPPORT_T1,Email,Enterprise,Support,Tier 1,Banking,248,260,250,10,10,722,180500,27.76923077,16,6,7,88,6,95,62
2024-03-22,Friday,12,March,2024,2,Finland,EMEA,Finland Hub,CUSTOMER_SUPPORT_CHAT_T1,Voice,Enterprise,Customer Support,Tier 3,E-commerce,303,293,287,6,6,831,238497,17.01706485,18,8,9,72,6,80,76
2025-02-18,Tuesday,8,February,2025,19,South Africa,EMEA,Cape Town,EMEA_EMAIL_SUPPORT_T3,Chat,Consumer,Support,Tier 2,Retail,489,492,485,7,7,699,339015,9.945121951,27,11,14,81,11,76,83
2021-03-27,Saturday,12,March,2021,12,United Kingdom,EMEA,London,TECH_SUPPORT_EMAIL_T3,Chat,Premium,Tech Support,Tier 1,Retail,183,170,146,24,24,556,81176,78.49411765,18,2,2,83,2,90,86
2025-07-28,Monday,31,July,2025,5,Czech Republic,EMEA,Czech Republic Hub,TECH_SUPPORT_EMAIL_T3,Chat,Enterprise,Tech Support,Tier 1,Retail,414,402,372,30,30,516,191952,38.50746269,21,6,7,82,6,74,65
2022-11-14,Monday,46,November,2022,0,Denmark,EMEA,Denmark Hub,OUTBOUND_SALES_T2,Email,Premium,Outbound,Tier 3,Retail,403,385,363,22,22,430,156090,24.57142857,28,5,6,75,5,86,77
2024-06-11,Tuesday,24,June,2024,21,Hungary,EMEA,Hungary Hub,OUTBOUND_SALES_T2,Email,Enterprise,Outbound,Tier 3,Retail,228,234,209,25,25,728,152152,77.77777778,17,5,6,85,5,71,60
2021-07-14,Wednesday,28,July,2021,15,United Kingdom,EMEA,London,CUSTOMER_SUPPORT_CHAT_T1,Chat,Premium,Customer Support,Tier 1,E-commerce,374,365,340,25,25,479,162860,32.80821918,24,5,6,67,4,82,83
2023-08-10,Thursday,32,August,2023,13,Romania,EMEA,Romania Hub,TECH_SUPPORT_EMAIL_T3,Voice,Enterprise,Tech Support,Tier 2,Banking,443,459,450,9,9,314,141300,6.156862745,29,4,5,72,4,86,63
2023-01-07,Saturday,1,January,2023,6,Ukraine,EMEA,Ukraine Hub,EMEA_CORE_EMAIL_TIER2,Email,Consumer,Support,Tier 2,Telecom,82,92,85,7,7,412,35020,31.34782609,18,1,1,68,1,73,72
2023-07-03,Monday,27,July,2023,4,Russia,EMEA,Russia Hub,EMEA_RETAIL_VOICE_T2,Voice,Enterprise,Support,Tier 1,Telecom,475,466,436,30,30,485,211460,31.22317597,20,7,8,77,6,74,62
2021-07-14,Wednesday,28,July,2021,14,Luxembourg,EMEA,Luxembourg Hub,EMEA_CORE_EMAIL_TIER2,Voice,Consumer,Support,Tier 3,Healthcare,126,153,134,19,19,486,65124,60.35294118,16,2,2,67,1,80,77
2023-07-03,Monday,27,July,2023,21,Italy,EMEA,Rome,EMEA_CHAT_SUPPORT_T1,Chat,Enterprise,Support,Tier 3,Banking,332,334,323,11,11,193,62339,6.356287425,31,2,3,72,2,93,78
2021-03-18,Thursday,11,March,2021,20,Luxembourg,EMEA,Luxembourg Hub,EMEA_CORE_EMAIL_T2,Email,Enterprise,Support,Tier 2,E-commerce,277,263,236,27,27,543,128148,55.74524715,23,4,5,81,4,78,73
2024-05-10,Friday,19,May,2024,18,South Africa,EMEA,Cape Town,OUTBOUND_SALES_T2,Voice,Premium,Outbound,Tier 3,Retail,363,378,378,0,0,314,118692,0.0,29,4,5,93,5,73,60
2023-02-05,Sunday,5,February,2023,3,Ireland,EMEA,Dublin,EMEA_CORE_EMAIL_T2,Chat,Consumer,Support,Tier 1,Telecom,335,329,322,7,7,870,280140,18.5106383,33,9,12,81,10,88,82
2025-05-24,Saturday,21,May,2025,5,Belgium,EMEA,Belgium Hub,CUSTOMER_SUPPORT_CHAT_T1,Chat,Consumer,Customer Support,Tier 1,E-commerce,255,247,244,3,3,188,45872,2.28340081,24,1,1,86,1,78,63
2023-02-16,Thursday,7,February,2023,7,Norway,EMEA,Norway Hub,EMEA_CORE_EMAIL_TIER2,Voice,Consumer,Support,Tier 2,Healthcare,377,391,361,30,30,279,100719,21.40664962,18,3,4,71,3,80,70
2024-03-22,Friday,12,March,2024,13,Ukraine,EMEA,Ukraine Hub,CUSTOMER_SUPPORT_CHAT_T1,Email,Premium,Customer Support,Tier 2,Banking,130,151,138,13,13,604,83352,52.0,20,2,2,95,2,80,62
2021-03-10,Wednesday,10,March,2021,1,Kenya,EMEA,Kenya Hub,TECH_SUPPORT_EMAIL_T3,Email,Premium,Tech Support,Tier 3,E-commerce,103,90,71,19,19,225,15975,47.5,30,0,0,82,0,91,78
2024-10-28,Monday,44,October,2024,6,Germany,EMEA,Berlin,OUTBOUND_SALES_T2,Chat,Consumer,Outbound,Tier 1,Retail,114,127,111,16,16,581,64491,73.19685039,34,2,3,94,3,82,64
2021-01-09,Saturday,1,January,2021,15,Finland,EMEA,Finland Hub,EMEA_CORE_EMAIL_TIER2,Chat,Enterprise,Support,Tier 1,Retail,306,299,272,27,27,447,121584,40.3645485,22,4,5,87,4,79,65
2025-04-08,Tuesday,15,April,2025,2,Bulgaria,EMEA,Bulgaria Hub,RETENTION_VOICE_T2,Chat,Premium,Retention,Tier 3,Banking,246,245,243,2,2,629,152847,5.134693878,30,5,7,90,6,71,72
2022-04-19,Tuesday,16,April,2022,16,Kenya,EMEA,Kenya Hub,EMEA_CORE_EMAIL_T2,Chat,Premium,Support,Tier 2,Healthcare,478,486,484,2,2,799,386716,3.288065844,35,13,18,94,17,70,67
2023-12-12,Tuesday,50,December,2023,19,Iceland,EMEA,Iceland Hub,CUSTOMER_SUPPORT_CHAT_T1,Email,Enterprise,Customer Support,Tier 1,Retail,204,209,201,8,8,691,138891,26.44976077,26,4,5,85,4,86,74
2025-11-02,Sunday,44,November,2025,3,Russia,EMEA,Russia Hub,OUTBOUND_SALES_T2,Chat,Premium,Outbound,Tier 2,Telecom,365,385,368,17,17,268,98624,11.83376623,18,3,4,90,4,80,61
2021-08-26,Thursday,34,August,2021,10,Italy,EMEA,Rome,EMEA_CORE_EMAIL_T2,Voice,Premium,Support,Tier 3,Healthcare,193,203,178,25,25,582,103596,71.67487685,18,3,4,79,3,83,89
2024-10-03,Thursday,40,October,2024,13,Israel,EMEA,Israel Hub,RETENTION_VOICE_T2,Chat,Premium,Retention,Tier 3,E-commerce,189,183,183,0,0,668,122244,0.0,34,4,5,77,4,82,61
2022-04-01,Friday,13,April,2022,8,Finland,EMEA,Finland Hub,CUSTOMER_SUPPORT_CHAT_T1,Voice,Consumer,Customer Support,Tier 3,Healthcare,324,304,304,0,0,366,111264,0.0,25,3,4,77,3,77,78
2023-09-05,Tuesday,36,September,2023,19,Italy,EMEA,Rome,OUTBOUND_SALES_T2,Email,Premium,Outbound,Tier 1,Healthcare,364,352,336,16,16,185,62160,8.409090909,18,2,2,76,2,90,66
2025-06-09,Monday,24,June,2025,15,Israel,EMEA,Israel Hub,OUTBOUND_SALES_T2,Chat,Enterprise,Outbound,Tier 2,Retail,165,163,151,12,12,295,44545,21.71779141,17,1,1,73,1,75,64
2022-11-29,Tuesday,48,November,2022,4,South Africa,EMEA,Cape Town,EMEA_CHAT_SUPPORT_T1,Email,Premium,Support,Tier 3,Banking,159,188,170,18,18,237,40290,22.69148936,17,1,1,65,1,85,89
2022-02-28,Monday,9,February,2022,6,Spain,EMEA,Madrid,EMEA_CORE_EMAIL_T2,Voice,Premium,Support,Tier 2,Banking,302,308,297,11,11,201,59697,7.178571429,30,2,3,93,3,81,62
2024-07-10,Wednesday,28,July,2024,1,France,EMEA,Paris,EMEA_EMAIL_SUPPORT_T3,Email,Enterprise,Support,Tier 3,Healthcare,125,148,143,5,5,554,79222,18.71621622,22,2,2,81,2,82,71
2021-05-24,Monday,21,May,2021,5,Ukraine,EMEA,Ukraine Hub,INBOUND_VOICE_TIER1,Chat,Premium,Inbound,Tier 1,Banking,112,137,137,0,0,480,65760,0.0,25,2,3,85,3,70,74
2025-06-11,Wednesday,24,June,2025,15,Norway,EMEA,Norway Hub,INBOUND_VOICE_TIER1,Email,Enterprise,Inbound,Tier 3,E-commerce,167,182,174,8,8,717,124758,31.51648352,31,4,5,81,4,88,72
2023-10-16,Monday,42,October,2023,1,Spain,EMEA,Madrid,TECH_SUPPORT_EMAIL_T3,Chat,Premium,Tech Support,Tier 2,Banking,84,111,108,3,3,801,86508,21.64864865,21,3,4,69,3,91,68
2021-08-29,Sunday,34,August,2021,19,Romania,EMEA,Romania Hub,EMEA_RETAIL_VOICE_T2,Chat,Premium,Support,Tier 1,Telecom,348,352,344,8,8,441,151704,10.02272727,35,5,7,67,5,78,69
2024-04-19,Friday,16,April,2024,23,Netherlands,EMEA,Amsterdam,EMEA_CHAT_SUPPORT_T1,Email,Premium,Support,Tier 2,Banking,493,476,448,28,28,246,110208,14.47058824,33,3,4,95,4,89,77
2025-01-03,Friday,1,January,2025,22,Slovakia,EMEA,Slovakia Hub,TECH_SUPPORT_EMAIL_T3,Chat,Premium,Tech Support,Tier 2,Healthcare,471,477,465,12,12,737,342705,18.5408805,17,11,13,67,9,78,69
2023-01-10,Tuesday,2,January,2023,1,Hungary,EMEA,Hungary Hub,INBOUND_VOICE_TIER1,Chat,Enterprise,Inbound,Tier 2,Banking,237,241,229,12,12,419,95951,20.86307054,21,3,4,78,3,70,69
2025-12-22,Monday,52,December,2025,7,Germany,EMEA,Berlin,EMEA_EMAIL_SUPPORT_T3,Chat,Consumer,Support,Tier 2,Healthcare,230,227,219,8,8,200,43800,7.04845815,28,1,1,77,1,71,65
2024-07-26,Friday,30,July,2024,3,Sweden,EMEA,Sweden Hub,TECH_SUPPORT_EMAIL_T3,Chat,Consumer,Tech Support,Tier 1,Retail,243,255,248,7,7,341,84568,9.360784314,31,2,3,77,2,81,76
2022-12-04,Sunday,48,December,2022,16,Italy,EMEA,Rome,RETENTION_VOICE_T2,Email,Consumer,Retention,Tier 3,Banking,219,204,190,14,14,725,137750,49.75490196,29,4,5,84,4,81,84
2025-03-21,Friday,12,March,2025,2,Greece,EMEA,Greece Hub,RETENTION_VOICE_T2,Chat,Consumer,Retention,Tier 3,Retail,212,221,199,22,22,444,88356,44.19909502,22,3,4,88,4,72,88
2022-04-07,Thursday,14,April,2022,19,Netherlands,EMEA,Amsterdam,EMEA_EMAIL_SUPPORT_T3,Email,Enterprise,Support,Tier 3,Healthcare,495,486,463,23,23,440,203720,20.82304527,20,7,8,75,6,83,65
2021-02-22,Monday,8,February,2021,11,Belgium,EMEA,Belgium Hub,EMEA_CHAT_SUPPORT_T1,Email,Enterprise,Support,Tier 2,Retail,354,356,335,21,21,307,102845,18.10955056,27,3,4,68,3,79,88
2024-12-31,Tuesday,1,December,2024,3,Luxembourg,EMEA,Luxembourg Hub,CUSTOMER_SUPPORT_CHAT_T1,Voice,Enterprise,Customer Support,Tier 2,Retail,231,225,219,6,6,571,125049,15.22666667,29,4,5,83,4,87,73
2022-07-17,Sunday,28,July,2022,17,Romania,EMEA,Romania Hub,TECH_SUPPORT_EMAIL_T3,Voice,Enterprise,Tech Support,Tier 3,E-commerce,320,305,298,7,7,754,224692,17.30491803,29,7,9,88,8,76,73
2025-01-21,Tuesday,4,January,2025,12,Germany,EMEA,Berlin,TECH_SUPPORT_EMAIL_T3,Voice,Premium,Tech Support,Tier 3,E-commerce,163,181,152,29,29,763,115976,122.2486188,35,4,5,90,5,73,64
2025-01-03,Friday,1,January,2025,9,Norway,EMEA,Norway Hub,TECH_SUPPORT_EMAIL_T3,Chat,Enterprise,Tech Support,Tier 1,Banking,190,189,172,17,17,690,118680,62.06349206,29,4,5,94,5,88,82
2024-01-19,Friday,3,January,2024,5,Ireland,EMEA,Dublin,CUSTOMER_SUPPORT_CHAT_T1,Chat,Premium,Customer Support,Tier 2,E-commerce,91,105,97,8,8,810,78570,61.71428571,34,2,3,66,2,72,62
2022-05-05,Thursday,18,May,2022,1,Norway,EMEA,Norway Hub,EMEA_CORE_EMAIL_TIER2,Voice,Consumer,Support,Tier 2,Healthcare,147,144,121,23,23,751,90871,119.9513889,24,3,4,93,4,73,85
2024-03-06,Wednesday,10,March,2024,23,Denmark,EMEA,Denmark Hub,CUSTOMER_SUPPORT_CHAT_T1,Chat,Enterprise,Customer Support,Tier 3,Healthcare,92,96,80,16,16,418,33440,69.66666667,19,1,1,91,1,71,81
2022-04-03,Sunday,13,April,2022,20,Iceland,EMEA,Iceland Hub,TECH_SUPPORT_EMAIL_T3,Voice,Premium,Tech Support,Tier 1,Telecom,184,184,181,3,3,544,98464,8.869565217,23,3,4,91,4,92,69
2024-06-30,Sunday,26,June,2024,10,Slovakia,EMEA,Slovakia Hub,EMEA_CHAT_SUPPORT_T1,Voice,Consumer,Support,Tier 3,Retail,128,156,128,28,28,538,68864,96.56410256,15,2,2,87,2,87,73
2025-02-13,Thursday,7,February,2025,20,Finland,EMEA,Finland Hub,EMEA_CORE_EMAIL_T2,Chat,Premium,Support,Tier 3,E-commerce,233,231,224,7,7,523,117152,15.84848485,23,4,5,79,4,92,70
2021-09-26,Sunday,38,September,2021,15,Turkey,EMEA,Turkey Hub,EMEA_CORE_EMAIL_T2,Chat,Premium,Support,Tier 1,E-commerce,459,470,443,27,27,647,286621,37.16808511,34,9,12,70,8,80,77
2021-11-09,Tuesday,45,November,2021,14,Israel,EMEA,Israel Hub,EMEA_CHAT_SUPPORT_T1,Email,Premium,Support,Tier 3,Telecom,437,452,449,3,3,318,142782,2.110619469,32,4,5,83,4,84,89
2021-02-21,Sunday,7,February,2021,19,Bulgaria,EMEA,Bulgaria Hub,CUSTOMER_SUPPORT_CHAT_T1,Voice,Enterprise,Customer Support,Tier 1,Telecom,253,258,231,27,27,373,86163,39.03488372,21,2,2,69,1,89,76
2022-08-15,Monday,33,August,2022,23,France,EMEA,Paris,EMEA_EMAIL_SUPPORT_T3,Email,Premium,Support,Tier 1,Healthcare,127,150,131,19,19,551,72181,69.79333333,26,2,3,68,2,76,71
2025-07-07,Monday,28,July,2025,18,Kenya,EMEA,Kenya Hub,EMEA_RETAIL_VOICE_T2,Voice,Enterprise,Support,Tier 1,Retail,134,163,158,5,5,875,138250,26.8404908,17,4,5,84,4,84,86
2021-07-19,Monday,29,July,2021,23,Greece,EMEA,Greece Hub,TECH_SUPPORT_EMAIL_T3,Chat,Enterprise,Tech Support,Tier 2,E-commerce,126,138,119,19,19,374,44506,51.49275362,26,1,1,82,1,78,65
2021-01-06,Wednesday,1,January,2021,19,Iceland,EMEA,Iceland Hub,INBOUND_VOICE_TIER1,Email,Enterprise,Inbound,Tier 1,Banking,361,379,378,1,1,420,158760,1.10817942,31,5,7,71,5,92,84
2025-09-11,Thursday,37,September,2025,4,United Kingdom,EMEA,London,EMEA_EMAIL_SUPPORT_T3,Voice,Premium,Support,Tier 2,Healthcare,486,489,489,0,0,740,361860,0.0,18,12,14,67,9,90,79
2021-02-09,Tuesday,6,February,2021,16,Russia,EMEA,Russia Hub,OUTBOUND_SALES_T2,Voice,Premium,Outbound,Tier 2,Retail,80,72,67,5,5,189,12663,13.125,34,0,0,88,0,93,87
2025-06-09,Monday,24,June,2025,19,Sweden,EMEA,Sweden Hub,RETENTION_VOICE_T2,Email,Enterprise,Retention,Tier 3,E-commerce,139,129,129,0,0,719,92751,0.0,15,3,3,68,2,91,63
2023-07-15,Saturday,28,July,2023,1,Netherlands,EMEA,Amsterdam,TECH_SUPPORT_EMAIL_T3,Email,Premium,Tech Support,Tier 1,E-commerce,173,185,168,17,17,404,67872,37.12432432,20,2,2,66,1,89,86
2021-03-01,Monday,9,March,2021,12,Ukraine,EMEA,Ukraine Hub,EMEA_CORE_EMAIL_T2,Email,Enterprise,Support,Tier 3,E-commerce,442,451,424,27,27,530,224720,31.72949002,28,7,9,83,7,76,60
2024-01-13,Saturday,2,January,2024,18,Italy,EMEA,Rome,TECH_SUPPORT_EMAIL_T3,Chat,Enterprise,Tech Support,Tier 1,E-commerce,160,168,158,10,10,789,124662,46.96428571,22,4,5,91,5,86,80
2025-01-23,Thursday,4,January,2025,11,Denmark,EMEA,Denmark Hub,RETENTION_VOICE_T2,Chat,Enterprise,Retention,Tier 2,Healthcare,333,322,293,29,29,462,135366,41.60869565,32,4,5,81,4,71,77
2024-07-14,Sunday,28,July,2024,9,United Kingdom,EMEA,London,EMEA_EMAIL_SUPPORT_T3,Voice,Enterprise,Support,Tier 3,Healthcare,115,115,87,28,28,809,70383,196.973913,30,2,3,93,3,75,72
2021-07-23,Friday,29,July,2021,5,Denmark,EMEA,Denmark Hub,TECH_SUPPORT_EMAIL_T3,Email,Premium,Tech Support,Tier 3,Telecom,455,467,438,29,29,377,165126,23.4111349,32,5,7,66,5,72,73
2021-02-16,Tuesday,7,February,2021,19,France,EMEA,Paris,INBOUND_VOICE_TIER1,Voice,Enterprise,Inbound,Tier 1,Banking,476,471,442,29,29,472,208624,29.06157113,16,7,8,80,6,83,64
2025-06-10,Tuesday,24,June,2025,10,Portugal,EMEA,Portugal Hub,INBOUND_VOICE_TIER1,Voice,Consumer,Inbound,Tier 3,Retail,213,207,186,21,21,533,99138,54.07246377,22,3,4,81,3,79,63
2022-01-22,Saturday,3,January,2022,6,Sweden,EMEA,Sweden Hub,EMEA_CHAT_SUPPORT_T1,Chat,Premium,Support,Tier 3,Healthcare,385,377,347,30,30,372,129084,29.60212202,30,4,5,74,4,80,60
2021-10-15,Friday,41,October,2021,15,Norway,EMEA,Norway Hub,TECH_SUPPORT_EMAIL_T3,Chat,Consumer,Tech Support,Tier 3,Healthcare,248,236,230,6,6,634,145820,16.11864407,21,5,6,80,5,74,68
2024-03-18,Monday,12,March,2024,2,Finland,EMEA,Finland Hub,EMEA_CORE_EMAIL_TIER2,Email,Premium,Support,Tier 3,Banking,227,225,202,23,23,400,80800,40.88888889,19,2,2,87,2,76,61
2025-04-05,Saturday,14,April,2025,13,Portugal,EMEA,Portugal Hub,TECH_SUPPORT_EMAIL_T3,Chat,Premium,Tech Support,Tier 2,Retail,415,438,419,19,19,395,165505,17.1347032,26,5,6,71,4,91,80
2022-06-07,Tuesday,23,June,2022,17,Russia,EMEA,Russia Hub,EMEA_CHAT_SUPPORT_T1,Email,Consumer,Support,Tier 3,Telecom,87,81,74,7,7,838,62012,72.41975309,21,2,2,83,2,92,74
2024-10-11,Friday,41,October,2024,18,Iceland,EMEA,Iceland Hub,EMEA_RETAIL_VOICE_T2,Chat,Enterprise,Support,Tier 3,E-commerce,63,49,31,18,18,301,9331,110.5714286,18,0,0,72,0,91,64
2023-05-14,Sunday,19,May,2023,13,Romania,EMEA,Romania Hub,EMEA_CORE_EMAIL_TIER2,Voice,Enterprise,Support,Tier 1,Retail,279,273,271,2,2,514,139294,3.765567766,28,4,5,70,4,72,80
2023-01-16,Monday,3,January,2023,4,Netherlands,EMEA,Amsterdam,CUSTOMER_SUPPORT_CHAT_T1,Chat,Enterprise,Customer Support,Tier 3,E-commerce,125,108,99,9,9,738,73062,61.5,25,2,3,73,2,86,81
2024-06-24,Monday,26,June,2024,22,Slovenia,EMEA,Slovenia Hub,EMEA_EMAIL_SUPPORT_T3,Email,Premium,Support,Tier 3,Banking,214,198,173,25,25,802,138746,101.2626263,17,4,5,84,4,71,76
2021-10-11,Monday,41,October,2021,18,Slovenia,EMEA,Slovenia Hub,EMEA_CORE_EMAIL_TIER2,Email,Consumer,Support,Tier 1,Banking,289,286,258,28,28,395,101910,38.67132867,32,3,4,89,4,88,60
2023-10-26,Thursday,43,October,2023,8,Iceland,EMEA,Iceland Hub,CUSTOMER_SUPPORT_CHAT_T1,Email,Enterprise,Customer Support,Tier 2,E-commerce,394,382,366,16,16,708,259128,29.65445026,27,8,10,93,9,87,86
2023-07-08,Saturday,27,July,2023,1,Finland,EMEA,Finland Hub,OUTBOUND_SALES_T2,Chat,Enterprise,Outbound,Tier 3,Healthcare,300,304,302,2,2,441,133182,2.90131579,23,4,5,67,3,85,85
2025-12-26,Friday,52,December,2025,5,Italy,EMEA,Rome,CUSTOMER_SUPPORT_CHAT_T1,Email,Consumer,Customer Support,Tier 3,Banking,252,241,213,28,28,268,57084,31.13692946,25,1,1,65,1,83,70
2024-08-13,Tuesday,33,August,2024,7,Italy,EMEA,Rome,INBOUND_VOICE_TIER1,Email,Consumer,Inbound,Tier 1,Banking,262,284,280,4,4,612,171360,8.61971831,17,5,6,72,4,90,64
2021-08-03,Tuesday,31,August,2021,2,Czech Republic,EMEA,Czech Republic Hub,RETENTION_VOICE_T2,Chat,Enterprise,Retention,Tier 3,Healthcare,64,75,67,8,8,186,12462,19.84,27,0,0,81,0,71,87
2024-05-23,Thursday,21,May,2024,17,South Africa,EMEA,Cape Town,TECH_SUPPORT_EMAIL_T3,Email,Enterprise,Tech Support,Tier 1,Banking,489,512,492,20,20,803,395076,31.3671875,30,13,17,66,11,78,62
2022-07-02,Saturday,26,July,2022,16,Morocco,EMEA,Morocco Hub,OUTBOUND_SALES_T2,Email,Consumer,Outbound,Tier 3,E-commerce,474,458,450,8,8,358,161100,6.253275109,18,5,6,92,6,87,63
2023-05-26,Friday,21,May,2023,23,Italy,EMEA,Rome,CUSTOMER_SUPPORT_CHAT_T1,Email,Consumer,Customer Support,Tier 2,Banking,327,307,303,4,4,899,272397,11.71335505,16,9,10,88,9,85,69
2023-11-27,Monday,48,November,2023,6,Greece,EMEA,Greece Hub,EMEA_CORE_EMAIL_TIER2,Email,Premium,Support,Tier 1,Healthcare,465,472,452,20,20,587,265324,24.87288136,19,9,11,84,9,91,88
2024-08-18,Sunday,33,August,2024,4,Bulgaria,EMEA,Bulgaria Hub,INBOUND_VOICE_TIER1,Chat,Enterprise,Inbound,Tier 3,Telecom,208,215,185,30,30,561,103785,78.27906977,28,3,4,93,4,89,79
2021-08-12,Thursday,32,August,2021,3,Greece,EMEA,Greece Hub,RETENTION_VOICE_T2,Chat,Premium,Retention,Tier 2,Banking,431,430,417,13,13,649,270633,19.62093023,23,9,11,92,10,77,88
2024-02-21,Wednesday,8,February,2024,0,France,EMEA,Paris,INBOUND_VOICE_TIER1,Chat,Consumer,Inbound,Tier 1,Telecom,88,108,79,29,29,427,33733,114.6574074,27,1,1,75,1,85,86
2023-05-18,Thursday,20,May,2023,16,Turkey,EMEA,Turkey Hub,EMEA_EMAIL_SUPPORT_T3,Chat,Premium,Support,Tier 3,Banking,321,330,315,15,15,734,231210,33.36363636,29,8,10,74,7,92,71
2024-09-11,Wednesday,37,September,2024,12,Bulgaria,EMEA,Bulgaria Hub,TECH_SUPPORT_EMAIL_T3,Voice,Consumer,Tech Support,Tier 2,E-commerce,464,468,444,24,24,538,238872,27.58974359,35,8,11,81,9,76,84
2021-03-08,Monday,10,March,2021,9,Morocco,EMEA,Morocco Hub,TECH_SUPPORT_EMAIL_T3,Voice,Enterprise,Tech Support,Tier 2,Retail,342,333,305,28,28,206,62830,17.32132132,29,2,3,95,3,82,82
2022-07-05,Tuesday,27,July,2022,5,France,EMEA,Paris,INBOUND_VOICE_TIER1,Voice,Premium,Inbound,Tier 2,Telecom,291,278,263,15,15,652,171476,35.17985612,32,5,7,87,6,90,90
2021-12-02,Thursday,48,December,2021,5,Morocco,EMEA,Morocco Hub,EMEA_CHAT_SUPPORT_T1,Email,Premium,Support,Tier 3,Telecom,340,356,356,0,0,504,179424,0.0,35,6,8,89,7,78,86
2021-10-10,Sunday,40,October,2021,20,Germany,EMEA,Berlin,CUSTOMER_SUPPORT_CHAT_T1,Email,Consumer,Customer Support,Tier 2,E-commerce,411,405,394,11,11,861,339234,23.38518519,22,11,13,73,9,95,81
2024-04-06,Saturday,14,April,2024,13,Czech Republic,EMEA,Czech Republic Hub,INBOUND_VOICE_TIER1,Email,Consumer,Inbound,Tier 3,Banking,264,291,264,27,27,588,155232,54.55670103,17,5,6,82,5,70,66
2021-11-14,Sunday,45,November,2021,22,Finland,EMEA,Finland Hub,EMEA_CHAT_SUPPORT_T1,Email,Consumer,Support,Tier 3,Healthcare,322,315,315,0,0,535,168525,0.0,25,5,6,79,5,94,81
2024-11-27,Wednesday,48,November,2024,6,Luxembourg,EMEA,Luxembourg Hub,INBOUND_VOICE_TIER1,Voice,Premium,Inbound,Tier 1,Telecom,417,397,383,14,14,607,232481,21.40554156,16,8,9,86,8,76,61
2021-06-29,Tuesday,26,June,2021,0,Poland,EMEA,Poland Hub,INBOUND_VOICE_TIER1,Chat,Premium,Inbound,Tier 3,Telecom,146,145,131,14,14,554,72574,53.48965517,34,2,3,86,3,73,78
2021-01-31,Sunday,4,January,2021,6,Greece,EMEA,Greece Hub,CUSTOMER_SUPPORT_CHAT_T1,Voice,Enterprise,Customer Support,Tier 3,E-commerce,223,219,201,18,18,615,123615,50.54794521,19,4,5,90,5,83,76
2022-04-04,Monday,14,April,2022,23,Hungary,EMEA,Hungary Hub,CUSTOMER_SUPPORT_CHAT_T1,Chat,Consumer,Customer Support,Tier 2,Retail,94,111,98,13,13,263,25774,30.8018018,32,0,0,90,0,77,78
2021-09-10,Friday,36,September,2021,14,Kenya,EMEA,Kenya Hub,OUTBOUND_SALES_T2,Chat,Premium,Outbound,Tier 3,Banking,448,439,434,5,5,425,184450,4.840546697,29,6,8,94,8,87,70
2022-03-27,Sunday,12,March,2022,7,Bulgaria,EMEA,Bulgaria Hub,EMEA_CORE_EMAIL_T2,Chat,Enterprise,Support,Tier 1,Telecom,457,450,444,6,6,674,299256,8.986666667,29,10,13,84,11,86,72
2022-07-11,Monday,28,July,2022,23,Kenya,EMEA,Kenya Hub,CUSTOMER_SUPPORT_CHAT_T1,Email,Premium,Customer Support,Tier 2,Healthcare,294,314,310,4,4,633,196230,8.063694268,26,6,8,95,8,92,82
2023-08-18,Friday,33,August,2023,15,Slovakia,EMEA,Slovakia Hub,EMEA_CORE_EMAIL_T2,Email,Enterprise,Support,Tier 1,Healthcare,268,255,234,21,21,282,65988,23.22352941,22,2,2,72,1,84,63
2025-11-05,Wednesday,45,November,2025,22,Sweden,EMEA,Sweden Hub,EMEA_CORE_EMAIL_TIER2,Email,Premium,Support,Tier 2,E-commerce,423,441,422,19,19,479,202138,20.63718821,35,7,9,80,7,89,62
2025-11-17,Monday,47,November,2025,5,Spain,EMEA,Madrid,EMEA_EMAIL_SUPPORT_T3,Chat,Enterprise,Support,Tier 3,Banking,397,383,373,10,10,675,251775,17.62402089,27,8,10,70,7,90,78
2025-05-12,Monday,20,May,2025,6,Italy,EMEA,Rome,EMEA_CHAT_SUPPORT_T1,Chat,Enterprise,Support,Tier 1,Retail,229,242,231,11,11,197,45507,8.954545455,26,1,1,75,1,95,65
2024-09-18,Wednesday,38,September,2024,18,Slovenia,EMEA,Slovenia Hub,EMEA_CORE_EMAIL_T2,Email,Enterprise,Support,Tier 3,E-commerce,379,395,367,28,28,310,113770,21.97468354,21,3,4,88,4,83,64
2025-04-24,Thursday,17,April,2025,0,Kenya,EMEA,Kenya Hub,CUSTOMER_SUPPORT_CHAT_T1,Voice,Premium,Customer Support,Tier 3,Retail,437,424,417,7,7,893,372381,14.74292453,29,12,15,84,13,70,72
2022-09-03,Saturday,35,September,2022,1,Ireland,EMEA,Dublin,OUTBOUND_SALES_T2,Email,Premium,Outbound,Tier 3,Telecom,456,439,410,29,29,489,200490,32.30296128,30,6,8,74,6,78,66
2023-10-21,Saturday,42,October,2023,9,Slovenia,EMEA,Slovenia Hub,EMEA_CHAT_SUPPORT_T1,Chat,Premium,Support,Tier 3,Telecom,63,71,68,3,3,852,57936,36.0,23,2,2,65,1,78,61
2024-05-13,Monday,20,May,2024,9,Turkey,EMEA,Turkey Hub,EMEA_CORE_EMAIL_TIER2,Voice,Premium,Support,Tier 1,Banking,84,110,88,22,22,502,44176,100.4,18,1,1,91,1,95,63
2023-12-10,Sunday,49,December,2023,23,Israel,EMEA,Israel Hub,EMEA_CORE_EMAIL_TIER2,Email,Premium,Support,Tier 1,Healthcare,484,470,453,17,17,253,114609,9.15106383,27,3,4,78,3,71,85
2024-04-24,Wednesday,17,April,2024,3,Portugal,EMEA,Portugal Hub,CUSTOMER_SUPPORT_CHAT_T1,Email,Consumer,Customer Support,Tier 1,E-commerce,345,360,359,1,1,354,127086,0.983333333,27,4,5,75,4,73,89
2023-03-12,Sunday,10,March,2023,11,Slovenia,EMEA,Slovenia Hub,EMEA_CHAT_SUPPORT_T1,Chat,Consumer,Support,Tier 2,Telecom,426,426,409,17,17,569,232721,22.70657277,24,8,10,75,8,72,66
2024-10-21,Monday,43,October,2024,13,Spain,EMEA,Madrid,EMEA_CHAT_SUPPORT_T1,Voice,Consumer,Support,Tier 1,Healthcare,328,336,332,4,4,447,148404,5.321428571,21,5,6,82,5,86,60
2025-09-15,Monday,38,September,2025,2,France,EMEA,Paris,RETENTION_VOICE_T2,Voice,Consumer,Retention,Tier 3,Healthcare,438,448,422,26,26,729,307638,42.30803571,15,10,12,77,9,94,68
2022-02-28,Monday,9,February,2022,13,Hungary,EMEA,Hungary Hub,EMEA_CORE_EMAIL_TIER2,Chat,Premium,Support,Tier 3,Healthcare,193,178,154,24,24,217,33418,29.25842697,32,1,1,86,1,79,68
2024-03-28,Thursday,13,March,2024,22,Bulgaria,EMEA,Bulgaria Hub,EMEA_CORE_EMAIL_TIER2,Chat,Enterprise,Support,Tier 2,Retail,84,82,52,30,30,780,40560,285.3658537,33,1,1,94,1,77,83
2023-11-28,Tuesday,48,November,2023,4,Spain,EMEA,Madrid,EMEA_RETAIL_VOICE_T2,Chat,Enterprise,Support,Tier 3,Retail,222,213,200,13,13,626,125200,38.20657277,34,4,5,71,4,76,79
2025-11-08,Saturday,45,November,2025,18,Sweden,EMEA,Sweden Hub,TECH_SUPPORT_EMAIL_T3,Voice,Premium,Tech Support,Tier 1,E-commerce,286,307,307,0,0,807,247749,0.0,23,8,10,90,9,85,76
2025-04-17,Thursday,16,April,2025,4,Morocco,EMEA,Morocco Hub,EMEA_RETAIL_VOICE_T2,Voice,Consumer,Support,Tier 3,Telecom,101,119,91,28,28,425,38675,100.0,26,1,1,87,1,86,78
2025-12-02,Tuesday,49,December,2025,19,Denmark,EMEA,Denmark Hub,OUTBOUND_SALES_T2,Voice,Enterprise,Outbound,Tier 2,Retail,254,279,265,14,14,471,124815,23.6344086,35,4,5,81,4,76,60
2024-05-14,Tuesday,20,May,2024,0,Spain,EMEA,Madrid,EMEA_RETAIL_VOICE_T2,Voice,Enterprise,Support,Tier 3,Healthcare,492,509,504,5,5,636,320544,6.247544204,35,11,15,89,13,78,78
2024-11-07,Thursday,45,November,2024,17,Ukraine,EMEA,Ukraine Hub,INBOUND_VOICE_TIER1,Voice,Consumer,Inbound,Tier 1,Banking,462,456,452,4,4,368,166336,3.228070175,22,5,6,92,6,79,86
2021-12-21,Tuesday,51,December,2021,6,Germany,EMEA,Berlin,EMEA_CORE_EMAIL_TIER2,Email,Consumer,Support,Tier 2,E-commerce,309,303,293,10,10,258,75594,8.514851485,18,2,2,76,2,74,72
2024-02-14,Wednesday,7,February,2024,7,Finland,EMEA,Finland Hub,RETENTION_VOICE_T2,Voice,Consumer,Retention,Tier 1,Telecom,437,419,416,3,3,494,205504,3.53699284,15,7,8,94,8,90,88
2022-10-25,Tuesday,43,October,2022,9,Poland,EMEA,Poland Hub,RETENTION_VOICE_T2,Email,Enterprise,Retention,Tier 1,Banking,406,400,383,17,17,369,141327,15.6825,23,4,5,75,4,77,66
2025-02-23,Sunday,8,February,2025,4,Spain,EMEA,Madrid,EMEA_CHAT_SUPPORT_T1,Chat,Premium,Support,Tier 2,Banking,286,274,256,18,18,490,125440,32.18978102,29,4,5,70,4,73,61
2023-03-01,Wednesday,9,March,2023,22,United Kingdom,EMEA,London,RETENTION_VOICE_T2,Chat,Premium,Retention,Tier 2,Telecom,309,317,299,18,18,636,190164,36.11356467,34,6,8,88,7,71,63
2021-04-25,Sunday,16,April,2021,15,Bulgaria,EMEA,Bulgaria Hub,OUTBOUND_SALES_T2,Voice,Consumer,Outbound,Tier 2,Retail,276,282,266,16,16,681,181146,38.63829787,27,6,8,87,7,87,80
2021-11-01,Monday,44,November,2021,21,Turkey,EMEA,Turkey Hub,EMEA_CORE_EMAIL_T2,Voice,Premium,Support,Tier 2,Telecom,400,428,398,30,30,716,284968,50.18691589,26,9,11,71,8,70,74
2022-01-13,Thursday,2,January,2022,2,Denmark,EMEA,Denmark Hub,TECH_SUPPORT_EMAIL_T3,Voice,Consumer,Tech Support,Tier 2,Telecom,418,448,423,25,25,468,197964,26.11607143,33,6,8,73,6,79,90
2022-11-03,Thursday,44,November,2022,0,Slovenia,EMEA,Slovenia Hub,OUTBOUND_SALES_T2,Voice,Enterprise,Outbound,Tier 2,Telecom,402,423,407,16,16,659,268213,24.92671395,21,9,11,85,9,90,85
2023-10-18,Wednesday,42,October,2023,8,Sweden,EMEA,Sweden Hub,EMEA_CORE_EMAIL_T2,Voice,Premium,Support,Tier 2,E-commerce,444,457,450,7,7,501,225450,7.673960613,26,7,9,87,8,88,76
2024-12-21,Saturday,51,December,2024,9,Portugal,EMEA,Portugal Hub,RETENTION_VOICE_T2,Chat,Consumer,Retention,Tier 1,E-commerce,425,414,399,15,15,201,80199,7.282608696,19,2,2,74,1,90,90
2022-08-05,Friday,31,August,2022,8,Russia,EMEA,Russia Hub,EMEA_RETAIL_VOICE_T2,Voice,Premium,Support,Tier 1,E-commerce,285,269,251,18,18,255,64005,17.06319703,28,2,3,85,3,80,86
2025-10-22,Wednesday,43,October,2025,17,Italy,EMEA,Rome,TECH_SUPPORT_EMAIL_T3,Email,Enterprise,Tech Support,Tier 2,Banking,389,383,371,12,12,868,322028,27.19582245,34,11,15,91,14,92,60
2023-01-21,Saturday,3,January,2023,10,Hungary,EMEA,Hungary Hub,EMEA_CORE_EMAIL_TIER2,Email,Enterprise,Support,Tier 1,Retail,442,448,444,4,4,656,291264,5.857142857,15,10,12,75,9,91,73
2021-09-28,Tuesday,39,September,2021,23,Luxembourg,EMEA,Luxembourg Hub,EMEA_CHAT_SUPPORT_T1,Chat,Enterprise,Support,Tier 3,Telecom,267,254,247,7,7,565,139555,15.57086614,17,4,5,70,4,94,83
2024-03-28,Thursday,13,March,2024,0,Russia,EMEA,Russia Hub,OUTBOUND_SALES_T2,Email,Enterprise,Outbound,Tier 3,Retail,383,394,378,16,16,523,197694,21.23857868,16,6,7,67,5,92,73
2023-02-28,Tuesday,9,February,2023,17,Iceland,EMEA,Iceland Hub,INBOUND_VOICE_TIER1,Chat,Premium,Inbound,Tier 2,Retail,254,251,230,21,21,825,189750,69.02390438,34,6,8,79,6,71,70
2022-04-27,Wednesday,17,April,2022,20,Portugal,EMEA,Portugal Hub,EMEA_CORE_EMAIL_T2,Email,Enterprise,Support,Tier 1,E-commerce,216,214,192,22,22,898,172416,92.31775701,18,5,6,85,5,80,67
2021-05-24,Monday,21,May,2021,18,Slovakia,EMEA,Slovakia Hub,EMEA_EMAIL_SUPPORT_T3,Voice,Premium,Support,Tier 1,Telecom,324,304,288,16,16,371,106848,19.52631579,23,3,4,90,4,82,77
2021-01-25,Monday,4,January,2021,11,South Africa,EMEA,Cape Town,OUTBOUND_SALES_T2,Voice,Premium,Outbound,Tier 3,E-commerce,82,66,39,27,27,530,20670,216.8181818,16,0,0,85,0,77,62
2025-04-30,Wednesday,18,April,2025,4,Hungary,EMEA,Hungary Hub,INBOUND_VOICE_TIER1,Voice,Premium,Inbound,Tier 3,Retail,470,473,469,4,4,199,93331,1.682875264,28,3,4,68,3,85,74
2023-03-04,Saturday,9,March,2023,13,Romania,EMEA,Romania Hub,EMEA_CORE_EMAIL_TIER2,Email,Premium,Support,Tier 2,E-commerce,388,412,404,8,8,687,277548,13.33980583,31,9,12,91,11,94,88
2022-03-02,Wednesday,9,March,2022,22,United Kingdom,EMEA,London,EMEA_CHAT_SUPPORT_T1,Email,Premium,Support,Tier 1,Healthcare,185,182,181,1,1,181,32761,0.994505495,21,1,1,79,1,77,79
2025-06-24,Tuesday,26,June,2025,18,Ireland,EMEA,Dublin,OUTBOUND_SALES_T2,Voice,Consumer,Outbound,Tier 2,E-commerce,128,125,110,15,15,662,72820,79.44,34,2,3,76,2,70,76
2025-01-27,Monday,5,January,2025,14,Russia,EMEA,Russia Hub,EMEA_CORE_EMAIL_T2,Email,Enterprise,Support,Tier 2,Telecom,116,140,140,0,0,837,117180,0.0,17,4,5,94,5,86,88
2023-05-17,Wednesday,20,May,2023,16,Kenya,EMEA,Kenya Hub,TECH_SUPPORT_EMAIL_T3,Email,Premium,Tech Support,Tier 1,Banking,295,293,265,28,28,586,155290,56.0,25,5,6,70,4,95,65
2021-03-08,Monday,10,March,2021,12,Ukraine,EMEA,Ukraine Hub,EMEA_CHAT_SUPPORT_T1,Chat,Enterprise,Support,Tier 2,Healthcare,251,245,229,16,16,550,125950,35.91836735,27,4,5,67,3,79,64
2023-11-11,Saturday,45,November,2023,18,Finland,EMEA,Finland Hub,EMEA_CORE_EMAIL_TIER2,Chat,Enterprise,Support,Tier 1,Telecom,231,243,229,14,14,817,187093,47.06995885,25,6,8,74,6,72,70
2022-01-19,Wednesday,3,January,2022,12,South Africa,EMEA,Cape Town,TECH_SUPPORT_EMAIL_T3,Chat,Premium,Tech Support,Tier 2,E-commerce,390,372,362,10,10,255,92310,6.85483871,17,3,4,73,3,95,66
2024-08-14,Wednesday,33,August,2024,1,Hungary,EMEA,Hungary Hub,OUTBOUND_SALES_T2,Email,Enterprise,Outbound,Tier 3,E-commerce,466,480,480,0,0,797,382560,0.0,35,13,18,78,14,77,89
2023-11-03,Friday,44,November,2023,0,Hungary,EMEA,Hungary Hub,EMEA_EMAIL_SUPPORT_T3,Voice,Consumer,Support,Tier 1,Healthcare,71,62,42,20,20,337,14154,108.7096774,34,0,0,73,0,78,87
2023-10-01,Sunday,39,October,2023,19,Morocco,EMEA,Morocco Hub,EMEA_CHAT_SUPPORT_T1,Voice,Enterprise,Support,Tier 2,Healthcare,403,392,388,4,4,371,143948,3.785714286,17,4,5,88,4,89,72
2021-07-25,Sunday,29,July,2021,1,Kenya,EMEA,Kenya Hub,EMEA_CORE_EMAIL_TIER2,Chat,Consumer,Support,Tier 1,Healthcare,112,129,129,0,0,600,77400,0.0,24,2,2,79,2,70,75
2022-11-12,Saturday,45,November,2022,5,Slovakia,EMEA,Slovakia Hub,EMEA_CORE_EMAIL_T2,Email,Enterprise,Support,Tier 1,Healthcare,177,189,186,3,3,336,62496,5.333333333,17,2,2,83,2,72,65
2024-10-06,Sunday,40,October,2024,4,Poland,EMEA,Poland Hub,TECH_SUPPORT_EMAIL_T3,Email,Premium,Tech Support,Tier 3,Banking,236,241,215,26,26,852,183180,91.91701245,27,6,8,75,6,77,74
2023-12-15,Friday,50,December,2023,18,Luxembourg,EMEA,Luxembourg Hub,EMEA_RETAIL_VOICE_T2,Chat,Enterprise,Support,Tier 2,E-commerce,159,163,151,12,12,429,64779,31.58282209,20,2,2,82,2,95,65
2024-04-14,Sunday,15,April,2024,3,Ukraine,EMEA,Ukraine Hub,EMEA_RETAIL_VOICE_T2,Voice,Premium,Support,Tier 3,Banking,146,171,153,18,18,611,93483,64.31578947,34,3,4,92,4,88,74
2025-07-24,Thursday,30,July,2025,11,Bulgaria,EMEA,Bulgaria Hub,RETENTION_VOICE_T2,Chat,Enterprise,Retention,Tier 1,Telecom,67,76,76,0,0,582,44232,0.0,35,1,1,74,1,75,64
2022-02-04,Friday,5,February,2022,21,Romania,EMEA,Romania Hub,TECH_SUPPORT_EMAIL_T3,Email,Premium,Tech Support,Tier 3,Retail,210,202,172,30,30,859,147748,127.5742574,16,5,6,66,4,92,87
2022-07-18,Monday,29,July,2022,18,Denmark,EMEA,Denmark Hub,EMEA_CORE_EMAIL_T2,Email,Premium,Support,Tier 3,Banking,213,198,169,29,29,263,44447,38.52020202,17,1,1,94,1,76,85
2021-03-09,Tuesday,10,March,2021,8,Greece,EMEA,Greece Hub,EMEA_CHAT_SUPPORT_T1,Email,Premium,Support,Tier 2,Retail,479,462,444,18,18,374,166056,14.57142857,32,5,7,95,7,85,73
2025-10-23,Thursday,43,October,2025,14,Poland,EMEA,Poland Hub,CUSTOMER_SUPPORT_CHAT_T1,Email,Enterprise,Customer Support,Tier 2,E-commerce,429,428,418,10,10,856,357808,20.0,26,12,15,74,11,74,61
2021-03-12,Friday,10,March,2021,18,Germany,EMEA,Berlin,RETENTION_VOICE_T2,Voice,Premium,Retention,Tier 1,Healthcare,310,320,314,6,6,203,63742,3.80625,30,2,3,73,2,82,74
2024-12-08,Sunday,49,December,2024,22,South Africa,EMEA,Cape Town,EMEA_CORE_EMAIL_T2,Chat,Premium,Support,Tier 2,Retail,453,458,446,12,12,357,159222,9.35371179,25,5,6,89,5,70,84
2022-05-29,Sunday,21,May,2022,15,Greece,EMEA,Greece Hub,EMEA_EMAIL_SUPPORT_T3,Voice,Enterprise,Support,Tier 2,Retail,61,56,29,27,27,703,20387,338.9464286,31,0,0,69,0,74,90
2023-07-29,Saturday,30,July,2023,13,Poland,EMEA,Poland Hub,RETENTION_VOICE_T2,Voice,Premium,Retention,Tier 1,Banking,479,498,496,2,2,556,275776,2.232931727,30,9,12,86,10,79,90
2025-03-04,Tuesday,10,March,2025,7,Israel,EMEA,Israel Hub,RETENTION_VOICE_T2,Voice,Premium,Retention,Tier 2,Retail,367,393,374,19,19,256,95744,12.37659033,17,3,4,65,3,87,60
2025-11-25,Tuesday,48,November,2025,20,Slovakia,EMEA,Slovakia Hub,TECH_SUPPORT_EMAIL_T3,Voice,Enterprise,Tech Support,Tier 2,E-commerce,76,76,48,28,28,585,28080,215.5263158,24,0,0,82,0,80,72
2023-10-03,Tuesday,40,October,2023,13,Romania,EMEA,Romania Hub,INBOUND_VOICE_TIER1,Chat,Consumer,Inbound,Tier 1,Healthcare,313,303,274,29,29,717,196458,68.62376238,25,6,8,89,7,70,72
2023-08-31,Thursday,35,August,2023,2,Sweden,EMEA,Sweden Hub,EMEA_CHAT_SUPPORT_T1,Chat,Consumer,Support,Tier 2,E-commerce,288,274,272,2,2,896,243712,6.540145985,20,8,10,69,7,75,62
2022-09-13,Tuesday,37,September,2022,19,Germany,EMEA,Berlin,OUTBOUND_SALES_T2,Voice,Consumer,Outbound,Tier 3,Banking,133,132,132,0,0,389,51348,0.0,16,1,1,70,1,73,62
2025-12-29,Monday,1,December,2025,9,Turkey,EMEA,Turkey Hub,INBOUND_VOICE_TIER1,Voice,Consumer,Inbound,Tier 2,E-commerce,370,393,378,15,15,683,258174,26.06870229,33,8,11,78,9,71,62
2025-09-14,Sunday,37,September,2025,6,Bulgaria,EMEA,Bulgaria Hub,EMEA_CHAT_SUPPORT_T1,Chat,Consumer,Support,Tier 2,Retail,377,395,375,20,20,508,190500,25.72151899,22,6,7,66,5,76,68
2023-02-15,Wednesday,7,February,2023,7,United Kingdom,EMEA,London,EMEA_EMAIL_SUPPORT_T3,Chat,Enterprise,Support,Tier 1,E-commerce,308,333,313,20,20,278,87014,16.6966967,34,3,4,85,3,81,64
2025-07-17,Thursday,29,July,2025,16,Slovenia,EMEA,Slovenia Hub,EMEA_CHAT_SUPPORT_T1,Chat,Enterprise,Support,Tier 1,Banking,347,364,359,5,5,559,200681,7.678571429,27,6,8,74,6,78,74
2023-12-18,Monday,51,December,2023,12,Turkey,EMEA,Turkey Hub,EMEA_RETAIL_VOICE_T2,Email,Enterprise,Support,Tier 3,E-commerce,319,340,321,19,19,841,269961,46.99705882,18,9,11,65,7,84,79
2022-10-28,Friday,43,October,2022,4,Turkey,EMEA,Turkey Hub,CUSTOMER_SUPPORT_CHAT_T1,Email,Enterprise,Customer Support,Tier 2,E-commerce,460,449,424,25,25,767,325208,42.70601336,18,11,13,67,9,79,82
2024-07-27,Saturday,30,July,2024,9,Denmark,EMEA,Denmark Hub,EMEA_CORE_EMAIL_TIER2,Email,Consumer,Support,Tier 3,E-commerce,318,304,282,22,22,739,208398,53.48026316,31,7,9,73,7,92,78
2025-03-29,Saturday,13,March,2025,2,Portugal,EMEA,Portugal Hub,EMEA_CHAT_SUPPORT_T1,Email,Enterprise,Support,Tier 2,Banking,126,148,136,12,12,308,41888,24.97297297,24,1,1,80,1,85,73
2022-12-30,Friday,52,December,2022,23,Italy,EMEA,Rome,TECH_SUPPORT_EMAIL_T3,Email,Consumer,Tech Support,Tier 2,Banking,82,110,80,30,30,817,65360,222.8181818,21,2,2,87,2,72,90
2024-07-23,Tuesday,30,July,2024,0,Ireland,EMEA,Dublin,RETENTION_VOICE_T2,Voice,Consumer,Retention,Tier 2,Telecom,291,284,284,0,0,834,236856,0.0,31,8,10,94,9,77,86
2025-12-03,Wednesday,49,December,2025,0,Kenya,EMEA,Kenya Hub,EMEA_CORE_EMAIL_T2,Email,Premium,Support,Tier 1,Telecom,391,408,380,28,28,473,179740,32.46078431,20,6,7,93,7,78,81
2022-03-05,Saturday,9,March,2022,1,Israel,EMEA,Israel Hub,CUSTOMER_SUPPORT_CHAT_T1,Chat,Premium,Customer Support,Tier 2,Telecom,115,107,95,12,12,900,85500,100.9345794,33,2,3,77,2,76,81
2021-10-05,Tuesday,40,October,2021,20,Denmark,EMEA,Denmark Hub,EMEA_CORE_EMAIL_TIER2,Voice,Premium,Support,Tier 1,Healthcare,488,492,476,16,16,821,390796,26.69918699,22,13,16,85,14,75,65
2023-06-27,Tuesday,26,June,2023,10,South Africa,EMEA,Cape Town,INBOUND_VOICE_TIER1,Email,Consumer,Inbound,Tier 1,Banking,247,249,244,5,5,804,196176,16.14457831,20,6,7,84,6,81,90
2023-07-17,Monday,29,July,2023,10,Hungary,EMEA,Hungary Hub,TECH_SUPPORT_EMAIL_T3,Chat,Premium,Tech Support,Tier 2,Retail,151,141,129,12,12,222,28638,18.89361702,25,0,0,85,0,70,85
2023-04-26,Wednesday,17,April,2023,19,Hungary,EMEA,Hungary Hub,EMEA_CORE_EMAIL_T2,Email,Consumer,Support,Tier 2,Healthcare,424,444,439,5,5,856,375784,9.63963964,18,13,15,79,12,90,76
2023-08-08,Tuesday,32,August,2023,21,Spain,EMEA,Madrid,EMEA_RETAIL_VOICE_T2,Chat,Premium,Support,Tier 3,Retail,348,378,365,13,13,399,145635,13.72222222,34,5,7,72,5,91,75
2023-04-22,Saturday,16,April,2023,9,Czech Republic,EMEA,Czech Republic Hub,EMEA_RETAIL_VOICE_T2,Voice,Consumer,Support,Tier 2,Telecom,351,372,358,14,14,657,235206,24.72580645,35,8,11,66,7,86,86
2025-08-05,Tuesday,32,August,2025,6,United Kingdom,EMEA,London,CUSTOMER_SUPPORT_CHAT_T1,Voice,Enterprise,Customer Support,Tier 2,Banking,359,353,332,21,21,342,113544,20.34560907,35,3,4,67,3,82,70
2022-06-21,Tuesday,25,June,2022,16,Norway,EMEA,Norway Hub,INBOUND_VOICE_TIER1,Chat,Enterprise,Inbound,Tier 1,E-commerce,360,371,356,15,15,368,131008,14.8787062,32,4,5,76,4,89,85
2025-10-14,Tuesday,42,October,2025,15,Russia,EMEA,Russia Hub,OUTBOUND_SALES_T2,Chat,Premium,Outbound,Tier 3,E-commerce,147,133,121,12,12,292,35332,26.34586466,30,1,1,89,1,83,66
2021-09-01,Wednesday,35,September,2021,8,Finland,EMEA,Finland Hub,EMEA_EMAIL_SUPPORT_T3,Email,Consumer,Support,Tier 1,E-commerce,227,256,254,2,2,577,146558,4.5078125,24,5,6,82,5,79,89
2025-04-28,Monday,18,April,2025,16,Slovenia,EMEA,Slovenia Hub,EMEA_RETAIL_VOICE_T2,Email,Consumer,Support,Tier 3,Banking,290,295,293,2,2,604,176972,4.094915254,24,6,7,70,5,91,61
2023-09-29,Friday,39,September,2023,3,Kenya,EMEA,Kenya Hub,EMEA_CHAT_SUPPORT_T1,Voice,Enterprise,Support,Tier 3,Telecom,318,336,331,5,5,820,271420,12.20238095,29,9,12,71,9,70,85
2021-05-02,Sunday,17,May,2021,23,Germany,EMEA,Berlin,EMEA_RETAIL_VOICE_T2,Voice,Consumer,Support,Tier 1,Banking,467,447,425,22,22,582,247350,28.6442953,32,8,11,74,8,88,81
2024-03-14,Thursday,11,March,2024,6,Morocco,EMEA,Morocco Hub,OUTBOUND_SALES_T2,Voice,Premium,Outbound,Tier 3,Telecom,112,92,81,11,11,505,40905,60.38043478,17,1,1,90,1,81,70
2023-07-24,Monday,30,July,2023,2,Ukraine,EMEA,Ukraine Hub,EMEA_CORE_EMAIL_T2,Email,Consumer,Support,Tier 1,E-commerce,76,64,47,17,17,492,23124,130.6875,20,0,0,71,0,87,78
2022-10-17,Monday,42,October,2022,3,France,EMEA,Paris,EMEA_CHAT_SUPPORT_T1,Email,Enterprise,Support,Tier 3,Telecom,306,315,304,11,11,630,191520,22.0,18,6,7,82,6,76,74
2025-09-21,Sunday,38,September,2025,19,Ukraine,EMEA,Ukraine Hub,TECH_SUPPORT_EMAIL_T3,Voice,Premium,Tech Support,Tier 2,Healthcare,450,460,445,15,15,683,303935,22.27173913,22,10,12,88,11,76,84
2022-08-11,Thursday,32,August,2022,19,Czech Republic,EMEA,Czech Republic Hub,OUTBOUND_SALES_T2,Chat,Consumer,Outbound,Tier 3,E-commerce,337,356,351,5,5,293,102843,4.115168539,30,3,4,70,3,74,87
2023-06-07,Wednesday,23,June,2023,6,Slovakia,EMEA,Slovakia Hub,OUTBOUND_SALES_T2,Voice,Enterprise,Outbound,Tier 1,Banking,66,60,54,6,6,309,16686,30.9,20,0,0,92,0,76,84
2021-10-06,Wednesday,40,October,2021,18,Iceland,EMEA,Iceland Hub,EMEA_EMAIL_SUPPORT_T3,Email,Consumer,Support,Tier 3,Retail,400,399,378,21,21,592,223776,31.15789474,20,7,8,77,6,90,90
2023-11-30,Thursday,48,November,2023,20,Turkey,EMEA,Turkey Hub,TECH_SUPPORT_EMAIL_T3,Email,Consumer,Tech Support,Tier 1,Banking,226,215,206,9,9,596,122776,24.94883721,15,4,5,94,5,95,64
2021-06-12,Saturday,23,June,2021,9,France,EMEA,Paris,RETENTION_VOICE_T2,Voice,Enterprise,Retention,Tier 3,Retail,413,420,415,5,5,260,107900,3.095238095,32,3,4,90,4,78,62
2022-08-12,Friday,32,August,2022,2,France,EMEA,Paris,INBOUND_VOICE_TIER1,Voice,Enterprise,Inbound,Tier 2,Retail,375,368,350,18,18,848,296800,41.47826087,35,10,14,90,13,75,60
2024-08-09,Friday,32,August,2024,6,Hungary,EMEA,Hungary Hub,INBOUND_VOICE_TIER1,Email,Premium,Inbound,Tier 3,Banking,57,49,20,29,29,881,17620,521.4081633,29,0,0,79,0,80,76
2025-11-09,Sunday,45,November,2025,5,Germany,EMEA,Berlin,INBOUND_VOICE_TIER1,Email,Premium,Inbound,Tier 2,Banking,281,304,295,9,9,578,170510,17.11184211,33,5,7,86,6,91,89
2021-05-26,Wednesday,21,May,2021,3,Denmark,EMEA,Denmark Hub,INBOUND_VOICE_TIER1,Email,Premium,Inbound,Tier 2,Banking,86,82,78,4,4,809,63102,39.46341463,19,2,2,80,2,74,76
2021-09-08,Wednesday,36,September,2021,8,United Kingdom,EMEA,London,EMEA_CORE_EMAIL_T2,Voice,Premium,Support,Tier 3,Telecom,104,121,94,27,27,743,69842,165.7933884,22,2,2,86,2,82,82
2022-11-01,Tuesday,44,November,2022,8,South Africa,EMEA,Cape Town,INBOUND_VOICE_TIER1,Email,Enterprise,Inbound,Tier 1,Telecom,245,261,260,1,1,623,161980,2.38697318,29,5,6,65,4,70,90
2024-10-24,Thursday,43,October,2024,14,Netherlands,EMEA,Amsterdam,CUSTOMER_SUPPORT_CHAT_T1,Email,Enterprise,Customer Support,Tier 2,Banking,191,191,178,13,13,347,61766,23.61780105,31,2,3,83,2,94,79
2021-12-19,Sunday,50,December,2021,6,France,EMEA,Paris,EMEA_CORE_EMAIL_TIER2,Email,Premium,Support,Tier 3,Retail,326,350,327,23,23,219,71613,14.39142857,27,2,3,67,2,95,74
2025-04-09,Wednesday,15,April,2025,5,Morocco,EMEA,Morocco Hub,EMEA_CHAT_SUPPORT_T1,Voice,Consumer,Support,Tier 2,Retail,96,80,80,0,0,512,40960,0.0,19,1,1,86,1,80,67
2025-01-05,Sunday,1,January,2025,7,United Kingdom,EMEA,London,RETENTION_VOICE_T2,Chat,Consumer,Retention,Tier 1,Telecom,463,481,473,8,8,390,184470,6.486486487,15,6,7,85,6,85,88
2022-05-28,Saturday,21,May,2022,3,Finland,EMEA,Finland Hub,RETENTION_VOICE_T2,Chat,Consumer,Retention,Tier 3,Retail,95,114,101,13,13,597,60297,68.07894737,23,2,2,84,2,83,71
2024-05-13,Monday,20,May,2024,3,Greece,EMEA,Greece Hub,EMEA_CORE_EMAIL_TIER2,Email,Premium,Support,Tier 2,E-commerce,278,301,282,19,19,259,73038,16.34883721,29,2,3,73,2,78,78
2024-01-09,Tuesday,2,January,2024,5,Denmark,EMEA,Denmark Hub,RETENTION_VOICE_T2,Chat,Consumer,Retention,Tier 1,Telecom,429,429,415,14,14,636,263940,20.75524476,20,9,11,94,10,71,86
2023-08-05,Saturday,31,August,2023,6,Germany,EMEA,Berlin,RETENTION_VOICE_T2,Voice,Consumer,Retention,Tier 3,Retail,276,279,269,10,10,530,142570,18.99641577,21,4,5,95,5,84,82
2021-07-05,Monday,27,July,2021,9,Bulgaria,EMEA,Bulgaria Hub,INBOUND_VOICE_TIER1,Email,Enterprise,Inbound,Tier 2,Telecom,330,337,324,13,13,727,235548,28.04451039,33,8,11,79,9,93,81
2023-05-28,Sunday,21,May,2023,18,Slovenia,EMEA,Slovenia Hub,OUTBOUND_SALES_T2,Voice,Premium,Outbound,Tier 3,Telecom,412,418,404,14,14,732,295728,24.51674641,29,10,13,77,10,72,62
2025-08-30,Saturday,35,August,2025,21,South Africa,EMEA,Cape Town,INBOUND_VOICE_TIER1,Email,Enterprise,Inbound,Tier 2,E-commerce,417,419,396,23,23,190,75240,10.42959427,35,2,3,66,2,71,67
2024-06-04,Tuesday,23,June,2024,1,Belgium,EMEA,Belgium Hub,OUTBOUND_SALES_T2,Email,Premium,Outbound,Tier 2,E-commerce,270,274,263,11,11,394,103622,15.81751825,18,3,4,88,4,81,81
2022-02-02,Wednesday,5,February,2022,12,Czech Republic,EMEA,Czech Republic Hub,EMEA_EMAIL_SUPPORT_T3,Email,Premium,Support,Tier 1,Retail,210,214,212,2,2,649,137588,6.065420561,33,4,5,92,5,72,65
2024-03-07,Thursday,10,March,2024,5,Ireland,EMEA,Dublin,EMEA_RETAIL_VOICE_T2,Email,Enterprise,Support,Tier 1,Telecom,263,264,248,16,16,623,154504,37.75757576,33,5,7,77,5,88,68
2023-07-20,Thursday,29,July,2023,3,Spain,EMEA,Madrid,EMEA_EMAIL_SUPPORT_T3,Voice,Enterprise,Support,Tier 3,Telecom,337,357,356,1,1,551,196156,1.543417367,32,6,8,89,7,80,73
2023-03-06,Monday,10,March,2023,14,Iceland,EMEA,Iceland Hub,EMEA_CHAT_SUPPORT_T1,Chat,Premium,Support,Tier 2,Retail,98,114,93,21,21,287,26691,52.86842105,28,0,0,81,0,75,66
2021-08-23,Monday,34,August,2021,19,Slovenia,EMEA,Slovenia Hub,TECH_SUPPORT_EMAIL_T3,Voice,Enterprise,Tech Support,Tier 1,Banking,195,209,196,13,13,874,171304,54.36363636,24,5,6,80,5,87,75
2025-02-01,Saturday,5,February,2025,19,Czech Republic,EMEA,Czech Republic Hub,TECH_SUPPORT_EMAIL_T3,Email,Consumer,Tech Support,Tier 1,Healthcare,274,295,273,22,22,670,182910,49.96610169,28,6,8,69,6,73,62
2023-11-23,Thursday,47,November,2023,9,Portugal,EMEA,Portugal Hub,CUSTOMER_SUPPORT_CHAT_T1,Chat,Consumer,Customer Support,Tier 3,Healthcare,421,451,442,9,9,839,370838,16.74279379,24,12,15,86,13,95,87
2023-07-22,Saturday,29,July,2023,19,Slovakia,EMEA,Slovakia Hub,RETENTION_VOICE_T2,Email,Premium,Retention,Tier 2,Retail,294,320,307,13,13,623,191261,25.309375,23,6,7,65,5,88,74
2021-03-03,Wednesday,9,March,2021,20,United Kingdom,EMEA,London,INBOUND_VOICE_TIER1,Email,Premium,Inbound,Tier 3,Healthcare,158,152,149,3,3,453,67497,8.940789474,29,2,3,85,3,81,88
2024-10-18,Friday,42,October,2024,15,Slovenia,EMEA,Slovenia Hub,EMEA_CHAT_SUPPORT_T1,Email,Consumer,Support,Tier 2,Banking,123,132,120,12,12,823,98760,74.81818182,24,3,4,81,3,83,60
2022-05-27,Friday,21,May,2022,16,South Africa,EMEA,Cape Town,EMEA_CORE_EMAIL_TIER2,Chat,Consumer,Support,Tier 1,Healthcare,489,474,460,14,14,429,197340,12.67088608,15,6,7,77,5,76,60
2025-01-18,Saturday,3,January,2025,18,Israel,EMEA,Israel Hub,EMEA_CORE_EMAIL_TIER2,Email,Enterprise,Support,Tier 2,Telecom,346,330,306,24,24,212,64872,15.41818182,28,2,3,84,3,80,82
2023-09-15,Friday,37,September,2023,15,Morocco,EMEA,Morocco Hub,EMEA_CORE_EMAIL_TIER2,Chat,Enterprise,Support,Tier 3,Retail,244,225,197,28,28,759,149523,94.45333333,20,5,6,82,5,91,74
2021-12-22,Wednesday,51,December,2021,7,Italy,EMEA,Rome,EMEA_RETAIL_VOICE_T2,Email,Consumer,Support,Tier 3,Retail,60,70,66,4,4,519,34254,29.65714286,31,1,1,67,1,82,61
2023-08-15,Tuesday,33,August,2023,21,Greece,EMEA,Greece Hub,EMEA_CORE_EMAIL_T2,Voice,Premium,Support,Tier 2,Telecom,320,343,314,29,29,626,196564,52.9271137,34,6,8,87,7,84,65
2023-08-23,Wednesday,34,August,2023,13,Portugal,EMEA,Portugal Hub,EMEA_EMAIL_SUPPORT_T3,Voice,Enterprise,Support,Tier 2,E-commerce,322,345,323,22,22,518,167314,33.03188406,25,5,6,82,5,87,68
2023-11-28,Tuesday,48,November,2023,21,South Africa,EMEA,Cape Town,RETENTION_VOICE_T2,Email,Enterprise,Retention,Tier 1,Retail,291,299,286,13,13,754,215644,32.7826087,27,7,9,87,8,86,85
2024-01-17,Wednesday,3,January,2024,7,Ireland,EMEA,Dublin,EMEA_RETAIL_VOICE_T2,Email,Enterprise,Support,Tier 2,Healthcare,91,112,100,12,12,814,81400,87.21428571,35,2,3,84,3,71,64
2023-07-03,Monday,27,July,2023,9,United Kingdom,EMEA,London,CUSTOMER_SUPPORT_CHAT_T1,Voice,Consumer,Customer Support,Tier 2,Retail,308,325,314,11,11,822,258108,27.82153846,17,8,9,91,8,70,80
2021-04-01,Thursday,13,April,2021,10,Israel,EMEA,Israel Hub,EMEA_RETAIL_VOICE_T2,Email,Enterprise,Support,Tier 1,Telecom,189,211,194,17,17,855,165870,68.88625592,32,5,7,79,6,72,74
2023-03-11,Saturday,10,March,2023,0,France,EMEA,Paris,EMEA_EMAIL_SUPPORT_T3,Chat,Enterprise,Support,Tier 1,Retail,406,416,416,0,0,773,321568,0.0,15,11,13,87,11,82,81
2022-01-25,Tuesday,4,January,2022,22,Kenya,EMEA,Kenya Hub,OUTBOUND_SALES_T2,Voice,Premium,Outbound,Tier 1,Banking,490,482,480,2,2,723,347040,3.0,34,12,16,74,12,91,65
2024-12-22,Sunday,51,December,2024,2,Spain,EMEA,Madrid,OUTBOUND_SALES_T2,Chat,Consumer,Outbound,Tier 1,Retail,461,451,432,19,19,667,288144,28.09977827,31,10,13,93,12,78,71
2021-07-21,Wednesday,29,July,2021,7,Italy,EMEA,Rome,INBOUND_VOICE_TIER1,Chat,Enterprise,Inbound,Tier 1,Telecom,438,440,413,27,27,561,231693,34.425,21,8,10,68,7,84,82
2022-01-10,Monday,2,January,2022,2,Denmark,EMEA,Denmark Hub,EMEA_CORE_EMAIL_TIER2,Email,Enterprise,Support,Tier 2,Telecom,283,307,278,29,29,610,169580,57.62214984,19,5,6,87,5,85,75
2025-10-28,Tuesday,44,October,2025,15,Slovakia,EMEA,Slovakia Hub,CUSTOMER_SUPPORT_CHAT_T1,Email,Enterprise,Customer Support,Tier 1,Telecom,355,356,339,17,17,779,264081,37.1994382,16,9,10,88,9,89,74
2021-10-25,Monday,43,October,2021,3,Bulgaria,EMEA,Bulgaria Hub,CUSTOMER_SUPPORT_CHAT_T1,Email,Consumer,Customer Support,Tier 1,Retail,252,232,205,27,27,565,115825,65.75431034,17,4,5,65,3,94,62
2022-01-25,Tuesday,4,January,2022,22,Germany,EMEA,Berlin,INBOUND_VOICE_TIER1,Email,Consumer,Inbound,Tier 3,Healthcare,437,457,431,26,26,383,165073,21.78993435,30,5,7,70,5,71,82
2023-05-10,Wednesday,19,May,2023,19,Turkey,EMEA,Turkey Hub,EMEA_CHAT_SUPPORT_T1,Voice,Consumer,Support,Tier 1,Healthcare,216,211,199,12,12,869,172931,49.42180095,21,6,7,95,7,82,67
2023-03-08,Wednesday,10,March,2023,3,France,EMEA,Paris,EMEA_RETAIL_VOICE_T2,Chat,Consumer,Support,Tier 3,Telecom,415,414,412,2,2,322,132664,1.555555556,16,4,5,69,3,86,70
2025-05-13,Tuesday,20,May,2025,1,Russia,EMEA,Russia Hub,EMEA_EMAIL_SUPPORT_T3,Chat,Enterprise,Support,Tier 3,E-commerce,146,127,100,27,27,705,70500,149.8818898,19,2,2,69,1,88,86
2022-12-18,Sunday,50,December,2022,1,Norway,EMEA,Norway Hub,OUTBOUND_SALES_T2,Email,Enterprise,Outbound,Tier 1,Retail,235,257,245,12,12,852,208740,39.78210117,19,7,8,83,7,94,90
2022-06-30,Thursday,26,June,2022,13,Netherlands,EMEA,Amsterdam,EMEA_EMAIL_SUPPORT_T3,Chat,Consumer,Support,Tier 1,Retail,190,195,191,4,4,361,68951,7.405128205,27,2,3,84,3,70,80
2024-11-02,Saturday,44,November,2024,15,Germany,EMEA,Berlin,EMEA_CHAT_SUPPORT_T1,Email,Enterprise,Support,Tier 3,Banking,311,327,303,24,24,199,60297,14.60550459,26,2,3,71,2,83,66
2021-05-23,Sunday,20,May,2021,10,Slovenia,EMEA,Slovenia Hub,TECH_SUPPORT_EMAIL_T3,Chat,Consumer,Tech Support,Tier 2,Banking,118,145,125,20,20,633,79125,87.31034483,26,2,3,65,2,82,80
2023-11-21,Tuesday,47,November,2023,9,Turkey,EMEA,Turkey Hub,TECH_SUPPORT_EMAIL_T3,Email,Consumer,Tech Support,Tier 3,Healthcare,75,95,70,25,25,875,61250,230.2631579,16,2,2,73,1,91,90
2022-11-06,Sunday,44,November,2022,20,Slovakia,EMEA,Slovakia Hub,EMEA_CHAT_SUPPORT_T1,Voice,Enterprise,Support,Tier 3,Banking,276,304,301,3,3,611,183911,6.029605263,21,6,7,90,6,88,79
2025-01-03,Friday,1,January,2025,9,Bulgaria,EMEA,Bulgaria Hub,OUTBOUND_SALES_T2,Voice,Enterprise,Outbound,Tier 3,E-commerce,222,206,201,5,5,806,162006,19.5631068,18,5,6,80,5,89,62
2021-12-08,Wednesday,49,December,2021,3,Romania,EMEA,Romania Hub,EMEA_RETAIL_VOICE_T2,Email,Premium,Support,Tier 1,E-commerce,110,105,104,1,1,261,27144,2.485714286,35,0,0,94,0,73,68
2023-11-22,Wednesday,47,November,2023,1,Luxembourg,EMEA,Luxembourg Hub,OUTBOUND_SALES_T2,Email,Premium,Outbound,Tier 2,Telecom,471,486,476,10,10,543,258468,11.17283951,26,8,10,83,8,76,84
2025-04-25,Friday,17,April,2025,13,Kenya,EMEA,Kenya Hub,EMEA_EMAIL_SUPPORT_T3,Voice,Enterprise,Support,Tier 3,E-commerce,306,296,292,4,4,182,53144,2.45945946,19,1,1,93,1,86,62
2022-07-31,Sunday,30,July,2022,16,Hungary,EMEA,Hungary Hub,EMEA_CORE_EMAIL_TIER2,Email,Consumer,Support,Tier 2,E-commerce,217,202,199,3,3,418,83182,6.207920792,25,2,3,77,2,91,65
2025-05-21,Wednesday,21,May,2025,5,Sweden,EMEA,Sweden Hub,OUTBOUND_SALES_T2,Chat,Enterprise,Outbound,Tier 1,Banking,227,232,226,6,6,761,171986,19.68103448,33,5,7,80,6,83,87
2023-08-10,Thursday,32,August,2023,0,South Africa,EMEA,Cape Town,EMEA_EMAIL_SUPPORT_T3,Email,Premium,Support,Tier 1,Retail,459,474,458,16,16,743,340294,25.08016878,26,11,14,84,12,92,64
2022-08-24,Wednesday,34,August,2022,19,Ukraine,EMEA,Ukraine Hub,TECH_SUPPORT_EMAIL_T3,Chat,Premium,Tech Support,Tier 3,Banking,396,387,385,2,2,484,186340,2.50129199,28,6,8,86,7,80,83
2021-12-21,Tuesday,51,December,2021,11,United Kingdom,EMEA,London,EMEA_CHAT_SUPPORT_T1,Voice,Consumer,Support,Tier 2,Retail,202,217,216,1,1,318,68688,1.465437788,26,2,3,79,2,75,73
2022-05-27,Friday,21,May,2022,10,Turkey,EMEA,Turkey Hub,RETENTION_VOICE_T2,Email,Consumer,Retention,Tier 1,E-commerce,229,239,224,15,15,218,48832,13.68200837,17,1,1,94,1,90,61
2021-10-23,Saturday,42,October,2021,16,France,EMEA,Paris,EMEA_RETAIL_VOICE_T2,Chat,Consumer,Support,Tier 1,Banking,168,187,173,14,14,413,71449,30.9197861,24,2,2,69,1,85,78
2025-09-24,Wednesday,39,September,2025,21,Czech Republic,EMEA,Czech Republic Hub,EMEA_CHAT_SUPPORT_T1,Chat,Enterprise,Support,Tier 1,Healthcare,126,128,121,7,7,318,38478,17.390625,26,1,1,74,1,82,67
2022-02-11,Friday,6,February,2022,15,Czech Republic,EMEA,Czech Republic Hub,RETENTION_VOICE_T2,Chat,Enterprise,Retention,Tier 2,Banking,354,342,327,15,15,276,90252,12.10526316,34,3,4,87,3,92,68
2025-01-14,Tuesday,3,January,2025,17,Romania,EMEA,Romania Hub,EMEA_CHAT_SUPPORT_T1,Voice,Enterprise,Support,Tier 1,E-commerce,420,439,437,2,2,702,306774,3.198177677,28,10,13,85,11,71,84
2025-01-24,Friday,4,January,2025,17,Turkey,EMEA,Turkey Hub,TECH_SUPPORT_EMAIL_T3,Chat,Premium,Tech Support,Tier 2,Telecom,76,64,61,3,3,350,21350,16.40625,15,0,0,76,0,81,90
2021-09-20,Monday,38,September,2021,4,Iceland,EMEA,Iceland Hub,INBOUND_VOICE_TIER1,Chat,Premium,Inbound,Tier 1,Banking,107,89,80,9,9,234,18720,23.66292135,20,0,0,94,0,91,75
2025-07-22,Tuesday,30,July,2025,13,Bulgaria,EMEA,Bulgaria Hub,EMEA_EMAIL_SUPPORT_T3,Chat,Premium,Support,Tier 2,Healthcare,247,244,228,16,16,832,189696,54.55737705,26,6,8,87,7,71,65
2023-11-19,Sunday,46,November,2023,12,South Africa,EMEA,Cape Town,INBOUND_VOICE_TIER1,Voice,Consumer,Inbound,Tier 2,Retail,85,99,73,26,26,713,52049,187.2525253,34,1,1,78,1,74,66
2021-04-05,Monday,14,April,2021,15,Ireland,EMEA,Dublin,INBOUND_VOICE_TIER1,Chat,Consumer,Inbound,Tier 2,Banking,447,448,448,0,0,199,89152,0.0,34,3,4,82,3,82,72
2021-12-14,Tuesday,50,December,2021,7,Luxembourg,EMEA,Luxembourg Hub,EMEA_CHAT_SUPPORT_T1,Email,Enterprise,Support,Tier 2,Healthcare,254,273,254,19,19,865,219710,60.2014652,21,7,8,71,6,74,64
2025-02-21,Friday,8,February,2025,0,Czech Republic,EMEA,Czech Republic Hub,INBOUND_VOICE_TIER1,Email,Consumer,Inbound,Tier 2,E-commerce,257,283,262,21,21,410,107420,30.42402827,24,3,4,78,3,83,61
2023-03-09,Thursday,10,March,2023,21,Kenya,EMEA,Kenya Hub,EMEA_EMAIL_SUPPORT_T3,Voice,Premium,Support,Tier 2,Retail,237,256,241,15,15,499,120259,29.23828125,32,4,5,79,4,95,88
2023-06-03,Saturday,22,June,2023,9,Germany,EMEA,Berlin,CUSTOMER_SUPPORT_CHAT_T1,Voice,Consumer,Customer Support,Tier 2,Telecom,148,131,110,21,21,317,34870,50.81679389,34,1,1,85,1,93,90
2023-05-12,Friday,19,May,2023,22,Slovakia,EMEA,Slovakia Hub,RETENTION_VOICE_T2,Email,Enterprise,Retention,Tier 2,Retail,69,72,43,29,29,510,21930,205.4166667,34,0,0,95,0,93,88
2023-12-28,Thursday,52,December,2023,15,Turkey,EMEA,Turkey Hub,CUSTOMER_SUPPORT_CHAT_T1,Chat,Premium,Customer Support,Tier 2,Healthcare,132,142,129,13,13,264,34056,24.16901408,16,1,1,80,1,73,87
2021-12-02,Thursday,48,December,2021,18,France,EMEA,Paris,EMEA_EMAIL_SUPPORT_T3,Email,Enterprise,Support,Tier 2,Telecom,76,71,62,9,9,575,35650,72.88732394,18,1,1,66,1,88,75
2021-07-08,Thursday,27,July,2021,20,Norway,EMEA,Norway Hub,TECH_SUPPORT_EMAIL_T3,Voice,Premium,Tech Support,Tier 3,Telecom,492,491,483,8,8,847,409101,13.80040733,22,14,17,68,12,74,75
2022-10-02,Sunday,39,October,2022,11,Sweden,EMEA,Sweden Hub,OUTBOUND_SALES_T2,Voice,Enterprise,Outbound,Tier 3,E-commerce,336,357,332,25,25,841,279212,58.89355742,31,9,12,81,10,82,85
2022-04-13,Wednesday,15,April,2022,18,United Kingdom,EMEA,London,OUTBOUND_SALES_T2,Chat,Premium,Outbound,Tier 3,E-commerce,350,358,353,5,5,511,180383,7.136871508,29,6,8,91,7,76,75
2024-07-28,Sunday,30,July,2024,20,Iceland,EMEA,Iceland Hub,EMEA_CORE_EMAIL_TIER2,Chat,Premium,Support,Tier 2,Banking,447,472,469,3,3,794,372386,5.04661017,18,12,14,87,12,90,71
2024-05-19,Sunday,20,May,2024,10,South Africa,EMEA,Cape Town,EMEA_CORE_EMAIL_TIER2,Chat,Premium,Support,Tier 1,E-commerce,186,173,149,24,24,181,26969,25.10982659,15,0,0,86,0,81,85
2023-11-24,Friday,47,November,2023,11,Denmark,EMEA,Denmark Hub,RETENTION_VOICE_T2,Email,Consumer,Retention,Tier 1,E-commerce,229,231,228,3,3,280,63840,3.636363636,35,2,3,89,3,76,80
2021-11-15,Monday,46,November,2021,19,Turkey,EMEA,Turkey Hub,EMEA_CORE_EMAIL_TIER2,Voice,Consumer,Support,Tier 3,Retail,350,357,340,17,17,302,102680,14.38095238,22,3,4,78,3,70,77
2025-07-26,Saturday,30,July,2025,3,Iceland,EMEA,Iceland Hub,EMEA_RETAIL_VOICE_T2,Chat,Consumer,Support,Tier 2,E-commerce,342,327,312,15,15,645,201240,29.58715596,15,6,7,78,5,76,74
2021-05-08,Saturday,18,May,2021,3,Turkey,EMEA,Turkey Hub,OUTBOUND_SALES_T2,Chat,Consumer,Outbound,Tier 1,Banking,355,361,336,25,25,748,251328,51.80055402,24,8,10,66,7,76,74
2022-12-11,Sunday,49,December,2022,23,Kenya,EMEA,Kenya Hub,RETENTION_VOICE_T2,Chat,Enterprise,Retention,Tier 2,Healthcare,195,194,185,9,9,872,161320,40.45360825,34,5,7,70,5,70,77
2023-08-12,Saturday,32,August,2023,18,Czech Republic,EMEA,Czech Republic Hub,RETENTION_VOICE_T2,Chat,Premium,Retention,Tier 1,E-commerce,373,384,381,3,3,621,236601,4.8515625,24,8,10,85,9,94,73
2025-12-24,Wednesday,52,December,2025,5,Belgium,EMEA,Belgium Hub,EMEA_RETAIL_VOICE_T2,Chat,Consumer,Support,Tier 2,Telecom,358,361,350,11,11,600,210000,18.28254848,34,7,9,67,6,86,90
2022-02-20,Sunday,7,February,2022,16,Israel,EMEA,Israel Hub,EMEA_EMAIL_SUPPORT_T3,Email,Premium,Support,Tier 3,Healthcare,438,456,428,28,28,296,126688,18.1754386,16,4,5,91,5,84,73
2021-05-23,Sunday,20,May,2021,18,Kenya,EMEA,Kenya Hub,EMEA_CORE_EMAIL_TIER2,Voice,Consumer,Support,Tier 1,Healthcare,96,126,105,21,21,877,92085,146.1666667,28,3,4,84,3,95,85
2025-02-01,Saturday,5,February,2025,10,Greece,EMEA,Greece Hub,INBOUND_VOICE_TIER1,Email,Premium,Inbound,Tier 2,Telecom,222,217,195,22,22,759,148005,76.94930876,22,5,6,69,4,70,83
2021-06-02,Wednesday,22,June,2021,13,Germany,EMEA,Berlin,EMEA_CHAT_SUPPORT_T1,Chat,Premium,Support,Tier 1,Healthcare,129,147,139,8,8,313,43507,17.03401361,21,1,1,95,1,89,69
2022-04-26,Tuesday,17,April,2022,12,Italy,EMEA,Rome,EMEA_RETAIL_VOICE_T2,Chat,Enterprise,Support,Tier 2,E-commerce,431,428,416,12,12,560,232960,15.70093458,26,8,10,68,7,85,76
2024-05-17,Friday,20,May,2024,1,Ireland,EMEA,Dublin,OUTBOUND_SALES_T2,Email,Premium,Outbound,Tier 2,Retail,162,143,123,20,20,793,97539,110.9090909,26,3,4,76,3,95,68
2025-03-14,Friday,11,March,2025,3,Israel,EMEA,Israel Hub,CUSTOMER_SUPPORT_CHAT_T1,Email,Premium,Customer Support,Tier 3,Banking,441,443,415,28,28,561,232815,35.45823928,18,8,9,75,7,72,73
2021-07-17,Saturday,28,July,2021,6,Poland,EMEA,Poland Hub,EMEA_EMAIL_SUPPORT_T3,Voice,Enterprise,Support,Tier 2,Retail,467,479,465,14,14,825,383625,24.11273486,16,13,15,86,13,95,65
2022-06-14,Tuesday,24,June,2022,23,Sweden,EMEA,Sweden Hub,EMEA_CORE_EMAIL_TIER2,Voice,Consumer,Support,Tier 3,E-commerce,343,352,339,13,13,641,217299,23.67329545,17,7,8,85,7,82,62
2025-09-03,Wednesday,36,September,2025,8,Turkey,EMEA,Turkey Hub,RETENTION_VOICE_T2,Voice,Consumer,Retention,Tier 3,Healthcare,182,163,159,4,4,625,99375,15.33742331,20,3,4,93,4,71,64
2024-06-08,Saturday,23,June,2024,14,Belgium,EMEA,Belgium Hub,EMEA_CORE_EMAIL_T2,Voice,Premium,Support,Tier 3,E-commerce,369,397,373,24,24,204,76092,12.3324937,22,2,2,92,2,77,70
2024-09-12,Thursday,37,September,2024,11,France,EMEA,Paris,CUSTOMER_SUPPORT_CHAT_T1,Voice,Premium,Customer Support,Tier 2,Banking,288,309,301,8,8,244,73444,6.317152104,29,2,3,82,2,73,61
2023-10-16,Monday,42,October,2023,9,Belgium,EMEA,Belgium Hub,CUSTOMER_SUPPORT_CHAT_T1,Email,Premium,Customer Support,Tier 2,E-commerce,70,73,65,8,8,477,31005,52.2739726,29,1,1,70,1,77,72
2024-02-29,Thursday,9,February,2024,8,Italy,EMEA,Rome,INBOUND_VOICE_TIER1,Chat,Consumer,Inbound,Tier 1,Telecom,146,131,108,23,23,760,82080,133.4351145,22,2,2,65,1,92,70
2022-01-11,Tuesday,2,January,2022,16,Greece,EMEA,Greece Hub,EMEA_CORE_EMAIL_TIER2,Chat,Enterprise,Support,Tier 3,Healthcare,481,462,461,1,1,203,93583,0.439393939,19,3,4,94,4,81,77
2023-03-04,Saturday,9,March,2023,20,Hungary,EMEA,Hungary Hub,EMEA_CORE_EMAIL_T2,Email,Consumer,Support,Tier 3,Retail,96,107,84,23,23,304,25536,65.34579439,25,0,0,89,0,90,71
2025-07-29,Tuesday,31,July,2025,0,Portugal,EMEA,Portugal Hub,INBOUND_VOICE_TIER1,Voice,Premium,Inbound,Tier 2,Healthcare,128,111,101,10,10,513,51813,46.21621622,22,1,1,85,1,75,87
2023-06-03,Saturday,22,June,2023,3,Portugal,EMEA,Portugal Hub,TECH_SUPPORT_EMAIL_T3,Chat,Premium,Tech Support,Tier 3,Telecom,120,125,110,15,15,341,37510,40.92,35,1,1,88,1,82,83
2025-04-13,Sunday,15,April,2025,17,Netherlands,EMEA,Amsterdam,EMEA_RETAIL_VOICE_T2,Email,Premium,Support,Tier 3,Banking,397,381,380,1,1,458,174040,1.202099738,32,6,8,75,6,88,79
2023-08-12,Saturday,32,August,2023,14,Denmark,EMEA,Denmark Hub,OUTBOUND_SALES_T2,Email,Enterprise,Outbound,Tier 1,Telecom,380,380,363,17,17,594,215622,26.57368421,23,7,9,95,9,76,70
2022-01-17,Monday,3,January,2022,20,Slovakia,EMEA,Slovakia Hub,EMEA_CORE_EMAIL_TIER2,Email,Enterprise,Support,Tier 2,Telecom,79,59,50,9,9,891,44550,135.9152542,15,1,1,66,1,88,89
2022-11-01,Tuesday,44,November,2022,14,Turkey,EMEA,Turkey Hub,EMEA_RETAIL_VOICE_T2,Voice,Premium,Support,Tier 1,Banking,58,49,26,23,23,239,6214,112.1836735,35,0,0,76,0,93,65
2021-05-26,Wednesday,21,May,2021,12,Luxembourg,EMEA,Luxembourg Hub,EMEA_CORE_EMAIL_TIER2,Chat,Consumer,Support,Tier 3,Banking,470,471,468,3,3,530,248040,3.375796178,24,8,10,82,8,92,89
2022-09-29,Thursday,39,September,2022,8,Slovenia,EMEA,Slovenia Hub,TECH_SUPPORT_EMAIL_T3,Chat,Enterprise,Tech Support,Tier 2,Healthcare,170,152,135,17,17,895,120825,100.0986842,15,4,5,70,4,88,84
2024-12-24,Tuesday,52,December,2024,0,Slovenia,EMEA,Slovenia Hub,EMEA_CHAT_SUPPORT_T1,Chat,Consumer,Support,Tier 3,E-commerce,123,114,109,5,5,768,83712,33.68421053,27,2,3,91,3,89,62
2023-10-03,Tuesday,40,October,2023,21,Ukraine,EMEA,Ukraine Hub,EMEA_CHAT_SUPPORT_T1,Email,Consumer,Support,Tier 1,Retail,185,172,144,28,28,624,89856,101.5813953,20,3,4,83,3,87,79
2022-05-04,Wednesday,18,May,2022,13,Spain,EMEA,Madrid,CUSTOMER_SUPPORT_CHAT_T1,Voice,Premium,Customer Support,Tier 2,Retail,100,100,82,18,18,802,65764,144.36,15,2,2,90,2,88,74
2023-08-17,Thursday,33,August,2023,20,Denmark,EMEA,Denmark Hub,RETENTION_VOICE_T2,Email,Consumer,Retention,Tier 3,Healthcare,448,478,462,16,16,673,310926,22.52719665,33,10,13,68,9,84,81
2021-02-13,Saturday,6,February,2021,17,Norway,EMEA,Norway Hub,OUTBOUND_SALES_T2,Voice,Premium,Outbound,Tier 1,E-commerce,129,133,106,27,27,211,22366,42.83458647,29,0,0,88,0,72,79
2021-08-14,Saturday,32,August,2021,12,Russia,EMEA,Russia Hub,TECH_SUPPORT_EMAIL_T3,Chat,Enterprise,Tech Support,Tier 1,Telecom,82,70,60,10,10,436,26160,62.28571429,35,0,0,75,0,70,61
2022-01-24,Monday,4,January,2022,4,South Africa,EMEA,Cape Town,EMEA_CHAT_SUPPORT_T1,Voice,Premium,Support,Tier 3,Banking,464,449,449,0,0,405,181845,0.0,16,6,7,80,6,70,62
2021-01-26,Tuesday,4,January,2021,17,Portugal,EMEA,Portugal Hub,RETENTION_VOICE_T2,Email,Premium,Retention,Tier 2,E-commerce,262,255,234,21,21,493,115362,40.6,35,4,5,95,5,75,78
2023-02-21,Tuesday,8,February,2023,12,United Kingdom,EMEA,London,TECH_SUPPORT_EMAIL_T3,Chat,Enterprise,Tech Support,Tier 2,Retail,288,306,283,23,23,296,83768,22.24836601,15,2,2,73,1,91,87
2024-07-31,Wednesday,31,July,2024,19,Luxembourg,EMEA,Luxembourg Hub,RETENTION_VOICE_T2,Email,Consumer,Retention,Tier 1,Retail,470,469,461,8,8,827,381247,14.10660981,18,13,15,83,12,80,64
2023-02-03,Friday,5,February,2023,22,Norway,EMEA,Norway Hub,CUSTOMER_SUPPORT_CHAT_T1,Email,Premium,Customer Support,Tier 2,Telecom,191,206,192,14,14,264,50688,17.94174757,30,1,1,65,1,76,89
2024-07-16,Tuesday,29,July,2024,23,Finland,EMEA,Finland Hub,EMEA_CORE_EMAIL_T2,Email,Premium,Support,Tier 3,Retail,147,170,159,11,11,381,60579,24.65294118,18,2,2,92,2,71,90
2021-05-15,Saturday,19,May,2021,11,Czech Republic,EMEA,Czech Republic Hub,EMEA_CORE_EMAIL_TIER2,Email,Consumer,Support,Tier 3,Healthcare,184,189,180,9,9,526,94680,25.04761905,25,3,4,81,3,85,67
2025-09-30,Tuesday,40,September,2025,22,United Kingdom,EMEA,London,CUSTOMER_SUPPORT_CHAT_T1,Voice,Enterprise,Customer Support,Tier 2,E-commerce,55,37,23,14,14,437,10051,165.3513514,16,0,0,75,0,86,66
2022-08-15,Monday,33,August,2022,22,Kenya,EMEA,Kenya Hub,CUSTOMER_SUPPORT_CHAT_T1,Email,Consumer,Customer Support,Tier 3,Telecom,127,147,120,27,27,611,73320,112.2244898,15,2,2,70,1,93,82
2025-09-08,Monday,37,September,2025,6,Denmark,EMEA,Denmark Hub,EMEA_CORE_EMAIL_T2,Chat,Premium,Support,Tier 2,Banking,497,487,478,9,9,760,363280,14.04517454,26,12,15,74,11,82,60
2022-09-13,Tuesday,37,September,2022,3,Morocco,EMEA,Morocco Hub,EMEA_EMAIL_SUPPORT_T3,Voice,Consumer,Support,Tier 3,Banking,436,465,453,12,12,350,158550,9.032258065,31,5,7,77,5,76,83
2022-04-07,Thursday,14,April,2022,16,Kenya,EMEA,Kenya Hub,EMEA_CORE_EMAIL_TIER2,Voice,Premium,Support,Tier 2,Banking,127,151,151,0,0,316,47716,0.0,21,1,1,81,1,77,61
2022-01-25,Tuesday,4,January,2022,13,Spain,EMEA,Madrid,INBOUND_VOICE_TIER1,Email,Premium,Inbound,Tier 2,E-commerce,318,337,317,20,20,860,272620,51.03857567,26,9,11,92,10,70,78
2025-01-24,Friday,4,January,2025,2,Germany,EMEA,Berlin,EMEA_CORE_EMAIL_TIER2,Chat,Consumer,Support,Tier 3,Banking,229,220,199,21,21,681,135519,65.00454545,16,4,5,65,3,77,89
2023-12-12,Tuesday,50,December,2023,23,Israel,EMEA,Israel Hub,EMEA_CORE_EMAIL_T2,Chat,Premium,Support,Tier 3,Retail,265,271,244,27,27,545,132980,54.29889299,15,4,5,93,5,93,61
2023-10-26,Thursday,43,October,2023,22,Ireland,EMEA,Dublin,TECH_SUPPORT_EMAIL_T3,Chat,Consumer,Tech Support,Tier 2,Telecom,428,414,392,22,22,476,186592,25.29468599,22,6,7,74,5,92,60
2022-06-04,Saturday,22,June,2022,19,Hungary,EMEA,Hungary Hub,RETENTION_VOICE_T2,Chat,Premium,Retention,Tier 1,Retail,434,445,445,0,0,365,162425,0.0,19,5,6,68,4,85,63
2025-12-10,Wednesday,50,December,2025,18,Sweden,EMEA,Sweden Hub,EMEA_CORE_EMAIL_T2,Chat,Consumer,Support,Tier 3,Telecom,239,255,238,17,17,758,180404,50.53333333,16,6,7,94,7,81,60
2022-03-21,Monday,12,March,2022,6,Denmark,EMEA,Denmark Hub,EMEA_EMAIL_SUPPORT_T3,Email,Enterprise,Support,Tier 1,Retail,60,66,65,1,1,676,43940,10.24242424,34,1,1,75,1,74,73
2022-02-26,Saturday,8,February,2022,9,Czech Republic,EMEA,Czech Republic Hub,CUSTOMER_SUPPORT_CHAT_T1,Email,Consumer,Customer Support,Tier 1,Retail,142,151,121,30,30,700,84700,139.0728477,26,2,3,72,2,88,79
2025-07-30,Wednesday,31,July,2025,11,Sweden,EMEA,Sweden Hub,CUSTOMER_SUPPORT_CHAT_T1,Email,Premium,Customer Support,Tier 1,Telecom,460,446,446,0,0,255,113730,0.0,19,3,4,67,3,90,64
2023-05-27,Saturday,21,May,2023,14,Greece,EMEA,Greece Hub,RETENTION_VOICE_T2,Email,Premium,Retention,Tier 3,Banking,287,293,290,3,3,736,213440,7.535836178,33,7,9,71,6,81,76
2025-08-26,Tuesday,35,August,2025,15,Russia,EMEA,Russia Hub,TECH_SUPPORT_EMAIL_T3,Chat,Premium,Tech Support,Tier 3,Healthcare,325,355,345,10,10,413,142485,11.63380282,25,4,5,92,5,72,85
2021-06-21,Monday,25,June,2021,9,Netherlands,EMEA,Amsterdam,EMEA_EMAIL_SUPPORT_T3,Chat,Premium,Support,Tier 3,Healthcare,172,183,161,22,22,300,48300,36.06557377,19,1,1,72,1,82,72
2024-10-02,Wednesday,40,October,2024,13,Poland,EMEA,Poland Hub,EMEA_RETAIL_VOICE_T2,Voice,Consumer,Support,Tier 1,Healthcare,140,162,145,17,17,544,78880,57.08641975,19,2,2,79,2,91,61
2024-01-02,Tuesday,1,January,2024,16,Belgium,EMEA,Belgium Hub,EMEA_CORE_EMAIL_TIER2,Chat,Enterprise,Support,Tier 3,Healthcare,398,414,387,27,27,763,295281,49.76086957,34,10,13,84,11,94,70
2021-05-01,Saturday,17,May,2021,6,South Africa,EMEA,Cape Town,EMEA_RETAIL_VOICE_T2,Chat,Enterprise,Support,Tier 2,E-commerce,298,302,283,19,19,545,154235,34.28807947,29,5,6,95,6,89,64
2021-06-22,Tuesday,25,June,2021,4,Belgium,EMEA,Belgium Hub,EMEA_CORE_EMAIL_TIER2,Email,Premium,Support,Tier 3,Healthcare,428,455,451,4,4,803,362153,7.059340659,19,12,14,81,11,78,88
2025-03-13,Thursday,11,March,2025,4,Ukraine,EMEA,Ukraine Hub,CUSTOMER_SUPPORT_CHAT_T1,Chat,Enterprise,Customer Support,Tier 1,Telecom,137,141,113,28,28,450,50850,89.36170213,16,1,1,88,1,78,60
2022-04-25,Monday,17,April,2022,1,Slovenia,EMEA,Slovenia Hub,RETENTION_VOICE_T2,Email,Consumer,Retention,Tier 1,Banking,72,102,97,5,5,651,63147,31.91176471,24,2,2,71,1,71,82
2021-07-15,Thursday,28,July,2021,2,Denmark,EMEA,Denmark Hub,INBOUND_VOICE_TIER1,Email,Consumer,Inbound,Tier 1,Healthcare,401,410,397,13,13,684,271548,21.68780488,34,9,12,79,9,74,65
2023-09-13,Wednesday,37,September,2023,9,Kenya,EMEA,Kenya Hub,RETENTION_VOICE_T2,Chat,Enterprise,Retention,Tier 2,Telecom,345,334,311,23,23,846,263106,58.25748503,23,9,11,95,10,72,61
2023-05-18,Thursday,20,May,2023,8,Portugal,EMEA,Portugal Hub,EMEA_CORE_EMAIL_TIER2,Voice,Premium,Support,Tier 3,E-commerce,80,83,59,24,24,651,38409,188.2409639,25,1,1,91,1,76,89
2023-03-15,Wednesday,11,March,2023,3,Morocco,EMEA,Morocco Hub,CUSTOMER_SUPPORT_CHAT_T1,Email,Premium,Customer Support,Tier 1,Retail,267,271,260,11,11,308,80080,12.50184502,29,2,3,91,3,84,68
2025-07-16,Wednesday,29,July,2025,11,Luxembourg,EMEA,Luxembourg Hub,EMEA_CHAT_SUPPORT_T1,Email,Consumer,Support,Tier 1,Telecom,153,148,141,7,7,265,37365,12.53378378,26,1,1,87,1,74,84
2021-01-10,Sunday,1,January,2021,7,Slovakia,EMEA,Slovakia Hub,OUTBOUND_SALES_T2,Chat,Consumer,Outbound,Tier 2,Banking,474,476,476,0,0,748,356048,0.0,32,12,16,70,11,73,81
2024-11-24,Sunday,47,November,2024,11,Kenya,EMEA,Kenya Hub,EMEA_CHAT_SUPPORT_T1,Email,Enterprise,Support,Tier 2,Healthcare,253,260,259,1,1,757,196063,2.911538462,23,6,7,65,5,90,70
2025-10-05,Sunday,40,October,2025,3,Bulgaria,EMEA,Bulgaria Hub,RETENTION_VOICE_T2,Email,Premium,Retention,Tier 3,E-commerce,371,359,330,29,29,709,233970,57.2729805,20,8,10,68,7,83,82
2025-11-01,Saturday,44,November,2025,5,Morocco,EMEA,Morocco Hub,EMEA_CHAT_SUPPORT_T1,Voice,Enterprise,Support,Tier 3,Healthcare,162,145,119,26,26,381,45339,68.31724138,20,1,1,92,1,83,78
2021-10-22,Friday,42,October,2021,20,Iceland,EMEA,Iceland Hub,EMEA_CORE_EMAIL_T2,Email,Consumer,Support,Tier 2,Telecom,308,305,277,28,28,398,110246,36.53770492,34,3,4,73,3,75,79
2022-05-31,Tuesday,22,May,2022,0,Spain,EMEA,Madrid,OUTBOUND_SALES_T2,Email,Consumer,Outbound,Tier 2,Telecom,92,83,72,11,11,784,56448,103.9036145,22,1,1,79,1,90,87
2024-03-15,Friday,11,March,2024,19,South Africa,EMEA,Cape Town,TECH_SUPPORT_EMAIL_T3,Chat,Premium,Tech Support,Tier 2,E-commerce,116,106,96,10,10,376,36096,35.47169811,29,1,1,73,1,92,89
2023-04-14,Friday,15,April,2023,19,Bulgaria,EMEA,Bulgaria Hub,EMEA_RETAIL_VOICE_T2,Voice,Premium,Support,Tier 1,Telecom,191,194,165,29,29,487,80355,72.79896907,30,2,3,80,2,74,62
2024-11-20,Wednesday,47,November,2024,12,Finland,EMEA,Finland Hub,INBOUND_VOICE_TIER1,Voice,Consumer,Inbound,Tier 3,Healthcare,401,416,393,23,23,383,150519,21.17548077,27,5,6,92,6,91,71
2025-07-23,Wednesday,30,July,2025,17,Norway,EMEA,Norway Hub,EMEA_CORE_EMAIL_T2,Chat,Enterprise,Support,Tier 3,E-commerce,208,219,195,24,24,783,152685,85.80821918,16,5,6,90,5,92,71
2025-12-03,Wednesday,49,December,2025,3,Ireland,EMEA,Dublin,EMEA_CHAT_SUPPORT_T1,Chat,Consumer,Support,Tier 1,E-commerce,393,406,400,6,6,489,195600,7.226600985,22,6,7,94,7,84,88
2022-07-23,Saturday,29,July,2022,3,Netherlands,EMEA,Amsterdam,RETENTION_VOICE_T2,Email,Enterprise,Retention,Tier 2,Banking,434,458,437,21,21,481,210197,22.05458515,25,7,9,67,6,71,81
2023-01-08,Sunday,1,January,2023,20,Slovakia,EMEA,Slovakia Hub,EMEA_CHAT_SUPPORT_T1,Email,Premium,Support,Tier 3,Banking,377,389,377,12,12,522,196794,16.10282776,22,6,7,79,6,75,63
2024-09-28,Saturday,39,September,2024,3,Finland,EMEA,Finland Hub,RETENTION_VOICE_T2,Email,Premium,Retention,Tier 3,Telecom,398,426,420,6,6,423,177660,5.957746479,35,6,8,72,6,80,61
2023-01-20,Friday,3,January,2023,16,Russia,EMEA,Russia Hub,INBOUND_VOICE_TIER1,Chat,Consumer,Inbound,Tier 1,Healthcare,158,172,147,25,25,605,88935,87.93604651,31,3,4,72,3,75,83
2024-10-07,Monday,41,October,2024,4,Slovenia,EMEA,Slovenia Hub,EMEA_EMAIL_SUPPORT_T3,Voice,Enterprise,Support,Tier 3,Retail,180,165,160,5,5,437,69920,13.24242424,20,2,2,93,2,73,79
2022-01-14,Friday,2,January,2022,13,Czech Republic,EMEA,Czech Republic Hub,EMEA_CHAT_SUPPORT_T1,Voice,Enterprise,Support,Tier 2,Banking,230,220,194,26,26,799,155006,94.42727273,35,5,7,90,6,74,65
2024-03-10,Sunday,10,March,2024,0,Germany,EMEA,Berlin,RETENTION_VOICE_T2,Voice,Consumer,Retention,Tier 3,Telecom,346,345,328,17,17,602,197456,29.66376812,16,6,7,81,6,93,81
2024-09-06,Friday,36,September,2024,20,Norway,EMEA,Norway Hub,EMEA_CORE_EMAIL_T2,Voice,Consumer,Support,Tier 1,Retail,282,269,251,18,18,310,77810,20.74349442,22,2,2,75,2,71,68
2025-02-17,Monday,8,February,2025,19,Morocco,EMEA,Morocco Hub,EMEA_CORE_EMAIL_T2,Voice,Consumer,Support,Tier 3,Retail,336,317,311,6,6,581,180691,10.99684543,32,6,8,75,6,91,64
2023-09-10,Sunday,36,September,2023,17,Slovenia,EMEA,Slovenia Hub,RETENTION_VOICE_T2,Email,Consumer,Retention,Tier 2,E-commerce,120,104,74,30,30,371,27454,107.0192308,35,0,0,74,0,81,63
2024-12-08,Sunday,49,December,2024,20,Slovakia,EMEA,Slovakia Hub,EMEA_EMAIL_SUPPORT_T3,Voice,Consumer,Support,Tier 3,E-commerce,349,366,352,14,14,688,242176,26.31693989,17,8,9,82,7,70,89
2023-07-04,Tuesday,27,July,2023,20,Sweden,EMEA,Sweden Hub,EMEA_CORE_EMAIL_T2,Chat,Enterprise,Support,Tier 2,Retail,96,119,104,15,15,211,21944,26.59663866,33,0,0,73,0,87,74
2025-03-21,Friday,12,March,2025,20,Romania,EMEA,Romania Hub,TECH_SUPPORT_EMAIL_T3,Chat,Enterprise,Tech Support,Tier 3,Retail,71,88,64,24,24,629,40256,171.5454545,35,1,1,68,1,71,70
2025-10-23,Thursday,43,October,2025,8,Ukraine,EMEA,Ukraine Hub,RETENTION_VOICE_T2,Chat,Consumer,Retention,Tier 1,Telecom,256,257,257,0,0,208,53456,0.0,27,1,1,73,1,78,63
2022-01-27,Thursday,4,January,2022,19,Romania,EMEA,Romania Hub,RETENTION_VOICE_T2,Chat,Enterprise,Retention,Tier 2,Banking,489,511,509,2,2,885,450465,3.463796478,24,15,19,80,15,72,84
2023-02-17,Friday,7,February,2023,0,Bulgaria,EMEA,Bulgaria Hub,OUTBOUND_SALES_T2,Email,Consumer,Outbound,Tier 3,Retail,203,212,207,5,5,642,132894,15.14150943,24,4,5,77,4,87,65
2024-05-24,Friday,21,May,2024,9,United Kingdom,EMEA,London,INBOUND_VOICE_TIER1,Email,Enterprise,Inbound,Tier 3,E-commerce,217,223,217,6,6,393,85281,10.57399103,31,2,3,82,2,81,60
2025-08-05,Tuesday,32,August,2025,3,Slovakia,EMEA,Slovakia Hub,TECH_SUPPORT_EMAIL_T3,Email,Enterprise,Tech Support,Tier 1,Healthcare,302,299,298,1,1,714,212772,2.387959866,15,7,8,80,6,84,85
2025-04-11,Friday,15,April,2025,7,Portugal,EMEA,Portugal Hub,TECH_SUPPORT_EMAIL_T3,Chat,Premium,Tech Support,Tier 3,E-commerce,138,128,117,11,11,586,68562,50.359375,33,2,3,77,2,76,80
2022-12-10,Saturday,49,December,2022,0,Kenya,EMEA,Kenya Hub,EMEA_RETAIL_VOICE_T2,Voice,Premium,Support,Tier 2,Banking,373,399,373,26,26,515,192095,33.55889724,21,6,7,82,6,74,69
2022-09-08,Thursday,36,September,2022,21,Hungary,EMEA,Hungary Hub,EMEA_EMAIL_SUPPORT_T3,Voice,Premium,Support,Tier 2,Telecom,430,453,428,25,25,304,130112,16.77704194,30,4,5,90,5,86,76
2025-06-26,Thursday,26,June,2025,4,Spain,EMEA,Madrid,INBOUND_VOICE_TIER1,Voice,Enterprise,Inbound,Tier 3,Banking,222,238,224,14,14,427,95648,25.11764706,35,3,4,89,4,94,80
2022-12-30,Friday,52,December,2022,20,Slovenia,EMEA,Slovenia Hub,EMEA_CORE_EMAIL_TIER2,Voice,Premium,Support,Tier 3,Retail,103,122,116,6,6,409,47444,20.1147541,32,1,1,69,1,85,77
2024-07-02,Tuesday,27,July,2024,22,South Africa,EMEA,Cape Town,TECH_SUPPORT_EMAIL_T3,Voice,Consumer,Tech Support,Tier 2,Telecom,158,139,120,19,19,331,39720,45.24460432,30,1,1,94,1,86,81
2025-08-08,Friday,32,August,2025,15,Kenya,EMEA,Kenya Hub,EMEA_CORE_EMAIL_T2,Voice,Consumer,Support,Tier 1,E-commerce,494,500,473,27,27,694,328262,37.476,33,11,15,76,11,92,88
2021-02-18,Thursday,7,February,2021,4,Romania,EMEA,Romania Hub,EMEA_EMAIL_SUPPORT_T3,Voice,Enterprise,Support,Tier 2,Healthcare,302,305,280,25,25,484,135520,39.67213115,18,4,5,90,5,81,73
2025-03-21,Friday,12,March,2025,18,Ukraine,EMEA,Ukraine Hub,EMEA_CHAT_SUPPORT_T1,Chat,Consumer,Support,Tier 2,Retail,499,510,503,7,7,536,269608,7.356862745,28,9,12,75,9,94,76
2022-04-16,Saturday,15,April,2022,2,Czech Republic,EMEA,Czech Republic Hub,EMEA_CORE_EMAIL_T2,Chat,Premium,Support,Tier 1,Banking,197,212,193,19,19,810,156330,72.59433962,21,5,6,88,5,85,63
2024-01-11,Thursday,2,January,2024,6,Finland,EMEA,Finland Hub,EMEA_CORE_EMAIL_T2,Chat,Enterprise,Support,Tier 1,Healthcare,209,189,173,16,16,806,139438,68.23280423,33,4,5,89,4,78,71
2021-09-24,Friday,38,September,2021,7,Bulgaria,EMEA,Bulgaria Hub,RETENTION_VOICE_T2,Email,Premium,Retention,Tier 1,Retail,110,119,106,13,13,676,71656,73.8487395,30,2,3,89,3,88,88
2022-08-25,Thursday,34,August,2022,11,Finland,EMEA,Finland Hub,EMEA_CORE_EMAIL_T2,Voice,Consumer,Support,Tier 1,Healthcare,322,349,331,18,18,298,98638,15.36962751,27,3,4,93,4,73,74
2023-06-16,Friday,24,June,2023,8,United Kingdom,EMEA,London,INBOUND_VOICE_TIER1,Chat,Enterprise,Inbound,Tier 3,E-commerce,54,63,44,19,19,466,20504,140.5396825,28,0,0,73,0,86,89
2024-10-15,Tuesday,42,October,2024,21,Iceland,EMEA,Iceland Hub,EMEA_CHAT_SUPPORT_T1,Chat,Enterprise,Support,Tier 2,Banking,240,221,219,2,2,692,151548,6.262443439,16,5,6,83,5,84,77
2022-10-11,Tuesday,41,October,2022,3,Slovakia,EMEA,Slovakia Hub,INBOUND_VOICE_TIER1,Chat,Premium,Inbound,Tier 3,E-commerce,154,147,147,0,0,781,114807,0.0,28,3,4,89,4,85,82
2022-03-16,Wednesday,11,March,2022,8,Greece,EMEA,Greece Hub,OUTBOUND_SALES_T2,Email,Enterprise,Outbound,Tier 1,Banking,220,235,223,12,12,274,61102,13.99148936,17,2,2,73,1,79,64
2025-09-01,Monday,36,September,2025,15,Sweden,EMEA,Sweden Hub,EMEA_CHAT_SUPPORT_T1,Chat,Enterprise,Support,Tier 3,Telecom,319,308,307,1,1,813,249591,2.63961039,25,8,10,93,9,79,76
2025-12-21,Sunday,51,December,2025,21,Israel,EMEA,Israel Hub,RETENTION_VOICE_T2,Voice,Consumer,Retention,Tier 2,Healthcare,209,223,221,2,2,732,161772,6.565022422,23,5,6,79,5,73,68
2021-03-09,Tuesday,10,March,2021,10,Sweden,EMEA,Sweden Hub,TECH_SUPPORT_EMAIL_T3,Email,Consumer,Tech Support,Tier 1,Healthcare,91,117,92,25,25,745,68540,159.1880342,34,2,3,84,3,72,65
2023-11-21,Tuesday,47,November,2023,10,Iceland,EMEA,Iceland Hub,TECH_SUPPORT_EMAIL_T3,Email,Premium,Tech Support,Tier 1,E-commerce,103,95,87,8,8,263,22881,22.14736842,34,0,0,82,0,91,82
2022-11-29,Tuesday,48,November,2022,10,Slovakia,EMEA,Slovakia Hub,CUSTOMER_SUPPORT_CHAT_T1,Email,Premium,Customer Support,Tier 3,Banking,402,428,417,11,11,196,81732,5.037383178,32,2,3,69,2,71,87
2022-03-27,Sunday,12,March,2022,6,Finland,EMEA,Finland Hub,EMEA_EMAIL_SUPPORT_T3,Chat,Enterprise,Support,Tier 2,E-commerce,180,175,149,26,26,223,33227,33.13142857,19,1,1,85,1,94,90
2023-08-28,Monday,35,August,2023,3,Russia,EMEA,Russia Hub,EMEA_CHAT_SUPPORT_T1,Email,Premium,Support,Tier 2,Banking,419,441,423,18,18,584,247032,23.83673469,25,8,10,87,9,78,76
2025-01-22,Wednesday,4,January,2025,9,Belgium,EMEA,Belgium Hub,OUTBOUND_SALES_T2,Email,Enterprise,Outbound,Tier 3,Healthcare,201,212,199,13,13,251,49949,15.39150943,32,1,1,83,1,81,64
2023-02-13,Monday,7,February,2023,8,Poland,EMEA,Poland Hub,CUSTOMER_SUPPORT_CHAT_T1,Chat,Consumer,Customer Support,Tier 1,Banking,240,229,229,0,0,468,107172,0.0,23,3,4,66,3,77,89
2023-08-13,Sunday,32,August,2023,5,Norway,EMEA,Norway Hub,OUTBOUND_SALES_T2,Email,Premium,Outbound,Tier 1,Retail,389,405,389,16,16,762,296418,30.1037037,31,10,13,94,12,79,88
2021-08-27,Friday,34,August,2021,20,Ukraine,EMEA,Ukraine Hub,EMEA_RETAIL_VOICE_T2,Chat,Premium,Support,Tier 1,Healthcare,463,482,470,12,12,706,331820,17.57676349,23,11,14,85,12,95,64
2024-07-30,Tuesday,31,July,2024,14,Israel,EMEA,Israel Hub,RETENTION_VOICE_T2,Voice,Premium,Retention,Tier 3,Banking,341,346,341,5,5,816,278256,11.79190751,20,9,11,75,8,91,60
2025-01-28,Tuesday,5,January,2025,15,United Kingdom,EMEA,London,OUTBOUND_SALES_T2,Email,Premium,Outbound,Tier 3,Telecom,495,496,485,11,11,508,246380,11.26612903,34,8,11,78,9,83,68
2021-04-13,Tuesday,15,April,2021,4,Hungary,EMEA,Hungary Hub,TECH_SUPPORT_EMAIL_T3,Voice,Premium,Tech Support,Tier 3,Healthcare,386,398,369,29,29,195,71955,14.20854271,17,2,2,77,2,75,89
2022-10-27,Thursday,43,October,2022,1,Ireland,EMEA,Dublin,TECH_SUPPORT_EMAIL_T3,Chat,Consumer,Tech Support,Tier 2,Banking,267,279,279,0,0,387,107973,0.0,35,3,4,72,3,91,64
2024-06-03,Monday,23,June,2024,4,Luxembourg,EMEA,Luxembourg Hub,EMEA_CORE_EMAIL_T2,Voice,Enterprise,Support,Tier 1,E-commerce,57,49,41,8,8,507,20787,82.7755102,24,0,0,93,0,81,69
2021-03-09,Tuesday,10,March,2021,3,France,EMEA,Paris,EMEA_CHAT_SUPPORT_T1,Voice,Premium,Support,Tier 2,Banking,226,211,201,10,10,219,44019,10.37914692,18,1,1,72,1,78,79
2023-12-30,Saturday,52,December,2023,16,South Africa,EMEA,Cape Town,TECH_SUPPORT_EMAIL_T3,Chat,Enterprise,Tech Support,Tier 2,E-commerce,407,389,380,9,9,887,337060,20.5218509,27,11,14,76,11,78,86
2021-08-10,Tuesday,32,August,2021,11,Germany,EMEA,Berlin,RETENTION_VOICE_T2,Voice,Enterprise,Retention,Tier 3,Retail,200,204,174,30,30,291,50634,42.79411765,25,1,1,84,1,91,64
2025-03-08,Saturday,10,March,2025,5,Germany,EMEA,Berlin,INBOUND_VOICE_TIER1,Email,Enterprise,Inbound,Tier 2,Telecom,428,443,413,30,30,751,310163,50.85778781,30,10,13,79,10,94,81
2024-04-21,Sunday,16,April,2024,20,France,EMEA,Paris,EMEA_CORE_EMAIL_T2,Email,Consumer,Support,Tier 1,Retail,351,341,325,16,16,407,132275,19.09677419,32,4,5,84,4,77,76
2023-09-28,Thursday,39,September,2023,0,Slovakia,EMEA,Slovakia Hub,EMEA_CORE_EMAIL_T2,Voice,Enterprise,Support,Tier 1,E-commerce,340,325,306,19,19,899,275094,52.55692308,34,9,12,77,9,95,81
2025-01-20,Monday,4,January,2025,19,Finland,EMEA,Finland Hub,EMEA_CHAT_SUPPORT_T1,Voice,Enterprise,Support,Tier 2,E-commerce,153,173,156,17,17,520,81120,51.0982659,25,2,3,75,2,80,86
2025-04-15,Tuesday,16,April,2025,7,Bulgaria,EMEA,Bulgaria Hub,EMEA_CORE_EMAIL_TIER2,Voice,Enterprise,Support,Tier 3,Telecom,92,97,85,12,12,229,19465,28.32989691,22,0,0,87,0,73,72
2023-01-09,Monday,2,January,2023,11,United Kingdom,EMEA,London,CUSTOMER_SUPPORT_CHAT_T1,Email,Premium,Customer Support,Tier 2,Healthcare,303,333,319,14,14,752,239888,31.61561562,20,8,10,70,7,73,65
2025-11-16,Sunday,46,November,2025,0,Belgium,EMEA,Belgium Hub,EMEA_RETAIL_VOICE_T2,Email,Premium,Support,Tier 2,Retail,334,355,339,16,16,467,158313,21.04788732,33,5,7,92,6,72,68
2024-06-02,Sunday,22,June,2024,7,South Africa,EMEA,Cape Town,OUTBOUND_SALES_T2,Voice,Premium,Outbound,Tier 1,Banking,241,250,221,29,29,609,134589,70.644,22,4,5,95,5,85,61
2023-08-08,Tuesday,32,August,2023,3,Hungary,EMEA,Hungary Hub,EMEA_CHAT_SUPPORT_T1,Chat,Premium,Support,Tier 1,E-commerce,219,230,223,7,7,466,103918,14.1826087,22,3,4,68,3,95,86
2024-07-14,Sunday,28,July,2024,5,Israel,EMEA,Israel Hub,TECH_SUPPORT_EMAIL_T3,Voice,Enterprise,Tech Support,Tier 2,Banking,237,248,239,9,9,513,122607,18.61693548,23,4,5,83,4,75,66
2025-09-15,Monday,38,September,2025,21,Kenya,EMEA,Kenya Hub,RETENTION_VOICE_T2,Chat,Consumer,Retention,Tier 2,Telecom,456,476,453,23,23,417,188901,20.14915966,33,6,8,77,6,93,68
2021-10-11,Monday,41,October,2021,20,Turkey,EMEA,Turkey Hub,TECH_SUPPORT_EMAIL_T3,Email,Enterprise,Tech Support,Tier 3,Retail,112,109,106,3,3,711,75366,19.56880734,30,2,3,67,2,85,64
2023-10-11,Wednesday,41,October,2023,0,South Africa,EMEA,Cape Town,EMEA_CORE_EMAIL_TIER2,Chat,Consumer,Support,Tier 1,Telecom,186,200,187,13,13,245,45815,15.925,29,1,1,65,1,84,87
2024-06-15,Saturday,24,June,2024,1,Russia,EMEA,Russia Hub,EMEA_RETAIL_VOICE_T2,Email,Premium,Support,Tier 3,Banking,302,290,261,29,29,376,98136,37.6,15,3,3,80,2,77,81
2021-03-19,Friday,11,March,2021,18,Slovakia,EMEA,Slovakia Hub,RETENTION_VOICE_T2,Voice,Consumer,Retention,Tier 3,Retail,256,282,269,13,13,775,208475,35.72695035,19,7,8,73,6,94,79
2021-04-22,Thursday,16,April,2021,7,Spain,EMEA,Madrid,EMEA_CORE_EMAIL_TIER2,Voice,Premium,Support,Tier 3,Banking,331,319,296,23,23,398,117808,28.69592476,29,4,5,77,4,77,86
2024-09-12,Thursday,37,September,2024,0,Spain,EMEA,Madrid,EMEA_CORE_EMAIL_TIER2,Chat,Consumer,Support,Tier 2,E-commerce,193,186,159,27,27,858,136422,124.5483871,20,4,5,72,4,74,76
2021-02-01,Monday,5,February,2021,17,Poland,EMEA,Poland Hub,EMEA_CORE_EMAIL_TIER2,Voice,Enterprise,Support,Tier 1,Banking,429,453,431,22,22,492,212052,23.89403974,24,7,9,78,7,94,73
2025-10-01,Wednesday,40,October,2025,21,Finland,EMEA,Finland Hub,EMEA_CHAT_SUPPORT_T1,Voice,Premium,Support,Tier 3,Telecom,170,200,200,0,0,544,108800,0.0,27,3,4,73,3,84,63
2022-08-23,Tuesday,34,August,2022,5,Bulgaria,EMEA,Bulgaria Hub,RETENTION_VOICE_T2,Email,Premium,Retention,Tier 1,E-commerce,57,86,66,20,20,508,33528,118.1395349,19,1,1,65,1,89,69
2025-05-22,Thursday,21,May,2025,9,France,EMEA,Paris,CUSTOMER_SUPPORT_CHAT_T1,Voice,Premium,Customer Support,Tier 2,E-commerce,366,358,334,24,24,844,281896,56.58100559,19,9,11,70,8,84,62
2025-10-07,Tuesday,41,October,2025,1,Greece,EMEA,Greece Hub,CUSTOMER_SUPPORT_CHAT_T1,Email,Enterprise,Customer Support,Tier 1,Retail,410,398,369,29,29,424,156456,30.89447236,22,5,6,68,4,76,89
2025-11-15,Saturday,46,November,2025,10,Morocco,EMEA,Morocco Hub,EMEA_RETAIL_VOICE_T2,Chat,Premium,Support,Tier 1,Healthcare,165,153,152,1,1,852,129504,5.568627451,16,4,5,81,4,92,90
2023-06-22,Thursday,25,June,2023,13,Slovakia,EMEA,Slovakia Hub,CUSTOMER_SUPPORT_CHAT_T1,Email,Premium,Customer Support,Tier 2,Healthcare,335,317,303,14,14,468,141804,20.66876972,22,4,5,79,4,95,63
2024-01-02,Tuesday,1,January,2024,18,Germany,EMEA,Berlin,INBOUND_VOICE_TIER1,Chat,Enterprise,Inbound,Tier 1,Healthcare,71,61,51,10,10,202,10302,33.1147541,26,0,0,85,0,90,90
2024-02-04,Sunday,5,February,2024,20,Slovenia,EMEA,Slovenia Hub,EMEA_CORE_EMAIL_T2,Chat,Enterprise,Support,Tier 2,Telecom,129,129,115,14,14,326,37490,35.37984496,31,1,1,86,1,94,87
2024-10-08,Tuesday,41,October,2024,13,Germany,EMEA,Berlin,EMEA_CORE_EMAIL_TIER2,Chat,Premium,Support,Tier 2,Telecom,451,477,450,27,27,218,98100,12.33962264,34,3,4,92,4,76,81
2022-05-18,Wednesday,20,May,2022,22,Israel,EMEA,Israel Hub,INBOUND_VOICE_TIER1,Voice,Enterprise,Inbound,Tier 2,Healthcare,278,260,250,10,10,196,49000,7.538461539,33,1,1,86,1,86,90
2023-09-04,Monday,36,September,2023,12,Ireland,EMEA,Dublin,EMEA_RETAIL_VOICE_T2,Email,Consumer,Support,Tier 3,Retail,350,337,328,9,9,459,150552,12.25816024,35,5,7,72,5,80,68
2021-06-12,Saturday,23,June,2021,2,Slovakia,EMEA,Slovakia Hub,TECH_SUPPORT_EMAIL_T3,Chat,Enterprise,Tech Support,Tier 1,E-commerce,458,455,454,1,1,187,84898,0.410989011,15,2,2,81,2,71,90
2022-01-12,Wednesday,2,January,2022,22,Finland,EMEA,Finland Hub,EMEA_RETAIL_VOICE_T2,Chat,Enterprise,Support,Tier 2,Banking,338,350,332,18,18,467,155044,24.01714286,33,5,7,78,5,79,62
2022-11-14,Monday,46,November,2022,4,Italy,EMEA,Rome,RETENTION_VOICE_T2,Chat,Premium,Retention,Tier 3,Banking,294,305,280,25,25,644,180320,52.78688525,30,6,8,86,7,75,70
2022-12-05,Monday,49,December,2022,23,United Kingdom,EMEA,London,EMEA_EMAIL_SUPPORT_T3,Voice,Enterprise,Support,Tier 3,Retail,62,56,45,11,11,703,31635,138.0892857,21,1,1,67,1,78,79
2025-07-22,Tuesday,30,July,2025,6,Russia,EMEA,Russia Hub,CUSTOMER_SUPPORT_CHAT_T1,Voice,Consumer,Customer Support,Tier 1,E-commerce,492,486,460,26,26,192,88320,10.27160494,23,3,4,79,3,72,72
2025-06-03,Tuesday,23,June,2025,8,Morocco,EMEA,Morocco Hub,TECH_SUPPORT_EMAIL_T3,Email,Premium,Tech Support,Tier 3,Banking,243,261,244,17,17,193,47092,12.57088123,21,1,1,67,1,75,63
2021-04-14,Wednesday,15,April,2021,2,Bulgaria,EMEA,Bulgaria Hub,TECH_SUPPORT_EMAIL_T3,Voice,Premium,Tech Support,Tier 2,Telecom,160,159,156,3,3,813,126828,15.33962264,20,4,5,77,4,87,65
2022-06-18,Saturday,24,June,2022,18,Sweden,EMEA,Sweden Hub,EMEA_CORE_EMAIL_T2,Email,Enterprise,Support,Tier 2,Retail,364,385,365,20,20,388,141620,20.15584416,27,4,5,68,3,76,73
2024-09-11,Wednesday,37,September,2024,5,Russia,EMEA,Russia Hub,EMEA_RETAIL_VOICE_T2,Email,Premium,Support,Tier 2,Telecom,250,247,243,4,4,777,188811,12.58299595,15,6,7,85,6,78,84
2025-06-16,Monday,25,June,2025,11,Spain,EMEA,Madrid,TECH_SUPPORT_EMAIL_T3,Voice,Consumer,Tech Support,Tier 1,Healthcare,468,480,477,3,3,565,269505,3.53125,27,9,11,76,8,74,60
2024-07-22,Monday,30,July,2024,15,Ireland,EMEA,Dublin,EMEA_RETAIL_VOICE_T2,Voice,Enterprise,Support,Tier 3,Telecom,346,373,354,19,19,337,119298,17.16621984,18,4,5,67,3,74,77
2021-03-11,Thursday,10,March,2021,9,Ireland,EMEA,Dublin,CUSTOMER_SUPPORT_CHAT_T1,Chat,Consumer,Customer Support,Tier 1,Banking,142,165,139,26,26,710,98690,111.8787879,23,3,4,79,3,94,76
2021-09-20,Monday,38,September,2021,9,Ukraine,EMEA,Ukraine Hub,CUSTOMER_SUPPORT_CHAT_T1,Chat,Enterprise,Customer Support,Tier 3,Healthcare,483,486,471,15,15,271,127641,8.364197531,31,4,5,74,4,81,70
2025-01-09,Thursday,2,January,2025,18,Bulgaria,EMEA,Bulgaria Hub,TECH_SUPPORT_EMAIL_T3,Voice,Premium,Tech Support,Tier 1,Telecom,380,398,398,0,0,824,327952,0.0,27,11,14,78,11,83,65
2024-03-10,Sunday,10,March,2024,17,Ireland,EMEA,Dublin,CUSTOMER_SUPPORT_CHAT_T1,Chat,Consumer,Customer Support,Tier 3,Healthcare,306,315,286,29,29,328,93808,30.1968254,35,3,4,90,4,79,65
2024-04-29,Monday,18,April,2024,1,Greece,EMEA,Greece Hub,EMEA_EMAIL_SUPPORT_T3,Email,Premium,Support,Tier 2,E-commerce,288,306,302,4,4,328,99056,4.287581699,35,3,4,81,3,95,63
2022-11-14,Monday,46,November,2022,5,United Kingdom,EMEA,London,EMEA_CORE_EMAIL_TIER2,Voice,Premium,Support,Tier 3,Telecom,479,506,495,11,11,260,128700,5.652173913,21,4,5,95,5,93,65
2025-04-23,Wednesday,17,April,2025,6,Belgium,EMEA,Belgium Hub,EMEA_CHAT_SUPPORT_T1,Voice,Consumer,Support,Tier 3,Banking,462,484,480,4,4,251,120480,2.074380165,25,4,5,75,4,72,75
2023-09-14,Thursday,37,September,2023,3,Portugal,EMEA,Portugal Hub,EMEA_CORE_EMAIL_T2,Email,Premium,Support,Tier 2,Banking,277,291,268,23,23,782,209576,61.80756014,28,7,9,87,8,89,66
2022-06-04,Saturday,22,June,2022,21,Norway,EMEA,Norway Hub,CUSTOMER_SUPPORT_CHAT_T1,Chat,Premium,Customer Support,Tier 1,Telecom,360,376,352,24,24,837,294624,53.42553191,31,10,13,79,10,82,88
2021-01-29,Friday,4,January,2021,5,Ireland,EMEA,Dublin,OUTBOUND_SALES_T2,Voice,Premium,Outbound,Tier 2,Healthcare,151,135,110,25,25,207,22770,38.33333333,30,0,0,93,0,94,72
2024-05-16,Thursday,20,May,2024,3,Ukraine,EMEA,Ukraine Hub,TECH_SUPPORT_EMAIL_T3,Chat,Consumer,Tech Support,Tier 3,Healthcare,388,414,407,7,7,625,254375,10.56763285,32,8,11,78,9,77,72
2021-06-29,Tuesday,26,June,2021,12,Spain,EMEA,Madrid,INBOUND_VOICE_TIER1,Email,Consumer,Inbound,Tier 3,Retail,169,189,187,2,2,474,88638,5.015873016,35,3,4,78,3,72,72
2021-04-11,Sunday,14,April,2021,9,Slovakia,EMEA,Slovakia Hub,CUSTOMER_SUPPORT_CHAT_T1,Email,Consumer,Customer Support,Tier 3,Retail,66,59,31,28,28,292,9052,138.5762712,19,0,0,95,0,76,62
2024-08-28,Wednesday,35,August,2024,20,Italy,EMEA,Rome,EMEA_RETAIL_VOICE_T2,Chat,Consumer,Support,Tier 1,Banking,250,260,240,20,20,278,66720,21.38461538,29,2,3,88,3,73,66
2025-10-30,Thursday,44,October,2025,5,Slovenia,EMEA,Slovenia Hub,RETENTION_VOICE_T2,Chat,Premium,Retention,Tier 1,Healthcare,54,64,40,24,24,313,12520,117.375,34,0,0,72,0,86,62
2022-01-05,Wednesday,1,January,2022,10,Romania,EMEA,Romania Hub,CUSTOMER_SUPPORT_CHAT_T1,Chat,Consumer,Customer Support,Tier 1,Telecom,254,269,242,27,27,249,60258,24.99256506,24,2,2,94,2,82,76
2025-05-24,Saturday,21,May,2025,7,Romania,EMEA,Romania Hub,EMEA_CHAT_SUPPORT_T1,Voice,Premium,Support,Tier 2,E-commerce,94,121,101,20,20,685,69185,113.2231405,31,2,3,94,3,91,72
2022-06-13,Monday,24,June,2022,12,Italy,EMEA,Rome,OUTBOUND_SALES_T2,Chat,Premium,Outbound,Tier 3,Retail,486,499,476,23,23,818,389368,37.70340681,27,13,17,70,12,89,60
2023-09-10,Sunday,36,September,2023,10,France,EMEA,Paris,EMEA_EMAIL_SUPPORT_T3,Voice,Consumer,Support,Tier 3,Telecom,105,119,112,7,7,582,65184,34.23529412,25,2,3,91,3,94,77
2023-03-20,Monday,12,March,2023,8,Hungary,EMEA,Hungary Hub,OUTBOUND_SALES_T2,Chat,Premium,Outbound,Tier 2,E-commerce,327,348,319,29,29,728,232232,60.66666667,24,8,10,74,7,85,79
2022-12-18,Sunday,50,December,2022,0,South Africa,EMEA,Cape Town,TECH_SUPPORT_EMAIL_T3,Voice,Enterprise,Tech Support,Tier 3,E-commerce,89,92,75,17,17,561,42075,103.6630435,19,1,1,69,1,90,66
2024-06-16,Sunday,24,June,2024,5,Portugal,EMEA,Portugal Hub,RETENTION_VOICE_T2,Voice,Premium,Retention,Tier 3,E-commerce,429,427,408,19,19,645,263160,28.70023419,21,9,11,82,9,88,68
2025-03-15,Saturday,11,March,2025,21,Slovakia,EMEA,Slovakia Hub,EMEA_CHAT_SUPPORT_T1,Email,Premium,Support,Tier 2,Banking,241,237,209,28,28,560,117040,66.16033755,18,4,5,67,3,72,82
2022-09-26,Monday,39,September,2022,8,Poland,EMEA,Poland Hub,RETENTION_VOICE_T2,Voice,Premium,Retention,Tier 1,Banking,498,480,466,14,14,838,390508,24.44166667,27,13,17,94,16,77,83
2025-05-04,Sunday,18,May,2025,0,Germany,EMEA,Berlin,EMEA_CHAT_SUPPORT_T1,Email,Enterprise,Support,Tier 1,Banking,74,103,74,29,29,884,65416,248.8932039,30,2,3,81,2,85,61
2022-06-29,Wednesday,26,June,2022,22,Luxembourg,EMEA,Luxembourg Hub,OUTBOUND_SALES_T2,Email,Enterprise,Outbound,Tier 2,Telecom,122,135,114,21,21,732,83448,113.8666667,32,2,3,71,2,72,82
2023-11-07,Tuesday,45,November,2023,8,Belgium,EMEA,Belgium Hub,EMEA_EMAIL_SUPPORT_T3,Email,Premium,Support,Tier 1,E-commerce,283,309,292,17,17,840,245280,46.21359223,25,8,10,89,9,89,79
2023-08-10,Thursday,32,August,2023,11,Sweden,EMEA,Sweden Hub,EMEA_CORE_EMAIL_TIER2,Chat,Enterprise,Support,Tier 3,Retail,129,129,101,28,28,266,26866,57.73643411,17,0,0,76,0,95,82
2025-04-24,Thursday,17,April,2025,7,Turkey,EMEA,Turkey Hub,RETENTION_VOICE_T2,Voice,Premium,Retention,Tier 3,Healthcare,121,142,120,22,22,769,92280,119.1408451,28,3,4,89,4,83,76
2024-07-06,Saturday,27,July,2024,13,Denmark,EMEA,Denmark Hub,INBOUND_VOICE_TIER1,Email,Consumer,Inbound,Tier 1,Healthcare,248,273,243,30,30,616,149688,67.69230769,20,5,6,65,4,70,62
2021-05-25,Tuesday,21,May,2021,23,Iceland,EMEA,Iceland Hub,RETENTION_VOICE_T2,Voice,Premium,Retention,Tier 3,Retail,147,127,117,10,10,718,84006,56.53543307,34,2,3,69,2,77,61
2021-09-15,Wednesday,37,September,2021,8,Greece,EMEA,Greece Hub,EMEA_CHAT_SUPPORT_T1,Voice,Consumer,Support,Tier 1,Retail,142,146,128,18,18,756,96768,93.20547945,32,3,4,83,3,86,62
2021-04-19,Monday,16,April,2021,10,Portugal,EMEA,Portugal Hub,EMEA_CORE_EMAIL_TIER2,Chat,Consumer,Support,Tier 2,Healthcare,360,389,378,11,11,293,110754,8.285347044,19,3,4,76,3,87,87
2022-08-04,Thursday,31,August,2022,21,Hungary,EMEA,Hungary Hub,EMEA_CORE_EMAIL_TIER2,Voice,Consumer,Support,Tier 2,Healthcare,419,399,377,22,22,619,233363,34.13032581,17,8,9,87,8,81,68
2021-02-19,Friday,7,February,2021,17,Russia,EMEA,Russia Hub,INBOUND_VOICE_TIER1,Voice,Premium,Inbound,Tier 1,E-commerce,94,78,50,28,28,405,20250,145.3846154,30,0,0,79,0,73,81
2023-11-30,Thursday,48,November,2023,23,Turkey,EMEA,Turkey Hub,OUTBOUND_SALES_T2,Chat,Premium,Outbound,Tier 3,Healthcare,107,137,121,16,16,802,97042,93.66423358,32,3,4,81,3,86,66
2022-05-08,Sunday,18,May,2022,13,United Kingdom,EMEA,London,EMEA_EMAIL_SUPPORT_T3,Chat,Consumer,Support,Tier 1,Telecom,368,349,332,17,17,828,274896,40.33237822,17,9,11,95,10,93,85
2021-08-28,Saturday,34,August,2021,14,Sweden,EMEA,Sweden Hub,EMEA_EMAIL_SUPPORT_T3,Voice,Premium,Support,Tier 2,Telecom,429,455,426,29,29,761,324186,48.5032967,26,11,14,73,10,89,85
2022-08-16,Tuesday,33,August,2022,12,Italy,EMEA,Rome,CUSTOMER_SUPPORT_CHAT_T1,Voice,Consumer,Customer Support,Tier 2,Banking,269,271,244,27,27,320,78080,31.88191882,34,2,3,89,3,82,86
2021-11-06,Saturday,44,November,2021,10,Czech Republic,EMEA,Czech Republic Hub,CUSTOMER_SUPPORT_CHAT_T1,Email,Premium,Customer Support,Tier 1,Telecom,138,149,146,3,3,192,28032,3.865771812,30,0,0,90,0,84,75
2021-12-27,Monday,52,December,2021,21,Luxembourg,EMEA,Luxembourg Hub,OUTBOUND_SALES_T2,Voice,Consumer,Outbound,Tier 3,Telecom,483,510,491,19,19,345,169395,12.85294118,21,5,6,79,5,90,65
2022-06-23,Thursday,25,June,2022,8,Belgium,EMEA,Belgium Hub,CUSTOMER_SUPPORT_CHAT_T1,Chat,Premium,Customer Support,Tier 1,Healthcare,353,373,352,21,21,622,218944,35.01876676,15,7,8,86,7,89,67
2024-06-09,Sunday,23,June,2024,20,Slovakia,EMEA,Slovakia Hub,EMEA_CORE_EMAIL_T2,Voice,Premium,Support,Tier 1,Healthcare,413,434,415,19,19,703,291745,30.7764977,28,10,13,73,9,92,70
2023-09-26,Tuesday,39,September,2023,17,United Kingdom,EMEA,London,TECH_SUPPORT_EMAIL_T3,Email,Consumer,Tech Support,Tier 2,Telecom,274,279,255,24,24,767,195585,65.97849462,21,6,7,83,6,70,60
2025-01-07,Tuesday,2,January,2025,22,Russia,EMEA,Russia Hub,CUSTOMER_SUPPORT_CHAT_T1,Chat,Premium,Customer Support,Tier 3,E-commerce,217,244,216,28,28,467,100872,53.59016393,23,3,4,85,3,80,83
2023-02-26,Sunday,8,February,2023,11,Iceland,EMEA,Iceland Hub,INBOUND_VOICE_TIER1,Voice,Premium,Inbound,Tier 2,Banking,342,343,316,27,27,609,192444,47.93877551,20,6,7,67,5,78,90
2025-09-23,Tuesday,39,September,2025,13,Sweden,EMEA,Sweden Hub,EMEA_RETAIL_VOICE_T2,Voice,Consumer,Support,Tier 2,Retail,460,462,448,14,14,622,278656,18.84848485,20,9,11,93,10,82,68
2025-01-13,Monday,3,January,2025,7,South Africa,EMEA,Cape Town,RETENTION_VOICE_T2,Chat,Premium,Retention,Tier 3,Banking,234,261,248,13,13,662,164176,32.97318008,31,5,7,91,6,95,69
2023-02-24,Friday,8,February,2023,13,South Africa,EMEA,Cape Town,EMEA_EMAIL_SUPPORT_T3,Voice,Enterprise,Support,Tier 1,Retail,478,497,492,5,5,321,157932,3.229376258,28,5,6,87,5,85,71
2022-07-05,Tuesday,27,July,2022,4,Czech Republic,EMEA,Czech Republic Hub,INBOUND_VOICE_TIER1,Chat,Consumer,Inbound,Tier 2,Retail,471,452,431,21,21,218,93958,10.12831858,18,3,4,73,3,77,84
2025-12-20,Saturday,51,December,2025,22,Ireland,EMEA,Dublin,TECH_SUPPORT_EMAIL_T3,Chat,Premium,Tech Support,Tier 2,Telecom,200,213,196,17,17,840,164640,67.04225352,34,5,7,70,5,81,81
2023-07-03,Monday,27,July,2023,18,Ireland,EMEA,Dublin,EMEA_EMAIL_SUPPORT_T3,Voice,Enterprise,Support,Tier 1,Healthcare,424,409,387,22,22,671,259677,36.09290954,29,9,12,65,8,77,75
2023-03-18,Saturday,11,March,2023,17,Iceland,EMEA,Iceland Hub,EMEA_CORE_EMAIL_T2,Chat,Premium,Support,Tier 1,Banking,274,294,266,28,28,443,117838,42.19047619,16,4,5,90,5,84,89
2024-10-08,Tuesday,41,October,2024,13,Romania,EMEA,Romania Hub,INBOUND_VOICE_TIER1,Voice,Enterprise,Inbound,Tier 1,Healthcare,377,363,341,22,22,899,306559,54.48484848,32,10,13,81,11,83,66
2025-04-06,Sunday,14,April,2025,17,Slovenia,EMEA,Slovenia Hub,EMEA_CORE_EMAIL_TIER2,Voice,Consumer,Support,Tier 2,Banking,197,221,192,29,29,532,102144,69.80995475,18,3,4,92,4,73,70
2021-03-14,Sunday,10,March,2021,23,South Africa,EMEA,Cape Town,EMEA_EMAIL_SUPPORT_T3,Voice,Enterprise,Support,Tier 2,Banking,327,355,326,29,29,558,181908,45.58309859,21,6,7,65,5,78,87
